match_id,match_date,team1,team2,score1,score2,source_url
556038,2025-10-25,TSM,Team Solid,3,0,https://www.vlr.gg/556038/tsm-vs-team-solid-vct-2025-americas-ascension-lbf
551847,2025-10-26,BOOM Esports,Nongshim RedForce,1,3,https://www.vlr.gg/551847/boom-esports-vs-nongshim-redforce-vct-2025-pacific-ascension-lbf
556036,2025-10-26,ENVY,TSM,3,1,https://www.vlr.gg/556036/envy-vs-tsm-vct-2025-americas-ascension-gf
568922,2025-10-26,Nova Esports GC,Ambitious Legend Gaming GC,3,1,https://www.vlr.gg/568922/nova-esports-gc-vs-ambitious-legend-gaming-gc-game-changers-2025-china-stage-2-gf
574584,2025-10-26,BBL PCIFIC,DNSTY,3,1,https://www.vlr.gg/574584/bbl-pcific-vs-dnsty-vct-2025-emea-ascension-sf
578603,2025-10-27,AlQadsiah Corals,Falke Esports,3,13,https://www.vlr.gg/578603/alqadsiah-corals-vs-falke-esports-project-blender-2025-spotlight-opening-a
578604,2025-10-27,S2G Esports Female,NOVO Nightingale,13,3,https://www.vlr.gg/578604/s2g-esports-female-vs-novo-nightingale-project-blender-2025-spotlight-opening-a
578605,2025-10-27,Falke Esports,S2G Esports Female,16,14,https://www.vlr.gg/578605/falke-esports-vs-s2g-esports-female-project-blender-2025-spotlight-winners-a
578606,2025-10-27,AlQadsiah Corals,NOVO Nightingale,3,13,https://www.vlr.gg/578606/alqadsiah-corals-vs-novo-nightingale-project-blender-2025-spotlight-elim-a
578607,2025-10-27,S2G Esports Female,NOVO Nightingale,4,13,https://www.vlr.gg/578607/s2g-esports-female-vs-novo-nightingale-project-blender-2025-spotlight-decider-a
578608,2025-10-28,FMCL MIX,ZETA Gaming,13,7,https://www.vlr.gg/578608/fmcl-mix-vs-zeta-gaming-project-blender-2025-spotlight-opening-b
578609,2025-10-28,ALTERNATE aTTaX,RAFHA eSPORTS,13,3,https://www.vlr.gg/578609/alternate-attax-vs-rafha-esports-project-blender-2025-spotlight-opening-b
578610,2025-10-28,FMCL MIX,ALTERNATE aTTaX,12,14,https://www.vlr.gg/578610/fmcl-mix-vs-alternate-attax-project-blender-2025-spotlight-winners-b
578611,2025-10-28,ZETA Gaming,RAFHA eSPORTS,5,13,https://www.vlr.gg/578611/zeta-gaming-vs-rafha-esports-project-blender-2025-spotlight-elim-b
578612,2025-10-28,FMCL MIX,RAFHA eSPORTS,17,15,https://www.vlr.gg/578612/fmcl-mix-vs-rafha-esports-project-blender-2025-spotlight-decider-b
578670,2025-10-28,Team Secret,Xipto Esports,7,13,https://www.vlr.gg/578670/team-secret-vs-xipto-esports-predator-league-2026-philippines-r1
578671,2025-10-28,Oasis Gaming,KADILIMAN,13,3,https://www.vlr.gg/578671/oasis-gaming-vs-kadiliman-predator-league-2026-philippines-r1
578672,2025-10-28,DRIP CACHE PH,DLSU Green Aces,12,14,https://www.vlr.gg/578672/drip-cache-ph-vs-dlsu-green-aces-predator-league-2026-philippines-r1
578673,2025-10-28,OLFU Ember Phoenix,PH Rejects,7,13,https://www.vlr.gg/578673/olfu-ember-phoenix-vs-ph-rejects-predator-league-2026-philippines-r1
578674,2025-10-29,DLSU Green Aces,Oasis Gaming,4,13,https://www.vlr.gg/578674/dlsu-green-aces-vs-oasis-gaming-predator-league-2026-philippines-r2
578675,2025-10-29,Xipto Esports,PH Rejects,13,7,https://www.vlr.gg/578675/xipto-esports-vs-ph-rejects-predator-league-2026-philippines-r2
578676,2025-10-29,KADILIMAN,Team Secret,13,10,https://www.vlr.gg/578676/kadiliman-vs-team-secret-predator-league-2026-philippines-r2
578677,2025-10-29,OLFU Ember Phoenix,DRIP CACHE PH,13,9,https://www.vlr.gg/578677/olfu-ember-phoenix-vs-drip-cache-ph-predator-league-2026-philippines-r2
572880,2025-10-30,T1 Spotlight,Global Esports Spotlight,2,1,https://www.vlr.gg/572880/t1-spotlight-vs-global-esports-spotlight-spotlight-series-2025-pacific-x-ges-asia-r1
572881,2025-10-30,RRQ Spotlight,DRX Spotlight,2,0,https://www.vlr.gg/572881/rrq-spotlight-vs-drx-spotlight-spotlight-series-2025-pacific-x-ges-asia-r1
578678,2025-10-30,Oasis Gaming,Xipto Esports,13,8,https://www.vlr.gg/578678/oasis-gaming-vs-xipto-esports-predator-league-2026-philippines-r3
578679,2025-10-30,DLSU Green Aces,OLFU Ember Phoenix,13,9,https://www.vlr.gg/578679/dlsu-green-aces-vs-olfu-ember-phoenix-predator-league-2026-philippines-r3
578680,2025-10-30,PH Rejects,KADILIMAN,7,13,https://www.vlr.gg/578680/ph-rejects-vs-kadiliman-predator-league-2026-philippines-r3
579972,2025-10-30,FULL SENSE,Dekhudaim,2,0,https://www.vlr.gg/579972/full-sense-vs-dekhudaim-predator-league-2026-thailand-ubqf
579974,2025-10-30,TALON Academy,Hai yai yai,0,2,https://www.vlr.gg/579974/talon-academy-vs-hai-yai-yai-predator-league-2026-thailand-ubqf
545705,2025-10-31,Oasis Gaming,DLSU Green Aces,2,0,https://www.vlr.gg/545705/oasis-gaming-vs-dlsu-green-aces-predator-league-2026-philippines-sf
545706,2025-10-31,Xipto Esports,KADILIMAN,2,0,https://www.vlr.gg/545706/xipto-esports-vs-kadiliman-predator-league-2026-philippines-sf
572882,2025-10-31,Global Esports Spotlight,RRQ Spotlight,1,2,https://www.vlr.gg/572882/global-esports-spotlight-vs-rrq-spotlight-spotlight-series-2025-pacific-x-ges-asia-r2
572883,2025-10-31,T1 Spotlight,DRX Spotlight,0,2,https://www.vlr.gg/572883/t1-spotlight-vs-drx-spotlight-spotlight-series-2025-pacific-x-ges-asia-r2
580023,2025-10-31,FULL SENSE,Team NKT,2,0,https://www.vlr.gg/580023/full-sense-vs-team-nkt-predator-league-2026-thailand-ubsf
580024,2025-10-31,Hai yai yai,superdog,2,0,https://www.vlr.gg/580024/hai-yai-yai-vs-superdog-predator-league-2026-thailand-ubsf
580569,2025-10-31,E-KING,Armour Esports,13,1,https://www.vlr.gg/580569/e-king-vs-armour-esports-predator-league-2026-oceania-gf
580577,2025-10-31,Full House,Somalian storm,13,9,https://www.vlr.gg/580577/full-house-vs-somalian-storm-predator-league-2026-oceania-gf
572884,2025-11-01,T1 Spotlight,RRQ Spotlight,0,2,https://www.vlr.gg/572884/t1-spotlight-vs-rrq-spotlight-spotlight-series-2025-pacific-x-ges-asia-r3
572885,2025-11-01,DRX Spotlight,Global Esports Spotlight,2,1,https://www.vlr.gg/572885/drx-spotlight-vs-global-esports-spotlight-spotlight-series-2025-pacific-x-ges-asia-r3
572886,2025-11-01,RRQ Spotlight,DRX Spotlight,3,0,https://www.vlr.gg/572886/rrq-spotlight-vs-drx-spotlight-spotlight-series-2025-pacific-x-ges-asia-gf
573124,2025-11-01,E-KING,DYNASTY WARRIOR,13,9,https://www.vlr.gg/573124/e-king-vs-dynasty-warrior-predator-league-2026-oceania-sf
573125,2025-11-01,Full House,BEYS,13,5,https://www.vlr.gg/573125/full-house-vs-beys-predator-league-2026-oceania-sf
573126,2025-11-01,DYNASTY WARRIOR,BEYS,13,9,https://www.vlr.gg/573126/dynasty-warrior-vs-beys-predator-league-2026-oceania-cf
573127,2025-11-01,E-KING,Full House,2,0,https://www.vlr.gg/573127/e-king-vs-full-house-predator-league-2026-oceania-gf
573970,2025-11-01,MIBR GC,Wadadaa,2,0,https://www.vlr.gg/573970/mibr-gc-vs-wadadaa-game-changers-2025-americas-last-chance-qualifier-rr
573971,2025-11-01,Akave Esports GC,Wadadaa,1,2,https://www.vlr.gg/573971/akave-esports-gc-vs-wadadaa-game-changers-2025-americas-last-chance-qualifier-rr
573972,2025-11-01,Akave Esports GC,MIBR GC,0,2,https://www.vlr.gg/573972/akave-esports-gc-vs-mibr-gc-game-changers-2025-americas-last-chance-qualifier-rr
579417,2025-11-01,BOOM Esports,ABC,2,0,https://www.vlr.gg/579417/boom-esports-vs-abc-predator-league-2026-indonesia-qf
579418,2025-11-01,Team SES,Kertanegara Esports,1,2,https://www.vlr.gg/579418/team-ses-vs-kertanegara-e-sports-predator-league-2026-indonesia-qf
580586,2025-11-01,OG,BEYS,7,13,https://www.vlr.gg/580586/og-vs-beys-predator-league-2026-oceania-gf
580593,2025-11-01,Get A Job,DYNASTY WARRIOR,14,16,https://www.vlr.gg/580593/get-a-job-vs-dynasty-warrior-predator-league-2026-oceania-gf
580596,2025-11-01,Team NKT,TALON Academy,2,0,https://www.vlr.gg/580596/team-nkt-vs-talon-academy-predator-league-2026-thailand-lr2
580816,2025-11-01,superdog,Team NKT,0,2,https://www.vlr.gg/580816/superdog-vs-team-nkt-predator-league-2026-thailand-lr3
540553,2025-11-02,MIBR GC,Wadadaa,3,1,https://www.vlr.gg/540553/mibr-gc-vs-wadadaa-game-changers-2025-americas-last-chance-qualifier-gf
572110,2025-11-02,G2 Gozen,Twisted Minds Orchid,3,0,https://www.vlr.gg/572110/g2-gozen-vs-twisted-minds-orchid-game-changers-2025-emea-stage-3-gf
579066,2025-11-02,Motiv Esports,Forgive Us,2,0,https://www.vlr.gg/579066/motiv-esports-vs-forgive-us-predator-league-2026-singapore-gf
579072,2025-11-02,Forgive Us,ECHO Esports,2,0,https://www.vlr.gg/579072/forgive-us-vs-echo-esports-predator-league-2026-singapore-lbf
579419,2025-11-02,Team Nemesis,Rudi Family,2,0,https://www.vlr.gg/579419/team-nemesis-vs-rudi-family-predator-league-2026-indonesia-qf
579420,2025-11-02,EVOS ARF,La Familia,0,2,https://www.vlr.gg/579420/evos-arf-vs-la-familia-predator-league-2026-indonesia-qf
580594,2025-11-02,FULL SENSE,Hai yai yai,2,0,https://www.vlr.gg/580594/full-sense-vs-hai-yai-yai-predator-league-2026-thailand-ubf
580817,2025-11-02,Hai yai yai,Team NKT,1,2,https://www.vlr.gg/580817/hai-yai-yai-vs-team-nkt-predator-league-2026-thailand-lbf
578614,2025-11-03,Falke Esports,FMCL MIX,2,1,https://www.vlr.gg/578614/falke-esports-vs-fmcl-mix-project-blender-2025-spotlight-sf
578615,2025-11-03,ALTERNATE aTTaX,NOVO Nightingale,2,0,https://www.vlr.gg/578615/alternate-attax-vs-novo-nightingale-project-blender-2025-spotlight-sf
581634,2025-11-03,Eternal Fire,Papara SuperMassive,2,0,https://www.vlr.gg/581634/eternal-fire-vs-papara-supermassive-monsters-reloaded-2025-opening
581641,2025-11-03,Fire Flux Esports,S2G Esports,0,2,https://www.vlr.gg/581641/fire-flux-esports-vs-s2g-esports-monsters-reloaded-2025-opening
581684,2025-11-03,Erah Esport,Nuxeria Esport,2,1,https://www.vlr.gg/581684/erah-esport-vs-nuxeria-esport-challengers-france-2025-up-and-down-ro6
581687,2025-11-03,Hide On Bush,NFM,1,2,https://www.vlr.gg/581687/hide-on-bush-vs-nfm-challengers-france-2025-up-and-down-ubsf
553728,2025-11-04,Remo Esports,Paysandu Esports,13,8,https://www.vlr.gg/553728/remo-esports-vs-paysandu-esports-braza-open-series-by-elgin-r1
553729,2025-11-04,FURIA Academy,Lost Puppies Quackers,13,7,https://www.vlr.gg/553729/furia-academy-vs-lost-puppies-quackers-braza-open-series-by-elgin-r1
553730,2025-11-04,PEEK,Underhounds,4,13,https://www.vlr.gg/553730/peek-vs-underhounds-braza-open-series-by-elgin-r1
553731,2025-11-04,TBS Esports GC,FURIOSAS 2.0,9,13,https://www.vlr.gg/553731/tbs-esports-gc-vs-furiosas-2-0-braza-open-series-by-elgin-r1
553732,2025-11-04,SET 2K25,Barril de Goblins,13,3,https://www.vlr.gg/553732/set-2k25-vs-barril-de-goblins-braza-open-series-by-elgin-r1
553733,2025-11-04,ELEVATE,VCT Descension,13,10,https://www.vlr.gg/553733/elevate-vs-vct-descension-braza-open-series-by-elgin-r1
553734,2025-11-04,MIBR Academy,phopho's silly kittens :3,13,1,https://www.vlr.gg/553734/mibr-academy-vs-phophos-silly-kittens-3-braza-open-series-by-elgin-r1
553735,2025-11-04,F4TALITY,ELEVATE Academy,11,13,https://www.vlr.gg/553735/f4tality-vs-elevate-academy-braza-open-series-by-elgin-r1
578616,2025-11-04,Falke Esports,ALTERNATE aTTaX,1,2,https://www.vlr.gg/578616/falke-esports-vs-alternate-attax-project-blender-2025-spotlight-gf
578617,2025-11-04,FMCL MIX,NOVO Nightingale,2,0,https://www.vlr.gg/578617/fmcl-mix-vs-novo-nightingale-project-blender-2025-spotlight-cf
581636,2025-11-04,Eternal Fire,Fenerbahçe Esports,2,0,https://www.vlr.gg/581636/eternal-fire-vs-fenerbah-e-esports-monsters-reloaded-2025-winners
581637,2025-11-04,Papara SuperMassive,Gigantic LynX,2,1,https://www.vlr.gg/581637/papara-supermassive-vs-gigantic-lynx-monsters-reloaded-2025-elim
581642,2025-11-04,Galatasaray Esports,S2G Esports,0,2,https://www.vlr.gg/581642/galatasaray-esports-vs-s2g-esports-monsters-reloaded-2025-winners
581643,2025-11-04,USTUNLUKURANLAR,Fire Flux Esports,0,2,https://www.vlr.gg/581643/ustunlukuranlar-vs-fire-flux-esports-monsters-reloaded-2025-elim
581686,2025-11-04,F9 EICAR,Erah Esport,0,2,https://www.vlr.gg/581686/f9-eicar-vs-erah-esport-challengers-france-2025-up-and-down-ubsf
581689,2025-11-04,Hide On Bush,Nuxeria Esport,2,0,https://www.vlr.gg/581689/hide-on-bush-vs-nuxeria-esport-challengers-france-2025-up-and-down-lr1
581638,2025-11-05,Fenerbahçe Esports,Papara SuperMassive,3,0,https://www.vlr.gg/581638/fenerbah-e-esports-vs-papara-supermassive-monsters-reloaded-2025-decider
581644,2025-11-05,Galatasaray Esports,Fire Flux Esports,3,0,https://www.vlr.gg/581644/galatasaray-esports-vs-fire-flux-esports-monsters-reloaded-2025-decider
581688,2025-11-05,Erah Esport,NFM,2,1,https://www.vlr.gg/581688/erah-esport-vs-nfm-challengers-france-2025-up-and-down-ubf
581690,2025-11-05,F9 EICAR,Vestige,2,0,https://www.vlr.gg/581690/f9-eicar-vs-vestige-challengers-france-2025-up-and-down-lr1
582116,2025-11-05,ELEVATE,Remo Esports,13,8,https://www.vlr.gg/582116/elevate-vs-remo-esports-braza-open-series-by-elgin-r2
582118,2025-11-05,Underhounds,FURIA Academy,8,13,https://www.vlr.gg/582118/underhounds-vs-furia-academy-braza-open-series-by-elgin-r2
582119,2025-11-05,F4TALITY,PEEK,9,13,https://www.vlr.gg/582119/f4tality-vs-peek-braza-open-series-by-elgin-r2
582121,2025-11-05,Paysandu Esports,VCT Descension,13,11,https://www.vlr.gg/582121/paysandu-esports-vs-vct-descension-braza-open-series-by-elgin-r2
582284,2025-11-05,Team Liquid Academy,LaPolizia,2,0,https://www.vlr.gg/582284/team-liquid-academy-vs-lapolizia-monsters-reloaded-2025-emea-qualifier-sf
582285,2025-11-05,CGN Esports,HASBI,2,1,https://www.vlr.gg/582285/cgn-esports-vs-hasbi-monsters-reloaded-2025-emea-qualifier-sf
581691,2025-11-06,Hide On Bush,F9 EICAR,2,0,https://www.vlr.gg/581691/hide-on-bush-vs-f9-eicar-challengers-france-2025-up-and-down-lr2
581692,2025-11-06,NFM,Hide On Bush,1,2,https://www.vlr.gg/581692/nfm-vs-hide-on-bush-challengers-france-2025-up-and-down-lbf
582286,2025-11-06,Team Liquid Academy,CGN Esports,2,3,https://www.vlr.gg/582286/team-liquid-academy-vs-cgn-esports-monsters-reloaded-2025-emea-qualifier-gf
582433,2025-11-06,ENVY,Cloud9,2,1,https://www.vlr.gg/582433/envy-vs-cloud9-sen-city-classic-2025-d1
582434,2025-11-06,ENVY,Cubert Academy,2,1,https://www.vlr.gg/582434/envy-vs-cubert-academy-sen-city-classic-2025-d1
582435,2025-11-06,Cubert Academy,Sentinels,0,2,https://www.vlr.gg/582435/cubert-academy-vs-sentinels-sen-city-classic-2025-d1
582462,2025-11-06,ELEVATE Academy,MIBR Academy,0,2,https://www.vlr.gg/582462/elevate-academy-vs-mibr-academy-braza-open-series-by-elgin-r3-high
582463,2025-11-06,ELEVATE,FURIA Academy,0,2,https://www.vlr.gg/582463/elevate-vs-furia-academy-braza-open-series-by-elgin-r3-high
582464,2025-11-06,F4TALITY,VCT Descension,2,0,https://www.vlr.gg/582464/f4tality-vs-vct-descension-braza-open-series-by-elgin-r3-low
582585,2025-11-06,Veterans,ISUTSU NO TAIZA,13,9,https://www.vlr.gg/582585/veterans-vs-isutsu-no-taiza-predator-league-2026-vietnam-opening-a
582586,2025-11-06,Vùng Ký Ức,Fancy United Esports,2,13,https://www.vlr.gg/582586/v-ng-k-c-vs-fancy-united-esports-predator-league-2026-vietnam-opening-a
582587,2025-11-06,Veterans,Fancy United Esports,2,13,https://www.vlr.gg/582587/veterans-vs-fancy-united-esports-predator-league-2026-vietnam-winners-a
582588,2025-11-06,ISUTSU NO TAIZA,Vùng Ký Ức,10,13,https://www.vlr.gg/582588/isutsu-no-taiza-vs-v-ng-k-c-predator-league-2026-vietnam-elim-a
582589,2025-11-06,Veterans,Vùng Ký Ức,13,7,https://www.vlr.gg/582589/veterans-vs-v-ng-k-c-predator-league-2026-vietnam-decider-a
579982,2025-11-07,Daito F. Simplex,Bratan Davai E-sports,0,2,https://www.vlr.gg/579982/daito-f-simplex-vs-bratan-davai-e-sports-predator-league-2026-japan-sf
582193,2025-11-07,Team Heretics,Nongshim RedForce,7,13,https://www.vlr.gg/582193/team-heretics-vs-nongshim-redforce-ten-global-invitational-2025-rr
582436,2025-11-07,Cloud9,Cubert Academy,1,2,https://www.vlr.gg/582436/cloud9-vs-cubert-academy-sen-city-classic-2025-d2
582437,2025-11-07,Cloud9,Sentinels,0,2,https://www.vlr.gg/582437/cloud9-vs-sentinels-sen-city-classic-2025-d2
582438,2025-11-07,ENVY,Sentinels,1,2,https://www.vlr.gg/582438/envy-vs-sentinels-sen-city-classic-2025-d2
582590,2025-11-07,God Chosen,Team Big BAAM,13,7,https://www.vlr.gg/582590/god-chosen-vs-team-big-baam-predator-league-2026-vietnam-opening-b
582591,2025-11-07,Sixth Sense,AS SOON AS POSSIBLE,10,13,https://www.vlr.gg/582591/sixth-sense-vs-as-soon-as-possible-predator-league-2026-vietnam-opening-b
582592,2025-11-07,God Chosen,AS SOON AS POSSIBLE,13,7,https://www.vlr.gg/582592/god-chosen-vs-as-soon-as-possible-predator-league-2026-vietnam-winners-b
582593,2025-11-07,Team Big BAAM,Sixth Sense,11,13,https://www.vlr.gg/582593/team-big-baam-vs-sixth-sense-predator-league-2026-vietnam-elim-b
582594,2025-11-07,AS SOON AS POSSIBLE,Sixth Sense,13,6,https://www.vlr.gg/582594/as-soon-as-possible-vs-sixth-sense-predator-league-2026-vietnam-decider-b
583031,2025-11-07,ELEVATE Academy,Barril de Goblins,2,1,https://www.vlr.gg/583031/elevate-academy-vs-barril-de-goblins-braza-open-series-by-elgin-r4
583032,2025-11-07,Paysandu Esports,ELEVATE,0,2,https://www.vlr.gg/583032/paysandu-esports-vs-elevate-braza-open-series-by-elgin-r4
579983,2025-11-08,IGZIST,Team SEIBI,2,0,https://www.vlr.gg/579983/igzist-vs-team-seibi-predator-league-2026-japan-sf
579984,2025-11-08,Daito F. Simplex,Team SEIBI,0,2,https://www.vlr.gg/579984/daito-f-simplex-vs-team-seibi-predator-league-2026-japan-cf
580232,2025-11-08,YFP X,Blue Otter GC,2,0,https://www.vlr.gg/580232/yfp-x-vs-blue-otter-gc-nrg-neon-dream-invitational-2025-qf
581332,2025-11-08,Lee-Ming Penguin LIT,是這裡嗎,2,0,https://www.vlr.gg/581332/lit-dawn-vs-ccce-city-cup-2025-gf
582194,2025-11-08,KIWOOM DRX,Nongshim RedForce,13,8,https://www.vlr.gg/582194/drx-vs-nongshim-redforce-ten-global-invitational-2025-rr
582195,2025-11-08,KIWOOM DRX,Wolves Esports,13,4,https://www.vlr.gg/582195/drx-vs-wolves-esports-ten-global-invitational-2025-rr
582196,2025-11-08,Team Heretics,Wolves Esports,10,13,https://www.vlr.gg/582196/team-heretics-vs-wolves-esports-ten-global-invitational-2025-rr
582197,2025-11-08,Team Heretics,KIWOOM DRX,8,13,https://www.vlr.gg/582197/team-heretics-vs-drx-ten-global-invitational-2025-rr
582198,2025-11-08,Wolves Esports,Nongshim RedForce,9,13,https://www.vlr.gg/582198/wolves-esports-vs-nongshim-redforce-ten-global-invitational-2025-rr
582199,2025-11-08,Wolves Esports,Team Heretics,9,13,https://www.vlr.gg/582199/wolves-esports-vs-team-heretics-ten-global-invitational-2025-qf
582445,2025-11-08,ENVY,Cubert Academy,2,0,https://www.vlr.gg/582445/envy-vs-cubert-academy-sen-city-classic-2025-sf
582446,2025-11-08,Sentinels,ENVY,2,1,https://www.vlr.gg/582446/sentinels-vs-envy-sen-city-classic-2025-gf
582595,2025-11-08,Crocodile Tears,Circus Cyber,11,13,https://www.vlr.gg/582595/crocodile-tears-vs-circus-cyber-predator-league-2026-vietnam-opening-c
582596,2025-11-08,Học Viện 96,Priti Guys,13,9,https://www.vlr.gg/582596/h-c-vi-n-96-vs-priti-guys-predator-league-2026-vietnam-opening-c
582597,2025-11-08,Circus Cyber,Học Viện 96,13,15,https://www.vlr.gg/582597/circus-cyber-vs-h-c-vi-n-96-predator-league-2026-vietnam-winners-c
582598,2025-11-08,Crocodile Tears,Priti Guys,13,7,https://www.vlr.gg/582598/crocodile-tears-vs-priti-guys-predator-league-2026-vietnam-elim-c
582599,2025-11-08,Circus Cyber,Crocodile Tears,5,13,https://www.vlr.gg/582599/circus-cyber-vs-crocodile-tears-predator-league-2026-vietnam-decider-c
583270,2025-11-08,TFT Demons,REIGNITED,2,0,https://www.vlr.gg/583270/tft-demons-vs-reignited-challengers-2025-t-rkiye-birlik-promotion-relegation-winners
583271,2025-11-08,Fenerbahçe Esports,NEANLATIYONBOLM,2,0,https://www.vlr.gg/583271/fenerbah-e-esports-vs-neanlatiyonbolm-challengers-2025-t-rkiye-birlik-promotion-relegation-elim
583513,2025-11-08,SET 2K25,Underhounds,0,2,https://www.vlr.gg/583513/set-2k25-vs-underhounds-braza-open-series-by-elgin-r5
583514,2025-11-08,Remo Esports,F4TALITY,2,0,https://www.vlr.gg/583514/remo-esports-vs-f4tality-braza-open-series-by-elgin-r5
583791,2025-11-08,Kiri Magenta,100 Thieves GC,8,13,https://www.vlr.gg/583791/kiri-magenta-vs-100-thieves-gc-nrg-neon-dream-invitational-2025-r1
583798,2025-11-08,Wadadaa,Ghost Gaming,13,1,https://www.vlr.gg/583798/wadadaa-vs-ghost-gaming-nrg-neon-dream-invitational-2025-r2
583800,2025-11-08,:3,100 Thieves GC,9,13,https://www.vlr.gg/583800/3-vs-100-thieves-gc-nrg-neon-dream-invitational-2025-r3
579985,2025-11-09,Bratan Davai E-sports,IGZIST,0,3,https://www.vlr.gg/579985/bratan-davai-e-sports-vs-igzist-predator-league-2026-japan-gf
580114,2025-11-09,FNATIC,GIANTX,2,1,https://www.vlr.gg/580114/fnatic-vs-giantx-inzone-london-clash-main-event
580236,2025-11-09,YFP X,FlyQuest RED,2,1,https://www.vlr.gg/580236/yfp-x-vs-flyquest-red-nrg-neon-dream-invitational-2025-sf
580237,2025-11-09,Wadadaa,Ghost Gaming,2,1,https://www.vlr.gg/580237/wadadaa-vs-ghost-gaming-nrg-neon-dream-invitational-2025-sf
580238,2025-11-09,YFP X,Wadadaa,0,2,https://www.vlr.gg/580238/yfp-x-vs-wadadaa-nrg-neon-dream-invitational-2025-gf
582200,2025-11-09,Nongshim RedForce,Team Heretics,2,0,https://www.vlr.gg/582200/nongshim-redforce-vs-team-heretics-ten-global-invitational-2025-sf
582201,2025-11-09,KIWOOM DRX,Nongshim RedForce,1,2,https://www.vlr.gg/582201/drx-vs-nongshim-redforce-ten-global-invitational-2025-gf
582600,2025-11-09,Solid Sphere,Blue Eyes White Dragon,7,13,https://www.vlr.gg/582600/solid-sphere-vs-blue-eyes-white-dragon-predator-league-2026-vietnam-opening-d
582601,2025-11-09,VNSport,Da Nang GrandStand,13,6,https://www.vlr.gg/582601/vnsport-vs-da-nang-grandstand-predator-league-2026-vietnam-opening-d
582602,2025-11-09,Blue Eyes White Dragon,VNSport,12,14,https://www.vlr.gg/582602/blue-eyes-white-dragon-vs-vnsport-predator-league-2026-vietnam-winners-d
582603,2025-11-09,Solid Sphere,Da Nang GrandStand,2,13,https://www.vlr.gg/582603/solid-sphere-vs-da-nang-grandstand-predator-league-2026-vietnam-elim-d
582604,2025-11-09,Blue Eyes White Dragon,Da Nang GrandStand,4,13,https://www.vlr.gg/582604/blue-eyes-white-dragon-vs-da-nang-grandstand-predator-league-2026-vietnam-decider-d
583272,2025-11-09,REIGNITED,Fenerbahçe Esports,0,3,https://www.vlr.gg/583272/reignited-vs-fenerbah-e-esports-challengers-2025-t-rkiye-birlik-promotion-relegation-decider
583781,2025-11-09,Project 8,ACSたかしのドライピーク,2,1,https://www.vlr.gg/583781/project-8-vs-acs-vtuber-saikyo-tournament-act-2-gf
583787,2025-11-09,ACSたかしのドライピーク,横揺れヤンキー,13,5,https://www.vlr.gg/583787/acs-vs-vtuber-saikyo-tournament-act-2-lbf
582456,2025-11-10,Eternal Fire,Galatasaray Esports,1,2,https://www.vlr.gg/582456/eternal-fire-vs-galatasaray-esports-monsters-reloaded-2025-ubsf
582457,2025-11-10,S2G Esports,Fenerbahçe Esports,0,2,https://www.vlr.gg/582457/s2g-esports-vs-fenerbah-e-esports-monsters-reloaded-2025-ubsf
584420,2025-11-10,Global Esports,Fancy United Esports,1,2,https://www.vlr.gg/584420/global-esports-vs-fancy-united-esports-soop-valorant-league-2025-ubqf
584421,2025-11-10,FULL SENSE,Team NKT,2,0,https://www.vlr.gg/584421/full-sense-vs-team-nkt-soop-valorant-league-2025-ubqf
584422,2025-11-10,Team Secret,Xipto Esports,2,1,https://www.vlr.gg/584422/team-secret-vs-xipto-esports-soop-valorant-league-2025-ubqf
582458,2025-11-11,Galatasaray Esports,Fenerbahçe Esports,0,2,https://www.vlr.gg/582458/galatasaray-esports-vs-fenerbah-e-esports-monsters-reloaded-2025-ubf
582460,2025-11-11,Eternal Fire,S2G Esports,2,1,https://www.vlr.gg/582460/eternal-fire-vs-s2g-esports-monsters-reloaded-2025-lr1
584423,2025-11-11,Motiv Esports,Sharper Esports,2,0,https://www.vlr.gg/584423/motiv-esports-vs-sharper-esport-soop-valorant-league-2025-ubqf
584424,2025-11-11,Fancy United Esports,FULL SENSE,0,2,https://www.vlr.gg/584424/fancy-united-esports-vs-full-sense-soop-valorant-league-2025-ubsf
553720,2025-11-12,MIBR Academy,Paysandu Esports,2,0,https://www.vlr.gg/553720/mibr-academy-vs-paysandu-esports-braza-open-series-by-elgin-qf
553721,2025-11-12,ELEVATE,ELEVATE Academy,2,0,https://www.vlr.gg/553721/elevate-vs-elevate-academy-braza-open-series-by-elgin-qf
582461,2025-11-12,Galatasaray Esports,Eternal Fire,1,3,https://www.vlr.gg/582461/galatasaray-esports-vs-eternal-fire-monsters-reloaded-2025-lbf
582531,2025-11-12,Nova Esports,EDward Gaming,2,1,https://www.vlr.gg/582531/nova-esports-vs-edward-gaming-china-evolution-series-epilogue-qf
582532,2025-11-12,JD Gaming,Any Questions Gaming,2,0,https://www.vlr.gg/582532/jdg-esports-vs-any-questions-gaming-china-evolution-series-epilogue-qf
584425,2025-11-12,Team Secret,Motiv Esports,2,0,https://www.vlr.gg/584425/team-secret-vs-motiv-esports-soop-valorant-league-2025-ubsf
584428,2025-11-12,Global Esports,Team NKT,2,0,https://www.vlr.gg/584428/global-esports-vs-team-nkt-soop-valorant-league-2025-lr1
553722,2025-11-13,FURIA Academy,Underhounds,2,0,https://www.vlr.gg/553722/furia-academy-vs-underhounds-braza-open-series-by-elgin-qf
553723,2025-11-13,PEEK,Remo Esports,2,0,https://www.vlr.gg/553723/peek-vs-remo-esports-braza-open-series-by-elgin-qf
582459,2025-11-13,Fenerbahçe Esports,Eternal Fire,3,2,https://www.vlr.gg/582459/fenerbah-e-esports-vs-eternal-fire-monsters-reloaded-2025-gf
582533,2025-11-13,Titan Esports Club,Trace Esports,0,2,https://www.vlr.gg/582533/titan-esports-club-vs-trace-esports-china-evolution-series-epilogue-qf
582534,2025-11-13,Wolves Esports,FunPlus Phoenix,1,2,https://www.vlr.gg/582534/wolves-esports-vs-funplus-phoenix-china-evolution-series-epilogue-qf
584429,2025-11-13,Xipto Esports,Sharper Esports,1,2,https://www.vlr.gg/584429/xipto-esports-vs-sharper-esport-soop-valorant-league-2025-lr1
584430,2025-11-13,Fancy United Esports,Global Esports,2,1,https://www.vlr.gg/584430/fancy-united-esports-vs-global-esports-soop-valorant-league-2025-lr2
585202,2025-11-13,BONK,KlanNaLan,7,13,https://www.vlr.gg/585202/bonk-vs-klannalan-red-bull-home-ground-2025-r1
585203,2025-11-13,Cloud9,Team RA'AD,13,10,https://www.vlr.gg/585203/cloud9-vs-team-raad-red-bull-home-ground-2025-r1
585204,2025-11-13,Cubert Academy,FLOW TIM CHEESE,2,1,https://www.vlr.gg/585204/cubert-academy-vs-flow-tim-cheese-red-bull-home-ground-2025-r1-c
585205,2025-11-13,BXL Zoo,ENVY,13,8,https://www.vlr.gg/585205/bxl-zoo-vs-envy-red-bull-home-ground-2025-r1
585206,2025-11-13,BONK,BLX CORP,8,13,https://www.vlr.gg/585206/bonk-vs-blx-corp-red-bull-home-ground-2025-r2
585207,2025-11-13,Cloud9,FENNEL,13,5,https://www.vlr.gg/585207/cloud9-vs-fennel-red-bull-home-ground-2025-r2
585209,2025-11-13,BXL Zoo,Eintracht Frankfurt,8,13,https://www.vlr.gg/585209/bxl-zoo-vs-eintracht-frankfurt-red-bull-home-ground-2025-r2
585210,2025-11-13,KlanNaLan,BLX CORP,13,7,https://www.vlr.gg/585210/klannalan-vs-blx-corp-red-bull-home-ground-2025-r3
585211,2025-11-13,Team RA'AD,FENNEL,9,13,https://www.vlr.gg/585211/team-raad-vs-fennel-red-bull-home-ground-2025-r3
585212,2025-11-13,ENVY,Eintracht Frankfurt,15,13,https://www.vlr.gg/585212/envy-vs-eintracht-frankfurt-red-bull-home-ground-2025-r3
585213,2025-11-13,KlanNaLan,Cloud9,11,13,https://www.vlr.gg/585213/klannalan-vs-cloud9-red-bull-home-ground-2025-knockouts
585214,2025-11-13,Cubert Academy,Eintracht Frankfurt,13,5,https://www.vlr.gg/585214/cubert-academy-vs-eintracht-frankfurt-red-bull-home-ground-2025-knockouts
585335,2025-11-13,Fancy United Esports,Da Nang GrandStand,2,0,https://www.vlr.gg/585335/fancy-united-esports-vs-da-nang-grandstand-predator-league-2026-vietnam-ubqf
585336,2025-11-13,Học Viện 96,AS SOON AS POSSIBLE,2,1,https://www.vlr.gg/585336/h-c-vi-n-96-vs-as-soon-as-possible-predator-league-2026-vietnam-ubqf
553724,2025-11-14,MIBR Academy,ELEVATE,0,2,https://www.vlr.gg/553724/mibr-academy-vs-elevate-braza-open-series-by-elgin-sf
553725,2025-11-14,FURIA Academy,PEEK,0,2,https://www.vlr.gg/553725/furia-academy-vs-peek-braza-open-series-by-elgin-sf
580836,2025-11-14,BOOM Esports,Kertanegara Esports,2,0,https://www.vlr.gg/580836/boom-esports-vs-kertanegara-e-sports-predator-league-2026-indonesia-sf
582535,2025-11-14,Nova Esports,JD Gaming,2,1,https://www.vlr.gg/582535/nova-esports-vs-jdg-esports-china-evolution-series-epilogue-sf
582536,2025-11-14,Trace Esports,FunPlus Phoenix,1,2,https://www.vlr.gg/582536/trace-esports-vs-funplus-phoenix-china-evolution-series-epilogue-sf
584426,2025-11-14,FULL SENSE,Team Secret,2,1,https://www.vlr.gg/584426/full-sense-vs-team-secret-soop-valorant-league-2025-ubf
584431,2025-11-14,Motiv Esports,Sharper Esports,0,2,https://www.vlr.gg/584431/motiv-esports-vs-sharper-esport-soop-valorant-league-2025-lr2
585338,2025-11-14,God Chosen,Crocodile Tears,2,0,https://www.vlr.gg/585338/god-chosen-vs-crocodile-tears-predator-league-2026-vietnam-ubqf
585339,2025-11-14,VNSport,Veterans,2,1,https://www.vlr.gg/585339/vnsport-vs-veterans-predator-league-2026-vietnam-ubqf
585340,2025-11-14,God Chosen,VNSport,0,2,https://www.vlr.gg/585340/god-chosen-vs-vnsport-predator-league-2026-vietnam-ubsf
585446,2025-11-14,NRG,Cubert Academy,13,4,https://www.vlr.gg/585446/nrg-vs-cubert-academy-red-bull-home-ground-2025-ubqf
585447,2025-11-14,T1,Sentinels,12,14,https://www.vlr.gg/585447/t1-vs-sentinels-red-bull-home-ground-2025-ubqf
585448,2025-11-14,FNATIC,Cloud9,13,7,https://www.vlr.gg/585448/fnatic-vs-cloud9-red-bull-home-ground-2025-ubqf
585449,2025-11-14,G2 Esports,ZETA DIVISION,7,13,https://www.vlr.gg/585449/g2-esports-vs-zeta-division-red-bull-home-ground-2025-ubqf
585450,2025-11-14,NRG,Sentinels,13,11,https://www.vlr.gg/585450/nrg-vs-sentinels-red-bull-home-ground-2025-ubsf
585451,2025-11-14,FNATIC,ZETA DIVISION,1,13,https://www.vlr.gg/585451/fnatic-vs-zeta-division-red-bull-home-ground-2025-ubsf
585454,2025-11-14,Cubert Academy,T1,7,13,https://www.vlr.gg/585454/cubert-academy-vs-t1-red-bull-home-ground-2025-lr1
585455,2025-11-14,Cloud9,G2 Esports,11,13,https://www.vlr.gg/585455/cloud9-vs-g2-esports-red-bull-home-ground-2025-lr1
585456,2025-11-14,FNATIC,T1,13,5,https://www.vlr.gg/585456/fnatic-vs-t1-red-bull-home-ground-2025-lr2
585457,2025-11-14,Sentinels,G2 Esports,8,13,https://www.vlr.gg/585457/sentinels-vs-g2-esports-red-bull-home-ground-2025-lr2
585458,2025-11-14,FNATIC,G2 Esports,13,15,https://www.vlr.gg/585458/fnatic-vs-g2-esports-red-bull-home-ground-2025-lr3
553726,2025-11-15,ELEVATE,PEEK,3,2,https://www.vlr.gg/553726/elevate-vs-peek-braza-open-series-by-elgin-gf
580784,2025-11-15,Todak,nobody in Paris,2,0,https://www.vlr.gg/580784/todak-vs-nobody-in-paris-predator-league-2026-malaysia-lbf
580818,2025-11-15,FULL SENSE,Team NKT,3,0,https://www.vlr.gg/580818/full-sense-vs-team-nkt-predator-league-2026-thailand-gf
580837,2025-11-15,Team Nemesis,La Familia,2,0,https://www.vlr.gg/580837/team-nemesis-vs-la-familia-predator-league-2026-indonesia-sf
582538,2025-11-15,JD Gaming,Trace Esports,3,2,https://www.vlr.gg/582538/jdg-esports-vs-trace-esports-china-evolution-series-epilogue-cf
584432,2025-11-15,Fancy United Esports,Sharper Esports,1,2,https://www.vlr.gg/584432/fancy-united-esports-vs-sharper-esport-soop-valorant-league-2025-lr3
584433,2025-11-15,Team Secret,Sharper Esports,0,2,https://www.vlr.gg/584433/team-secret-vs-sharper-esport-soop-valorant-league-2025-lbf
585452,2025-11-15,NRG,ZETA DIVISION,2,0,https://www.vlr.gg/585452/nrg-vs-zeta-division-red-bull-home-ground-2025-ubf
585459,2025-11-15,ZETA DIVISION,G2 Esports,0,2,https://www.vlr.gg/585459/zeta-division-vs-g2-esports-red-bull-home-ground-2025-lbf
545707,2025-11-16,Oasis Gaming,Xipto Esports,3,1,https://www.vlr.gg/545707/oasis-gaming-vs-xipto-esports-predator-league-2026-philippines-gf
580778,2025-11-16,ENDER DRAGON,Todak,0,3,https://www.vlr.gg/580778/ender-dragon-vs-todak-predator-league-2026-malaysia-gf
580838,2025-11-16,BOOM Esports,Team Nemesis,2,1,https://www.vlr.gg/580838/boom-esports-vs-team-nemesis-predator-league-2026-indonesia-gf
582537,2025-11-16,Nova Esports,FunPlus Phoenix,1,3,https://www.vlr.gg/582537/nova-esports-vs-funplus-phoenix-china-evolution-series-epilogue-gf
585453,2025-11-16,NRG,G2 Esports,0,3,https://www.vlr.gg/585453/nrg-vs-g2-esports-red-bull-home-ground-2025-gf
586492,2025-11-16,Da Nang GrandStand,Crocodile Tears,2,0,https://www.vlr.gg/586492/da-nang-grandstand-vs-crocodile-tears-predator-league-2026-vietnam-lr3
586493,2025-11-16,Fancy United Esports,VNSport,0,2,https://www.vlr.gg/586493/fancy-united-esports-vs-vnsport-predator-league-2026-vietnam-ubf
586494,2025-11-16,Fancy United Esports,Da Nang GrandStand,2,0,https://www.vlr.gg/586494/fancy-united-esports-vs-da-nang-grandstand-predator-league-2026-vietnam-lbf
586655,2025-11-16,Team TenZ,Team Ludwig,13,7,https://www.vlr.gg/586655/team-tenz-vs-team-ludwig-red-bull-home-ground-2025-main-event
584427,2025-11-17,FULL SENSE,Sharper Esports,3,0,https://www.vlr.gg/584427/full-sense-vs-sharper-esport-soop-valorant-league-2025-gf
581485,2025-11-20,Ninetails,Nova Esports GC,0,2,https://www.vlr.gg/581485/ninetails-vs-nova-esports-gc-game-changers-2025-championship-seoul-ur1
581486,2025-11-20,MIBR GC,GIANTX GC,2,1,https://www.vlr.gg/581486/mibr-gc-vs-giantx-gc-game-changers-2025-championship-seoul-ur1
581488,2025-11-21,Team Liquid Brazil,KRÜ BLAZE,2,0,https://www.vlr.gg/581488/team-liquid-brazil-vs-kr-blaze-game-changers-2025-championship-seoul-ubqf
581490,2025-11-21,Xipto Esports GC,Karmine Corp GC,0,2,https://www.vlr.gg/581490/xipto-esports-gc-vs-karmine-corp-gc-game-changers-2025-championship-seoul-ubqf
581487,2025-11-22,G2 Gozen,Nova Esports GC,2,0,https://www.vlr.gg/581487/g2-gozen-vs-nova-esports-gc-game-changers-2025-championship-seoul-ubqf
581489,2025-11-22,Shopify Rebellion Gold,MIBR GC,2,0,https://www.vlr.gg/581489/shopify-rebellion-gold-vs-mibr-gc-game-changers-2025-championship-seoul-ubqf
587807,2025-11-22,Gentle Mates,CGN Esports,1,2,https://www.vlr.gg/587807/gentle-mates-vs-cgn-esports-monsters-reloaded-2025-sf
587808,2025-11-22,FUT Esports,Fenerbahçe Esports,2,0,https://www.vlr.gg/587808/fut-esports-vs-fenerbah-e-esports-monsters-reloaded-2025-sf
581495,2025-11-23,KRÜ BLAZE,GIANTX GC,2,1,https://www.vlr.gg/581495/kr-blaze-vs-giantx-gc-game-changers-2025-championship-seoul-lr1
581496,2025-11-23,Xipto Esports GC,Ninetails,1,2,https://www.vlr.gg/581496/xipto-esports-gc-vs-ninetails-game-changers-2025-championship-seoul-lr1
587809,2025-11-23,CGN Esports,FUT Esports,2,3,https://www.vlr.gg/587809/cgn-esports-vs-fut-esports-monsters-reloaded-2025-gf
588239,2025-11-23,100 Thieves,Calamity,2,0,https://www.vlr.gg/588239/100-thieves-vs-calamity-funhavergg-back-to-basics-10-qf
588243,2025-11-23,100 Thieves,team name,2,0,https://www.vlr.gg/588243/100-thieves-vs-team-name-funhavergg-back-to-basics-10-sf
588245,2025-11-23,100 Thieves,The TANDIS Hammers,2,0,https://www.vlr.gg/588245/100-thieves-vs-the-tandis-hammers-funhavergg-back-to-basics-10-gf
581497,2025-11-24,Nova Esports GC,KRÜ BLAZE,0,2,https://www.vlr.gg/581497/nova-esports-gc-vs-kr-blaze-game-changers-2025-championship-seoul-lr2
581498,2025-11-24,MIBR GC,Ninetails,2,0,https://www.vlr.gg/581498/mibr-gc-vs-ninetails-game-changers-2025-championship-seoul-lr2
581491,2025-11-26,G2 Gozen,Team Liquid Brazil,1,2,https://www.vlr.gg/581491/g2-gozen-vs-team-liquid-brazil-game-changers-2025-championship-seoul-ubsf
581492,2025-11-26,Shopify Rebellion Gold,Karmine Corp GC,2,1,https://www.vlr.gg/581492/shopify-rebellion-gold-vs-karmine-corp-gc-game-changers-2025-championship-seoul-ubsf
581499,2025-11-27,Karmine Corp GC,KRÜ BLAZE,0,2,https://www.vlr.gg/581499/karmine-corp-gc-vs-kr-blaze-game-changers-2025-championship-seoul-lr3
581500,2025-11-27,G2 Gozen,MIBR GC,1,2,https://www.vlr.gg/581500/g2-gozen-vs-mibr-gc-game-changers-2025-championship-seoul-lr3
581493,2025-11-28,Team Liquid Brazil,Shopify Rebellion Gold,2,1,https://www.vlr.gg/581493/team-liquid-brazil-vs-shopify-rebellion-gold-game-changers-2025-championship-seoul-ubf
581501,2025-11-28,KRÜ BLAZE,MIBR GC,0,2,https://www.vlr.gg/581501/kr-blaze-vs-mibr-gc-game-changers-2025-championship-seoul-lr4
590024,2025-11-28,Rex Regum Qeon,EDward Gaming,9,13,https://www.vlr.gg/590024/rex-regum-qeon-vs-edward-gaming-china-esports-festival-super-champions-cup-a
581502,2025-11-29,Shopify Rebellion Gold,MIBR GC,3,1,https://www.vlr.gg/581502/shopify-rebellion-gold-vs-mibr-gc-game-changers-2025-championship-seoul-lbf
590025,2025-11-29,EDward Gaming,LEVIATÁN,4,13,https://www.vlr.gg/590025/edward-gaming-vs-leviat-n-china-esports-festival-super-champions-cup-a
590026,2025-11-29,LEVIATÁN,Rex Regum Qeon,13,8,https://www.vlr.gg/590026/leviat-n-vs-rex-regum-qeon-china-esports-festival-super-champions-cup-a
590027,2025-11-29,Bilibili Gaming,KIWOOM DRX,13,11,https://www.vlr.gg/590027/bilibili-gaming-vs-drx-china-esports-festival-super-champions-cup-b
590028,2025-11-29,KIWOOM DRX,Wolves Esports,13,10,https://www.vlr.gg/590028/drx-vs-wolves-esports-china-esports-festival-super-champions-cup-b
590029,2025-11-29,Wolves Esports,Bilibili Gaming,13,11,https://www.vlr.gg/590029/wolves-esports-vs-bilibili-gaming-china-esports-festival-super-champions-cup-b
590030,2025-11-29,LEVIATÁN,Bilibili Gaming,2,0,https://www.vlr.gg/590030/leviat-n-vs-bilibili-gaming-china-esports-festival-super-champions-cup-sf
581494,2025-11-30,Team Liquid Brazil,Shopify Rebellion Gold,3,2,https://www.vlr.gg/581494/team-liquid-brazil-vs-shopify-rebellion-gold-game-changers-2025-championship-seoul-gf
590031,2025-11-30,KIWOOM DRX,EDward Gaming,2,0,https://www.vlr.gg/590031/drx-vs-edward-gaming-china-esports-festival-super-champions-cup-sf
590032,2025-11-30,LEVIATÁN,KIWOOM DRX,3,1,https://www.vlr.gg/590032/leviat-n-vs-drx-china-esports-festival-super-champions-cup-gf
590033,2025-11-30,Bilibili Gaming,EDward Gaming,2,1,https://www.vlr.gg/590033/bilibili-gaming-vs-edward-gaming-china-esports-festival-super-champions-cup-cf
587261,2025-12-02,FNATIC,FULL SENSE,2,0,https://www.vlr.gg/587261/fnatic-vs-full-sense-soop-valorant-league-2025-opening-a
587262,2025-12-02,T1,ZETA DIVISION,2,0,https://www.vlr.gg/587262/t1-vs-zeta-division-soop-valorant-league-2025-opening-a
587263,2025-12-03,FNATIC,T1,0,2,https://www.vlr.gg/587263/fnatic-vs-t1-soop-valorant-league-2025-winners-a
587271,2025-12-03,KIWOOM DRX,SLT Seongnam,0,2,https://www.vlr.gg/587271/drx-vs-slt-seongnam-soop-valorant-league-2025-opening-b
587272,2025-12-03,Rex Regum Qeon,Gen.G,1,2,https://www.vlr.gg/587272/rex-regum-qeon-vs-gen-g-soop-valorant-league-2025-opening-b
591412,2025-12-03,Karmine Corp GC,Ramboot Club,10,13,https://www.vlr.gg/591412/karmine-corp-gc-vs-ramboot-club-project-blender-2025-r1
591413,2025-12-03,Galatasaray Esports,FUT Esports,13,5,https://www.vlr.gg/591413/galatasaray-esports-vs-fut-esports-project-blender-2025-r1
591414,2025-12-03,Joblife,BBL Esports,9,13,https://www.vlr.gg/591414/joblife-vs-bbl-esports-project-blender-2025-r1
591415,2025-12-03,Gamax Esports,ALTERNATE aTTaX,13,7,https://www.vlr.gg/591415/gamax-esports-vs-alternate-attax-project-blender-2025-r1
591418,2025-12-03,Erah Esport,Gentle Mates,1,13,https://www.vlr.gg/591418/erah-esport-vs-gentle-mates-project-blender-2025-r1
591421,2025-12-03,Eternal Fire,Team Vitality,13,11,https://www.vlr.gg/591421/eternal-fire-vs-team-vitality-project-blender-2025-r1
591422,2025-12-03,3BL Esports,Karmine Corp,10,13,https://www.vlr.gg/591422/3bl-esports-vs-karmine-corp-project-blender-2025-r1
591423,2025-12-03,Team Liquid Academy,Natus Vincere,13,8,https://www.vlr.gg/591423/team-liquid-academy-vs-natus-vincere-project-blender-2025-r1
591425,2025-12-03,DMNX GC,BONK,1,13,https://www.vlr.gg/591425/dmnx-gc-vs-bonk-project-blender-2025-r1
591429,2025-12-03,Gentle Mates,Galatasaray Esports,10,13,https://www.vlr.gg/591429/gentle-mates-vs-galatasaray-esports-project-blender-2025-r2
591433,2025-12-03,Karmine Corp,BONK,13,8,https://www.vlr.gg/591433/karmine-corp-vs-bonk-project-blender-2025-r2
591435,2025-12-03,ULF Esports,Team Liquid Academy,13,9,https://www.vlr.gg/591435/ulf-esports-vs-team-liquid-academy-project-blender-2025-r2
591437,2025-12-03,FUT Esports,GoFund4OmarHouse,13,4,https://www.vlr.gg/591437/fut-esports-vs-gofund4omarhouse-project-blender-2025-r2
591438,2025-12-03,Karmine Corp GC,Joblife,3,13,https://www.vlr.gg/591438/karmine-corp-gc-vs-joblife-project-blender-2025-r2
591439,2025-12-03,ALTERNATE aTTaX,Erah Esport,6,13,https://www.vlr.gg/591439/alternate-attax-vs-erah-esport-project-blender-2025-r2
591441,2025-12-03,Team Vitality,Nuxeria Esport,13,3,https://www.vlr.gg/591441/team-vitality-vs-nuxeria-esport-project-blender-2025-r2
591442,2025-12-03,Natus Vincere,BLX CORP,13,10,https://www.vlr.gg/591442/natus-vincere-vs-blx-corp-project-blender-2025-r2
587264,2025-12-04,FULL SENSE,ZETA DIVISION,2,0,https://www.vlr.gg/587264/full-sense-vs-zeta-division-soop-valorant-league-2025-elim-a
587265,2025-12-04,FNATIC,FULL SENSE,2,1,https://www.vlr.gg/587265/fnatic-vs-full-sense-soop-valorant-league-2025-decider-a
587273,2025-12-04,SLT Seongnam,Gen.G,1,2,https://www.vlr.gg/587273/slt-seongnam-vs-gen-g-soop-valorant-league-2025-winners-b
589960,2025-12-04,FunPlus Phoenix,Trace Esports,1,2,https://www.vlr.gg/589960/funplus-phoenix-vs-trace-esports-shanghai-esports-masters-2025-sf
589961,2025-12-04,EDward Gaming,Bilibili Gaming,2,0,https://www.vlr.gg/589961/edward-gaming-vs-bilibili-gaming-shanghai-esports-masters-2025-sf
591446,2025-12-04,BBL Esports,Galatasaray Esports,2,0,https://www.vlr.gg/591446/bbl-esports-vs-galatasaray-esports-project-blender-2025-r3
591447,2025-12-04,GIANTX,Gamax Esports,2,0,https://www.vlr.gg/591447/giantx-vs-gamax-esports-project-blender-2025-r3
591448,2025-12-04,Karmine Corp,trashcan,2,0,https://www.vlr.gg/591448/karmine-corp-vs-trashcan-project-blender-2025-r3
591449,2025-12-04,ULF Esports,Oxuji,2,0,https://www.vlr.gg/591449/ulf-esports-vs-oxuji-project-blender-2025-r3
591450,2025-12-04,Karmine Corp GC,Nuxeria Esport,0,2,https://www.vlr.gg/591450/karmine-corp-gc-vs-nuxeria-esport-project-blender-2025-r3
591451,2025-12-04,DMNX GC,BLX CORP,0,2,https://www.vlr.gg/591451/dmnx-gc-vs-blx-corp-project-blender-2025-r3
591452,2025-12-04,ALTERNATE aTTaX,GoFund4OmarHouse,2,1,https://www.vlr.gg/591452/alternate-attax-vs-gofund4omarhouse-project-blender-2025-r3
591453,2025-12-04,RATATOUILLE,BWBB,1,2,https://www.vlr.gg/591453/ratatouille-vs-bwbb-project-blender-2025-r3
591454,2025-12-04,Natus Vincere,Joblife,13,10,https://www.vlr.gg/591454/natus-vincere-vs-joblife-project-blender-2025-r3
591455,2025-12-04,FUT Esports,Lost Puppies,13,9,https://www.vlr.gg/591455/fut-esports-vs-lost-puppies-project-blender-2025-r3
591456,2025-12-04,Team Vitality,Erah Esport,13,3,https://www.vlr.gg/591456/team-vitality-vs-erah-esport-project-blender-2025-r3
591458,2025-12-04,Gentle Mates,Ramboot Club,13,6,https://www.vlr.gg/591458/gentle-mates-vs-ramboot-club-project-blender-2025-r3
591459,2025-12-04,WILLYG PALACE,BONK,4,13,https://www.vlr.gg/591459/willyg-palace-vs-bonk-project-blender-2025-r3
591460,2025-12-04,NFM,Team Liquid Academy,3,13,https://www.vlr.gg/591460/nfm-vs-team-liquid-academy-project-blender-2025-r3
591461,2025-12-04,Eternal Fire,3BL Esports,13,3,https://www.vlr.gg/591461/eternal-fire-vs-3bl-esports-project-blender-2025-r3
591978,2025-12-04,100 Thieves,Shopify Rebellion Black,2,1,https://www.vlr.gg/591978/100-thieves-vs-shopify-rebellion-black-sentinels-invitational-2025-rr
591979,2025-12-04,100 Thieves,FURIA,2,1,https://www.vlr.gg/591979/100-thieves-vs-furia-sentinels-invitational-2025-rr
591980,2025-12-04,FURIA,Sentinels,0,2,https://www.vlr.gg/591980/furia-vs-sentinels-sentinels-invitational-2025-rr
587274,2025-12-05,KIWOOM DRX,Rex Regum Qeon,0,2,https://www.vlr.gg/587274/drx-vs-rex-regum-qeon-soop-valorant-league-2025-elim-b
587275,2025-12-05,SLT Seongnam,Rex Regum Qeon,2,1,https://www.vlr.gg/587275/slt-seongnam-vs-rex-regum-qeon-soop-valorant-league-2025-decider-b
589962,2025-12-05,Trace Esports,EDward Gaming,0,3,https://www.vlr.gg/589962/trace-esports-vs-edward-gaming-shanghai-esports-masters-2025-gf
591463,2025-12-05,Team Vitality,Galatasaray Esports,2,0,https://www.vlr.gg/591463/team-vitality-vs-galatasaray-esports-project-blender-2025-r4
591464,2025-12-05,FUT Esports,Eternal Fire,2,1,https://www.vlr.gg/591464/fut-esports-vs-eternal-fire-project-blender-2025-r4
591465,2025-12-05,Oxuji,BONK,2,1,https://www.vlr.gg/591465/oxuji-vs-bonk-project-blender-2025-r4
591466,2025-12-05,BRATAN MIX,Team Liquid Academy,2,1,https://www.vlr.gg/591466/bratan-mix-vs-team-liquid-academy-project-blender-2025-r4
591467,2025-12-05,Natus Vincere,Gamax Esports,2,1,https://www.vlr.gg/591467/natus-vincere-vs-gamax-esports-project-blender-2025-r4
591468,2025-12-05,Gentle Mates,trashcan,2,0,https://www.vlr.gg/591468/gentle-mates-vs-trashcan-project-blender-2025-r4
591981,2025-12-05,Shopify Rebellion Black,FURIA,2,0,https://www.vlr.gg/591981/shopify-rebellion-black-vs-furia-sentinels-invitational-2025-rr
591982,2025-12-05,Shopify Rebellion Black,Sentinels,2,0,https://www.vlr.gg/591982/shopify-rebellion-black-vs-sentinels-sentinels-invitational-2025-rr
591983,2025-12-05,100 Thieves,Sentinels,0,2,https://www.vlr.gg/591983/100-thieves-vs-sentinels-sentinels-invitational-2025-rr
587276,2025-12-06,T1,SLT Seongnam,2,0,https://www.vlr.gg/587276/t1-vs-slt-seongnam-soop-valorant-league-2025-sf
587277,2025-12-06,Gen.G,FNATIC,0,2,https://www.vlr.gg/587277/gen-g-vs-fnatic-soop-valorant-league-2025-sf
591113,2025-12-06,FLOW TIM CHEESE,Dolphins Gaming,3,1,https://www.vlr.gg/591113/flow-tim-cheese-vs-dolphins-gaming-el-olimpo-2025-gf
591469,2025-12-06,ALTERNATE aTTaX,BLX CORP,0,2,https://www.vlr.gg/591469/alternate-attax-vs-blx-corp-project-blender-2025-r4
591470,2025-12-06,WILLYG PALACE,Nuxeria Esport,0,2,https://www.vlr.gg/591470/willyg-palace-vs-nuxeria-esport-project-blender-2025-r4
591471,2025-12-06,Ramboot Club,Erah Esport,2,0,https://www.vlr.gg/591471/ramboot-club-vs-erah-esport-project-blender-2025-r4
591472,2025-12-06,Melilla Titans,Joblife,0,2,https://www.vlr.gg/591472/melilla-titans-vs-joblife-project-blender-2025-r4
591473,2025-12-06,NFM,Lost Puppies,2,0,https://www.vlr.gg/591473/nfm-vs-lost-puppies-project-blender-2025-r4
591474,2025-12-06,3BL Esports,BWBB,2,0,https://www.vlr.gg/591474/3bl-esports-vs-bwbb-project-blender-2025-r4
591986,2025-12-06,Sentinels,100 Thieves,2,0,https://www.vlr.gg/591986/sentinels-vs-100-thieves-sentinels-invitational-2025-sf
591987,2025-12-06,Shopify Rebellion Black,Sentinels,0,2,https://www.vlr.gg/591987/shopify-rebellion-black-vs-sentinels-sentinels-invitational-2025-gf
586495,2025-12-07,VNSport,Fancy United Esports,0,3,https://www.vlr.gg/586495/vnsport-vs-fancy-united-esports-predator-league-2026-vietnam-gf
587278,2025-12-07,T1,FNATIC,3,2,https://www.vlr.gg/587278/t1-vs-fnatic-soop-valorant-league-2025-gf
591475,2025-12-07,NFM,Nuxeria Esport,0,2,https://www.vlr.gg/591475/nfm-vs-nuxeria-esport-project-blender-2025-r5
591476,2025-12-07,trashcan,Eternal Fire,0,2,https://www.vlr.gg/591476/trashcan-vs-eternal-fire-project-blender-2025-r5
591477,2025-12-07,Ramboot Club,BLX CORP,2,1,https://www.vlr.gg/591477/ramboot-club-vs-blx-corp-project-blender-2025-r5
591478,2025-12-07,Team Liquid Academy,Joblife,2,0,https://www.vlr.gg/591478/team-liquid-academy-vs-joblife-project-blender-2025-r5
591479,2025-12-07,3BL Esports,Gamax Esports,2,1,https://www.vlr.gg/591479/3bl-esports-vs-gamax-esports-project-blender-2025-r5
591480,2025-12-07,BONK,Galatasaray Esports,1,2,https://www.vlr.gg/591480/bonk-vs-galatasaray-esports-project-blender-2025-r5
593541,2025-12-08,ULF Esports,Galatasaray Esports,2,0,https://www.vlr.gg/593541/ulf-esports-vs-galatasaray-esports-project-blender-2025-ro16
593542,2025-12-08,Oxuji,Eternal Fire,0,2,https://www.vlr.gg/593542/oxuji-vs-eternal-fire-project-blender-2025-ro16
593543,2025-12-08,Karmine Corp,3BL Esports,2,0,https://www.vlr.gg/593543/karmine-corp-vs-3bl-esports-project-blender-2025-ro16
593544,2025-12-08,BRATAN MIX,Team Vitality,0,2,https://www.vlr.gg/593544/bratan-mix-vs-team-vitality-project-blender-2025-ro16
593545,2025-12-08,BBL Esports,Team Liquid Academy,0,2,https://www.vlr.gg/593545/bbl-esports-vs-team-liquid-academy-project-blender-2025-ro16
593546,2025-12-08,Nuxeria Esport,FUT Esports,0,2,https://www.vlr.gg/593546/nuxeria-esport-vs-fut-esports-project-blender-2025-ro16
593547,2025-12-08,GIANTX,Ramboot Club,2,1,https://www.vlr.gg/593547/giantx-vs-ramboot-club-project-blender-2025-ro16
593548,2025-12-08,Gentle Mates,Natus Vincere,1,2,https://www.vlr.gg/593548/gentle-mates-vs-natus-vincere-project-blender-2025-ro16
591266,2025-12-12,QT DIG∞,ONSIDE GAMING,1,2,https://www.vlr.gg/591266/qt-dig-vs-onside-gaming-challengers-2025-korea-japan-showdown-sf
591267,2025-12-12,Dplus Esports,DFM Academy,2,0,https://www.vlr.gg/591267/dplus-esports-vs-dfm-academy-challengers-2025-korea-japan-showdown-sf
593549,2025-12-12,ULF Esports,Eternal Fire,0,2,https://www.vlr.gg/593549/ulf-esports-vs-eternal-fire-project-blender-2025-qf
593550,2025-12-12,Karmine Corp,Team Vitality,1,2,https://www.vlr.gg/593550/karmine-corp-vs-team-vitality-project-blender-2025-qf
593551,2025-12-12,Team Liquid Academy,FUT Esports,2,1,https://www.vlr.gg/593551/team-liquid-academy-vs-fut-esports-project-blender-2025-qf
593552,2025-12-12,GIANTX,Natus Vincere,2,0,https://www.vlr.gg/593552/giantx-vs-natus-vincere-project-blender-2025-qf
593923,2025-12-12,100T Spotlight,ENVY x FlyQuest Spotlight,13,5,https://www.vlr.gg/593923/100t-spotlight-vs-envy-x-flyquest-spotlight-spotlight-series-2025-americas-groups
593924,2025-12-12,KRÜ x LYON Spotlight,Winthrop x Shopify Rebellion Spotlight,13,8,https://www.vlr.gg/593924/kr-x-lyon-spotlight-vs-winthrop-x-shopify-rebellion-spotlight-spotlight-series-2025-americas-gr
593925,2025-12-12,Winthrop x Shopify Rebellion Spotlight,100T Spotlight,1,13,https://www.vlr.gg/593925/winthrop-x-shopify-rebellion-spotlight-vs-100t-spotlight-spotlight-series-2025-americas-groups
593926,2025-12-12,ENVY x FlyQuest Spotlight,KRÜ x LYON Spotlight,13,11,https://www.vlr.gg/593926/envy-x-flyquest-spotlight-vs-kr-x-lyon-spotlight-spotlight-series-2025-americas-groups
593927,2025-12-12,KRÜ x LYON Spotlight,100T Spotlight,13,6,https://www.vlr.gg/593927/kr-x-lyon-spotlight-vs-100t-spotlight-spotlight-series-2025-americas-groups
593928,2025-12-12,ENVY x FlyQuest Spotlight,Winthrop x Shopify Rebellion Spotlight,6,13,https://www.vlr.gg/593928/envy-x-flyquest-spotlight-vs-winthrop-x-shopify-rebellion-spotlight-spotlight-series-2025-americ
591268,2025-12-13,QT DIG∞,DFM Academy,2,1,https://www.vlr.gg/591268/qt-dig-vs-dfm-academy-challengers-2025-korea-japan-showdown-cf
591269,2025-12-13,ONSIDE GAMING,Dplus Esports,2,1,https://www.vlr.gg/591269/onside-gaming-vs-dplus-esports-challengers-2025-korea-japan-showdown-gf
593553,2025-12-13,Eternal Fire,Team Vitality,2,1,https://www.vlr.gg/593553/eternal-fire-vs-team-vitality-project-blender-2025-sf
593554,2025-12-13,Team Liquid Academy,GIANTX,1,2,https://www.vlr.gg/593554/team-liquid-academy-vs-giantx-project-blender-2025-sf
593929,2025-12-13,KRÜ x LYON Spotlight,ENVY x FlyQuest Spotlight,1,2,https://www.vlr.gg/593929/kr-x-lyon-spotlight-vs-envy-x-flyquest-spotlight-spotlight-series-2025-americas-sf
593930,2025-12-13,100T Spotlight,Winthrop x Shopify Rebellion Spotlight,0,2,https://www.vlr.gg/593930/100t-spotlight-vs-winthrop-x-shopify-rebellion-spotlight-spotlight-series-2025-americas-sf
593555,2025-12-14,Eternal Fire,GIANTX,1,2,https://www.vlr.gg/593555/eternal-fire-vs-giantx-project-blender-2025-gf
593556,2025-12-14,Team Vitality,Team Liquid Academy,2,0,https://www.vlr.gg/593556/team-vitality-vs-team-liquid-academy-project-blender-2025-cf
593931,2025-12-14,ENVY x FlyQuest Spotlight,Winthrop x Shopify Rebellion Spotlight,2,3,https://www.vlr.gg/593931/envy-x-flyquest-spotlight-vs-winthrop-x-shopify-rebellion-spotlight-spotlight-series-2025-americ
594005,2025-12-14,Osan University,FEARX,2,1,https://www.vlr.gg/594005/osan-university-vs-fearx-predator-league-2026-korea-sf
594006,2025-12-14,Korean Creators,Kookje University,2,0,https://www.vlr.gg/594006/korean-creators-vs-kookje-university-predator-league-2026-korea-sf
594007,2025-12-14,Osan University,Korean Creators,0,2,https://www.vlr.gg/594007/osan-university-vs-korean-creators-predator-league-2026-korea-gf
595298,2025-12-15,ENVY,We Almost Did It,2,1,https://www.vlr.gg/595298/envy-vs-we-almost-did-it-for-those-who-dare-2025-sf
595299,2025-12-15,FURIA,QoR,2,0,https://www.vlr.gg/595299/furia-vs-qor-for-those-who-dare-2025-sf
595300,2025-12-15,ENVY,FURIA,2,1,https://www.vlr.gg/595300/envy-vs-furia-for-those-who-dare-2025-gf
595780,2025-12-16,Next,FURIA Academy,2,0,https://www.vlr.gg/595780/next-vs-furia-academy-tixinha-sacy-invitational-2-by-bonoxs-groups-r1
595781,2025-12-16,MIBR Academy,Stellae Gaming,2,0,https://www.vlr.gg/595781/mibr-academy-vs-stellae-gaming-tixinha-sacy-invitational-2-by-bonoxs-groups-r1
595786,2025-12-17,2Game Esports,FURIA Academy,2,0,https://www.vlr.gg/595786/2game-esports-vs-furia-academy-tixinha-sacy-invitational-2-by-bonoxs-groups-r2
595787,2025-12-17,ELEVATE,Stellae Gaming,2,1,https://www.vlr.gg/595787/elevate-vs-stellae-gaming-tixinha-sacy-invitational-2-by-bonoxs-groups-r2
590624,2025-12-18,Nova Esports,Paper Rex,5,13,https://www.vlr.gg/590624/nova-esports-vs-paper-rex-valorant-radiant-international-invitational-d1
590625,2025-12-18,FunPlus Phoenix,Paper Rex,15,13,https://www.vlr.gg/590625/funplus-phoenix-vs-paper-rex-valorant-radiant-international-invitational-d1
590626,2025-12-18,FunPlus Phoenix,Gen.G,6,13,https://www.vlr.gg/590626/funplus-phoenix-vs-gen-g-valorant-radiant-international-invitational-d1
590627,2025-12-18,Bilibili Gaming,Gen.G,5,13,https://www.vlr.gg/590627/bilibili-gaming-vs-gen-g-valorant-radiant-international-invitational-d1
590628,2025-12-18,Bilibili Gaming,G2 Esports,3,13,https://www.vlr.gg/590628/bilibili-gaming-vs-g2-esports-valorant-radiant-international-invitational-d1
590629,2025-12-18,Nova Esports,G2 Esports,7,13,https://www.vlr.gg/590629/nova-esports-vs-g2-esports-valorant-radiant-international-invitational-d1
595792,2025-12-18,ELEVATE,MIBR Academy,0,2,https://www.vlr.gg/595792/elevate-vs-mibr-academy-tixinha-sacy-invitational-2-by-bonoxs-groups-r3
595793,2025-12-18,2Game Esports,Next,0,2,https://www.vlr.gg/595793/2game-esports-vs-next-tixinha-sacy-invitational-2-by-bonoxs-groups-r3
590630,2025-12-19,Nova Esports,FunPlus Phoenix,6,13,https://www.vlr.gg/590630/nova-esports-vs-funplus-phoenix-valorant-radiant-international-invitational-d2
590631,2025-12-19,G2 Esports,FunPlus Phoenix,9,13,https://www.vlr.gg/590631/g2-esports-vs-funplus-phoenix-valorant-radiant-international-invitational-d2
590632,2025-12-19,G2 Esports,Gen.G,7,13,https://www.vlr.gg/590632/g2-esports-vs-gen-g-valorant-radiant-international-invitational-d2
590633,2025-12-19,Paper Rex,Gen.G,11,13,https://www.vlr.gg/590633/paper-rex-vs-gen-g-valorant-radiant-international-invitational-d2
590634,2025-12-19,Paper Rex,Bilibili Gaming,13,9,https://www.vlr.gg/590634/paper-rex-vs-bilibili-gaming-valorant-radiant-international-invitational-d2
590635,2025-12-19,Nova Esports,Bilibili Gaming,13,11,https://www.vlr.gg/590635/nova-esports-vs-bilibili-gaming-valorant-radiant-international-invitational-d2
593676,2025-12-19,2Game Esports,Stellae Gaming,0,2,https://www.vlr.gg/593676/2game-esports-vs-stellae-gaming-tixinha-sacy-invitational-2-by-bonoxs-playoffs-quarterfinals
593677,2025-12-19,ELEVATE,FURIA Academy,0,2,https://www.vlr.gg/593677/elevate-vs-furia-academy-tixinha-sacy-invitational-2-by-bonoxs-playoffs-quarterfinals
590636,2025-12-20,G2 Esports,Paper Rex,1,2,https://www.vlr.gg/590636/g2-esports-vs-paper-rex-valorant-radiant-international-invitational-qf
590637,2025-12-20,FunPlus Phoenix,Paper Rex,0,2,https://www.vlr.gg/590637/funplus-phoenix-vs-paper-rex-valorant-radiant-international-invitational-sf
593678,2025-12-20,MIBR Academy,Stellae Gaming,0,2,https://www.vlr.gg/593678/mibr-academy-vs-stellae-gaming-tixinha-sacy-invitational-2-by-bonoxs-playoffs-semifinals
593679,2025-12-20,Next,FURIA Academy,2,1,https://www.vlr.gg/593679/next-vs-furia-academy-tixinha-sacy-invitational-2-by-bonoxs-playoffs-semifinals
590638,2025-12-21,Gen.G,Paper Rex,1,3,https://www.vlr.gg/590638/gen-g-vs-paper-rex-valorant-radiant-international-invitational-gf
593680,2025-12-21,Stellae Gaming,Next,3,1,https://www.vlr.gg/593680/stellae-gaming-vs-next-tixinha-sacy-invitational-2-by-bonoxs-playoffs-gf
600137,2026-01-05,VillianArc,AlQadsiah Esports,0,2,https://www.vlr.gg/600137/villianarc-vs-alqadsiah-esports-challengers-2026-mena-resilience-gcc-pakistan-iraq-kickoff-w1
600138,2026-01-05,Stallions Esports,NOBLES,2,0,https://www.vlr.gg/600138/stallions-esports-vs-nobles-challengers-2026-mena-resilience-gcc-pakistan-iraq-kickoff-w1
600139,2026-01-05,Howlers,MAYHEM,0,2,https://www.vlr.gg/600139/howlers-vs-mayhem-challengers-2026-mena-resilience-gcc-pakistan-iraq-kickoff-w1
600140,2026-01-05,Fraggerz,Yung,1,2,https://www.vlr.gg/600140/fraggerz-vs-yung-challengers-2026-mena-resilience-gcc-pakistan-iraq-kickoff-w1
600107,2026-01-06,GnG Esports,Vibranium Esports,2,1,https://www.vlr.gg/600107/gng-esports-vs-vibranium-esports-challengers-2026-mena-resilience-north-africa-and-levant-kick
600108,2026-01-06,Team RA'AD,Ghools Esports,0,2,https://www.vlr.gg/600108/team-raad-vs-ghools-esports-challengers-2026-mena-resilience-north-africa-and-levant-kickoff
600109,2026-01-06,One More Esports,RAFHA eSPORTS,2,0,https://www.vlr.gg/600109/one-more-esports-vs-rafha-esports-challengers-2026-mena-resilience-north-africa-and-levant-kic
600110,2026-01-06,BAAM Esports,Gamax Esports,0,2,https://www.vlr.gg/600110/baam-esports-vs-gamax-esports-challengers-2026-mena-resilience-north-africa-and-levant-kickoff
598954,2026-01-08,S8UL Esports,E-KING,10,13,https://www.vlr.gg/598954/s8ul-esports-vs-e-king-predator-league-2026-asia-pacific-a
598955,2026-01-08,Fancy United Esports,IGZIST,14,12,https://www.vlr.gg/598955/fancy-united-esports-vs-igzist-predator-league-2026-asia-pacific-a
598956,2026-01-08,IGZIST,S8UL Esports,13,7,https://www.vlr.gg/598956/igzist-vs-s8ul-esports-predator-league-2026-asia-pacific-a
598957,2026-01-08,E-KING,Fancy United Esports,4,13,https://www.vlr.gg/598957/e-king-vs-fancy-united-esports-predator-league-2026-asia-pacific-a
598958,2026-01-08,Fancy United Esports,S8UL Esports,13,9,https://www.vlr.gg/598958/fancy-united-esports-vs-s8ul-esports-predator-league-2026-asia-pacific-a
598959,2026-01-08,E-KING,IGZIST,13,15,https://www.vlr.gg/598959/e-king-vs-igzist-predator-league-2026-asia-pacific-a
598960,2026-01-08,GGEZ,Lee-Ming Penguin LIT,13,8,https://www.vlr.gg/598960/ggez-vs-lee-ming-penguin-lit-predator-league-2026-asia-pacific-b
598961,2026-01-08,Team NKT,BOOM Esports,9,13,https://www.vlr.gg/598961/team-nkt-vs-boom-esports-predator-league-2026-asia-pacific-b
598962,2026-01-08,BOOM Esports,GGEZ,13,4,https://www.vlr.gg/598962/boom-esports-vs-ggez-predator-league-2026-asia-pacific-b
598963,2026-01-08,Lee-Ming Penguin LIT,Team NKT,1,13,https://www.vlr.gg/598963/lee-ming-penguin-lit-vs-team-nkt-predator-league-2026-asia-pacific-b
598964,2026-01-08,Team NKT,GGEZ,13,11,https://www.vlr.gg/598964/team-nkt-vs-ggez-predator-league-2026-asia-pacific-b
598965,2026-01-08,Lee-Ming Penguin LIT,BOOM Esports,10,13,https://www.vlr.gg/598965/lee-ming-penguin-lit-vs-boom-esports-predator-league-2026-asia-pacific-b
598966,2026-01-08,Dream Chaser,Xipto Esports,2,13,https://www.vlr.gg/598966/dream-chaser-vs-xipto-esports-predator-league-2026-asia-pacific-c
598967,2026-01-08,Todak,Rex Regum Qeon,13,6,https://www.vlr.gg/598967/todak-vs-rex-regum-qeon-predator-league-2026-asia-pacific-c
598968,2026-01-08,Rex Regum Qeon,Dream Chaser,13,1,https://www.vlr.gg/598968/rex-regum-qeon-vs-dream-chaser-predator-league-2026-asia-pacific-c
598969,2026-01-08,Xipto Esports,Todak,13,7,https://www.vlr.gg/598969/xipto-esports-vs-todak-predator-league-2026-asia-pacific-c
598970,2026-01-08,Todak,Dream Chaser,13,2,https://www.vlr.gg/598970/todak-vs-dream-chaser-predator-league-2026-asia-pacific-c
598971,2026-01-08,Xipto Esports,Rex Regum Qeon,14,16,https://www.vlr.gg/598971/xipto-esports-vs-rex-regum-qeon-predator-league-2026-asia-pacific-c
598972,2026-01-08,Team IAM,Oasis Gaming,13,9,https://www.vlr.gg/598972/team-iam-vs-oasis-gaming-predator-league-2026-asia-pacific-d
598973,2026-01-08,Motiv Esports,Chaos Alliance,13,6,https://www.vlr.gg/598973/motiv-esports-vs-chaos-alliance-predator-league-2026-asia-pacific-d
598974,2026-01-08,Chaos Alliance,Team IAM,4,13,https://www.vlr.gg/598974/chaos-alliance-vs-team-iam-predator-league-2026-asia-pacific-d
598975,2026-01-08,Oasis Gaming,Motiv Esports,12,14,https://www.vlr.gg/598975/oasis-gaming-vs-motiv-esports-predator-league-2026-asia-pacific-d
598976,2026-01-08,Motiv Esports,Team IAM,2,13,https://www.vlr.gg/598976/motiv-esports-vs-team-iam-predator-league-2026-asia-pacific-d
598977,2026-01-08,Oasis Gaming,Chaos Alliance,13,9,https://www.vlr.gg/598977/oasis-gaming-vs-chaos-alliance-predator-league-2026-asia-pacific-d
543474,2026-01-09,Fancy United Esports,Team IAM,2,0,https://www.vlr.gg/543474/fancy-united-esports-vs-team-iam-predator-league-2026-asia-pacific-sf
543475,2026-01-09,BOOM Esports,Xipto Esports,2,0,https://www.vlr.gg/543475/boom-esports-vs-xipto-esports-predator-league-2026-asia-pacific-sf
600369,2026-01-09,Esprit Shōnen,Caldya Esport,1,2,https://www.vlr.gg/600369/esprit-sh-nen-vs-caldya-esport-challengers-2026-france-revolution-stage-1-w1
600370,2026-01-09,F9 EICAR,Erah Esport,0,2,https://www.vlr.gg/600370/f9-eicar-vs-erah-esport-challengers-2026-france-revolution-stage-1-w1
543476,2026-01-10,Fancy United Esports,BOOM Esports,2,0,https://www.vlr.gg/543476/fancy-united-esports-vs-boom-esports-predator-league-2026-asia-pacific-gf
600141,2026-01-10,Howlers,Yung,0,2,https://www.vlr.gg/600141/howlers-vs-yung-challengers-2026-mena-resilience-gcc-pakistan-iraq-kickoff-w2
600143,2026-01-10,Stallions Esports,MAYHEM,2,0,https://www.vlr.gg/600143/stallions-esports-vs-mayhem-challengers-2026-mena-resilience-gcc-pakistan-iraq-kickoff-w2
600371,2026-01-10,Mandatory,Esprit Shōnen,2,1,https://www.vlr.gg/600371/mandatory-vs-esprit-sh-nen-challengers-2026-france-revolution-stage-1-w1
600372,2026-01-10,Joblife,F9 EICAR,2,0,https://www.vlr.gg/600372/joblife-vs-f9-eicar-challengers-2026-france-revolution-stage-1-w1
600373,2026-01-10,Galions,WIP Esports,2,1,https://www.vlr.gg/600373/galions-vs-wip-esports-challengers-2026-france-revolution-stage-1-w1
600838,2026-01-10,Eternal Fire,Bushido Wildcats,2,1,https://www.vlr.gg/600838/eternal-fire-vs-bushido-wildcats-challengers-2026-t-rkiye-birlik-kickoff-w1
600839,2026-01-10,S2G Esports,Beşiktaş Esports,2,0,https://www.vlr.gg/600839/s2g-esports-vs-be-ikta-esports-challengers-2026-t-rkiye-birlik-kickoff-w1
601204,2026-01-10,Eintracht Frankfurt,Bodax Gaming,2,1,https://www.vlr.gg/601204/eintracht-frankfurt-vs-bodax-gaming-challengers-2026-dach-evolution-stage-1-r1
601205,2026-01-10,6GPA,ALTERNATE aTTaX,2,1,https://www.vlr.gg/601205/6gpa-vs-alternate-attax-challengers-2026-dach-evolution-stage-1-r1
598844,2026-01-11,Barça eSports,DNSTY,2,0,https://www.vlr.gg/598844/bar-a-esports-vs-dnsty-challengers-2026-spain-rising-split-1-r1
598845,2026-01-11,UCAM Esports Club,Otakar Esports,2,0,https://www.vlr.gg/598845/ucam-esports-club-vs-otakar-esports-challengers-2026-spain-rising-split-1-r1
600111,2026-01-11,One More Esports,Gamax Esports,2,0,https://www.vlr.gg/600111/one-more-esports-vs-gamax-esports-challengers-2026-mena-resilience-north-africa-and-levant-kic
600113,2026-01-11,RAFHA eSPORTS,Ghools Esports,0,2,https://www.vlr.gg/600113/rafha-esports-vs-ghools-esports-challengers-2026-mena-resilience-north-africa-and-levant-kicko
600374,2026-01-11,Erah Esport,WIP Esports,0,2,https://www.vlr.gg/600374/erah-esport-vs-wip-esports-challengers-2026-france-revolution-stage-1-w1
600375,2026-01-11,Mandatory,Galions,2,1,https://www.vlr.gg/600375/mandatory-vs-galions-challengers-2026-france-revolution-stage-1-w1
600376,2026-01-11,Joblife,Caldya Esport,2,0,https://www.vlr.gg/600376/joblife-vs-caldya-esport-challengers-2026-france-revolution-stage-1-w1
600840,2026-01-11,Galatasaray Esports,FUT Esports Academy,2,1,https://www.vlr.gg/600840/galatasaray-esports-vs-fut-esports-academy-challengers-2026-t-rkiye-birlik-kickoff-w1
600841,2026-01-11,Fire Flux Esports,Misa Esports,2,1,https://www.vlr.gg/600841/fire-flux-esports-vs-misa-esports-challengers-2026-t-rkiye-birlik-kickoff-w1
601206,2026-01-11,FOKUS,Dortmund eSports,2,0,https://www.vlr.gg/601206/fokus-vs-dortmund-esports-challengers-2026-dach-evolution-stage-1-r1
601207,2026-01-11,CGN Esports,RIZON,2,1,https://www.vlr.gg/601207/cgn-esports-vs-rizon-challengers-2026-dach-evolution-stage-1-r1
601764,2026-01-12,Eintracht Frankfurt,Dortmund eSports,13,11,https://www.vlr.gg/601764/eintracht-frankfurt-vs-dortmund-esports-challengers-2026-dach-evolution-stage-1-r1
601765,2026-01-12,6GPA,RIZON,7,13,https://www.vlr.gg/601765/6gpa-vs-rizon-challengers-2026-dach-evolution-stage-1-r1
601766,2026-01-12,ALTERNATE aTTaX,CGN Esports,11,13,https://www.vlr.gg/601766/alternate-attax-vs-cgn-esports-challengers-2026-dach-evolution-stage-1-r1
601767,2026-01-12,Bodax Gaming,FOKUS,6,13,https://www.vlr.gg/601767/bodax-gaming-vs-fokus-challengers-2026-dach-evolution-stage-1-r1
601829,2026-01-12,CGN Esports,Eintracht Frankfurt,11,13,https://www.vlr.gg/601829/cgn-esports-vs-eintracht-frankfurt-challengers-2026-dach-evolution-stage-1-r2
601830,2026-01-12,FOKUS,RIZON,13,5,https://www.vlr.gg/601830/fokus-vs-rizon-challengers-2026-dach-evolution-stage-1-r2
601831,2026-01-12,ALTERNATE aTTaX,Dortmund eSports,13,2,https://www.vlr.gg/601831/alternate-attax-vs-dortmund-esports-challengers-2026-dach-evolution-stage-1-r2
601832,2026-01-12,6GPA,Bodax Gaming,13,3,https://www.vlr.gg/601832/6gpa-vs-bodax-gaming-challengers-2026-dach-evolution-stage-1-r2
601915,2026-01-12,6GPA,ALTERNATE aTTaX,13,7,https://www.vlr.gg/601915/6gpa-vs-alternate-attax-challengers-2026-dach-evolution-stage-1-r3
601916,2026-01-12,RIZON,CGN Esports,14,12,https://www.vlr.gg/601916/rizon-vs-cgn-esports-challengers-2026-dach-evolution-stage-1-r3
601917,2026-01-12,Dortmund eSports,Bodax Gaming,13,2,https://www.vlr.gg/601917/dortmund-esports-vs-bodax-gaming-challengers-2026-dach-evolution-stage-1-r3
598850,2026-01-13,DNSTY,Ramboot Club,2,0,https://www.vlr.gg/598850/dnsty-vs-ramboot-club-challengers-2026-spain-rising-split-1-r3
598851,2026-01-13,NOVO Esports,Otakar Esports,2,0,https://www.vlr.gg/598851/novo-esports-vs-otakar-esports-challengers-2026-spain-rising-split-1-r3
596398,2026-01-15,LOUD,Cloud9,0,2,https://www.vlr.gg/596398/loud-vs-cloud9-vct-2026-americas-kickoff-ur1
596399,2026-01-15,ENVY,Evil Geniuses,2,1,https://www.vlr.gg/596399/envy-vs-evil-geniuses-vct-2026-americas-kickoff-ur1
602119,2026-01-15,6GPA,Dortmund eSports,13,3,https://www.vlr.gg/602119/6gpa-vs-dortmund-esports-challengers-2026-dach-evolution-stage-1-r1
602120,2026-01-15,ALTERNATE aTTaX,RIZON,7,13,https://www.vlr.gg/602120/alternate-attax-vs-rizon-challengers-2026-dach-evolution-stage-1-r1
602123,2026-01-15,Eintracht Frankfurt,6GPA,13,5,https://www.vlr.gg/602123/eintracht-frankfurt-vs-6gpa-challengers-2026-dach-evolution-stage-1-r2
602125,2026-01-15,Dortmund eSports,FOKUS,6,13,https://www.vlr.gg/602125/dortmund-esports-vs-fokus-challengers-2026-dach-evolution-stage-1-r2
602129,2026-01-15,FOKUS,RIZON,13,6,https://www.vlr.gg/602129/fokus-vs-rizon-challengers-2026-dach-evolution-stage-1-r3
602130,2026-01-15,ALTERNATE aTTaX,Dortmund eSports,8,13,https://www.vlr.gg/602130/alternate-attax-vs-dortmund-esports-challengers-2026-dach-evolution-stage-1-r3
596400,2026-01-16,KRÜ Esports,FURIA,1,2,https://www.vlr.gg/596400/kr-esports-vs-furia-vct-2026-americas-kickoff-ur1
596401,2026-01-16,100 Thieves,LEVIATÁN,2,1,https://www.vlr.gg/596401/100-thieves-vs-leviat-n-vct-2026-americas-kickoff-ur1
600377,2026-01-16,Esprit Shōnen,F9 EICAR,2,1,https://www.vlr.gg/600377/esprit-sh-nen-vs-f9-eicar-challengers-2026-france-revolution-stage-1-w2
600378,2026-01-16,Mandatory,Joblife,0,2,https://www.vlr.gg/600378/mandatory-vs-joblife-challengers-2026-france-revolution-stage-1-w2
596402,2026-01-17,NRG,Cloud9,2,0,https://www.vlr.gg/596402/nrg-vs-cloud9-vct-2026-americas-kickoff-ur2
596403,2026-01-17,MIBR,ENVY,2,0,https://www.vlr.gg/596403/mibr-vs-envy-vct-2026-americas-kickoff-ur2
600145,2026-01-17,Stallions Esports,Yung,2,0,https://www.vlr.gg/600145/stallions-esports-vs-yung-challengers-2026-mena-resilience-gcc-pakistan-iraq-kickoff-w3
600148,2026-01-17,Howlers,Fraggerz,0,2,https://www.vlr.gg/600148/howlers-vs-fraggerz-challengers-2026-mena-resilience-gcc-pakistan-iraq-kickoff-w3
600379,2026-01-17,Esprit Shōnen,WIP Esports,0,2,https://www.vlr.gg/600379/esprit-sh-nen-vs-wip-esports-challengers-2026-france-revolution-stage-1-w2
600380,2026-01-17,Galions,Caldya Esport,2,0,https://www.vlr.gg/600380/galions-vs-caldya-esport-challengers-2026-france-revolution-stage-1-w2
600381,2026-01-17,Joblife,Erah Esport,2,0,https://www.vlr.gg/600381/joblife-vs-erah-esport-challengers-2026-france-revolution-stage-1-w2
600842,2026-01-17,Fire Flux Esports,Galatasaray Esports,1,2,https://www.vlr.gg/600842/fire-flux-esports-vs-galatasaray-esports-challengers-2026-t-rkiye-birlik-kickoff-w2
600843,2026-01-17,Eternal Fire,Misa Esports,0,2,https://www.vlr.gg/600843/eternal-fire-vs-misa-esports-challengers-2026-t-rkiye-birlik-kickoff-w2
603380,2026-01-17,CGN Esports,Dortmund eSports,2,0,https://www.vlr.gg/603380/cgn-esports-vs-dortmund-esports-challengers-2026-dach-evolution-stage-1-r2
603381,2026-01-17,FOKUS,RIZON,2,0,https://www.vlr.gg/603381/fokus-vs-rizon-challengers-2026-dach-evolution-stage-1-r2
596404,2026-01-18,Sentinels,FURIA,0,2,https://www.vlr.gg/596404/sentinels-vs-furia-vct-2026-americas-kickoff-ur2
596405,2026-01-18,G2 Esports,100 Thieves,2,1,https://www.vlr.gg/596405/g2-esports-vs-100-thieves-vct-2026-americas-kickoff-ur2
598854,2026-01-18,Falke Esports,KPI Gaming,2,0,https://www.vlr.gg/598854/falke-esports-vs-kpi-gaming-challengers-2026-spain-rising-split-1-r4
600115,2026-01-18,Gamax Esports,Ghools Esports,2,1,https://www.vlr.gg/600115/gamax-esports-vs-ghools-esports-challengers-2026-mena-resilience-north-africa-and-levant-kicko
600118,2026-01-18,One More Esports,BAAM Esports,2,0,https://www.vlr.gg/600118/one-more-esports-vs-baam-esports-challengers-2026-mena-resilience-north-africa-and-levant-kick
600382,2026-01-18,WIP Esports,Caldya Esport,0,2,https://www.vlr.gg/600382/wip-esports-vs-caldya-esport-challengers-2026-france-revolution-stage-1-w2
600383,2026-01-18,Mandatory,F9 EICAR,2,0,https://www.vlr.gg/600383/mandatory-vs-f9-eicar-challengers-2026-france-revolution-stage-1-w2
600384,2026-01-18,Galions,Erah Esport,2,0,https://www.vlr.gg/600384/galions-vs-erah-esport-challengers-2026-france-revolution-stage-1-w2
600844,2026-01-18,FUT Esports Academy,Beşiktaş Esports,0,2,https://www.vlr.gg/600844/fut-esports-academy-vs-be-ikta-esports-challengers-2026-t-rkiye-birlik-kickoff-w2
600845,2026-01-18,S2G Esports,Bushido Wildcats,2,0,https://www.vlr.gg/600845/s2g-esports-vs-bushido-wildcats-challengers-2026-t-rkiye-birlik-kickoff-w2
603382,2026-01-18,6GPA,Bodax Gaming,2,0,https://www.vlr.gg/603382/6gpa-vs-bodax-gaming-challengers-2026-dach-evolution-stage-1-r2
603383,2026-01-18,Eintracht Frankfurt,ALTERNATE aTTaX,2,1,https://www.vlr.gg/603383/eintracht-frankfurt-vs-alternate-attax-challengers-2026-dach-evolution-stage-1-r2
598860,2026-01-19,Barça eSports,NOVO Esports,2,0,https://www.vlr.gg/598860/bar-a-esports-vs-novo-esports-challengers-2026-spain-rising-split-1-r5
598861,2026-01-19,Ramboot Club,Falke Esports,2,0,https://www.vlr.gg/598861/ramboot-club-vs-falke-esports-challengers-2026-spain-rising-split-1-r5
600846,2026-01-19,Misa Esports,Galatasaray Esports,2,1,https://www.vlr.gg/600846/misa-esports-vs-galatasaray-esports-challengers-2026-t-rkiye-birlik-kickoff-w2
600847,2026-01-19,Eternal Fire,Beşiktaş Esports,2,0,https://www.vlr.gg/600847/eternal-fire-vs-be-ikta-esports-challengers-2026-t-rkiye-birlik-kickoff-w2
602706,2026-01-19,NRG Academy,Alliance Guardians,2,0,https://www.vlr.gg/602706/nrg-academy-vs-alliance-guardians-challengers-2026-north-america-ace-stage-1-r1
602707,2026-01-19,Azure Dragon Gaming,SaD Esports,0,2,https://www.vlr.gg/602707/azure-dragon-gaming-vs-sad-esports-challengers-2026-north-america-ace-stage-1-r1
602708,2026-01-19,Nightblood Gaming,Evil Geniuses Academy,1,2,https://www.vlr.gg/602708/nightblood-gaming-vs-evil-geniuses-academy-challengers-2026-north-america-ace-stage-1-r1
602709,2026-01-19,QoR,sleepers,0,2,https://www.vlr.gg/602709/qor-vs-sleepers-challengers-2026-north-america-ace-stage-1-r1
604045,2026-01-19,ALTERNATE aTTaX,Dortmund eSports,13,11,https://www.vlr.gg/604045/alternate-attax-vs-dortmund-esports-challengers-2026-dach-evolution-stage-1-r1
604046,2026-01-19,Bodax Gaming,RIZON,7,13,https://www.vlr.gg/604046/bodax-gaming-vs-rizon-challengers-2026-dach-evolution-stage-1-r1
604047,2026-01-19,Eintracht Frankfurt,CGN Esports,13,8,https://www.vlr.gg/604047/eintracht-frankfurt-vs-cgn-esports-challengers-2026-dach-evolution-stage-1-r1
604048,2026-01-19,6GPA,FOKUS,7,13,https://www.vlr.gg/604048/6gpa-vs-fokus-challengers-2026-dach-evolution-stage-1-r1
605515,2026-01-19,FOKUS,RIZON,13,7,https://www.vlr.gg/605515/fokus-vs-rizon-challengers-2026-dach-evolution-stage-1-r2
605516,2026-01-19,Eintracht Frankfurt,ALTERNATE aTTaX,10,13,https://www.vlr.gg/605516/eintracht-frankfurt-vs-alternate-attax-challengers-2026-dach-evolution-stage-1-r2
605517,2026-01-19,Dortmund eSports,CGN Esports,14,12,https://www.vlr.gg/605517/dortmund-esports-vs-cgn-esports-challengers-2026-dach-evolution-stage-1-r2
605518,2026-01-19,6GPA,Bodax Gaming,13,5,https://www.vlr.gg/605518/6gpa-vs-bodax-gaming-challengers-2026-dach-evolution-stage-1-r2
605519,2026-01-19,FOKUS,ALTERNATE aTTaX,13,9,https://www.vlr.gg/605519/fokus-vs-alternate-attax-challengers-2026-dach-evolution-stage-1-r3
605520,2026-01-19,6GPA,Eintracht Frankfurt,5,13,https://www.vlr.gg/605520/6gpa-vs-eintracht-frankfurt-challengers-2026-dach-evolution-stage-1-r3
605521,2026-01-19,RIZON,Dortmund eSports,8,13,https://www.vlr.gg/605521/rizon-vs-dortmund-esports-challengers-2026-dach-evolution-stage-1-r3
594740,2026-01-20,Natus Vincere,Karmine Corp,2,0,https://www.vlr.gg/594740/natus-vincere-vs-karmine-corp-vct-2026-emea-kickoff-ur1
594741,2026-01-20,FUT Esports,Gentle Mates,0,2,https://www.vlr.gg/594741/fut-esports-vs-gentle-mates-vct-2026-emea-kickoff-ur1
602710,2026-01-20,M80,Evictix,2,0,https://www.vlr.gg/602710/m80-vs-evictix-challengers-2026-north-america-ace-stage-1-r1
602711,2026-01-20,Winthrop University,Pigeons,2,0,https://www.vlr.gg/602711/winthrop-university-vs-pigeons-challengers-2026-north-america-ace-stage-1-r1
602712,2026-01-20,Blue Otter,Shopify Rebellion Black,0,2,https://www.vlr.gg/602712/blue-otter-vs-shopify-rebellion-black-challengers-2026-north-america-ace-stage-1-r1
602713,2026-01-20,ROSE,YFP,0,2,https://www.vlr.gg/602713/rose-vs-yfp-challengers-2026-north-america-ace-stage-1-r1
594742,2026-01-21,PCIFIC Esports,BBL Esports,1,2,https://www.vlr.gg/594742/pcific-esports-vs-bbl-esports-vct-2026-emea-kickoff-ur1
594743,2026-01-21,ULF Esports,Team Vitality,0,2,https://www.vlr.gg/594743/ulf-esports-vs-team-vitality-vct-2026-emea-kickoff-ur1
606532,2026-01-21,NRG Academy,M80,2,0,https://www.vlr.gg/606532/nrg-academy-vs-m80-challengers-2026-north-america-ace-stage-1-r2-1-0
606533,2026-01-21,Blue Otter,Nightblood Gaming,1,2,https://www.vlr.gg/606533/blue-otter-vs-nightblood-gaming-challengers-2026-north-america-ace-stage-1-r2-0-1
606534,2026-01-21,Azure Dragon Gaming,ROSE,0,2,https://www.vlr.gg/606534/azure-dragon-gaming-vs-rose-challengers-2026-north-america-ace-stage-1-r2-0-1
606535,2026-01-21,QoR,Evictix,2,0,https://www.vlr.gg/606535/qor-vs-evictix-challengers-2026-north-america-ace-stage-1-r2-0-1
594744,2026-01-22,Team Heretics,Natus Vincere,1,2,https://www.vlr.gg/594744/team-heretics-vs-natus-vincere-vct-2026-emea-kickoff-ur2
594745,2026-01-22,GIANTX,Gentle Mates,0,2,https://www.vlr.gg/594745/giantx-vs-gentle-mates-vct-2026-emea-kickoff-ur2
595630,2026-01-22,Nongshim RedForce,Team Secret,2,0,https://www.vlr.gg/595630/nongshim-redforce-vs-team-secret-vct-2026-pacific-kickoff-ur1
595631,2026-01-22,ZETA DIVISION,FULL SENSE,0,2,https://www.vlr.gg/595631/zeta-division-vs-full-sense-vct-2026-pacific-kickoff-ur1
598923,2026-01-22,Trace Esports,Wolves Esports,1,2,https://www.vlr.gg/598923/trace-esports-vs-wolves-esports-vct-2026-china-kickoff-ur1
598924,2026-01-22,FunPlus Phoenix,TYLOO,0,2,https://www.vlr.gg/598924/funplus-phoenix-vs-tyloo-vct-2026-china-kickoff-ur1
606187,2026-01-22,EVOPLAY,VINFO Esports,2,0,https://www.vlr.gg/606187/evoplay-vs-vinfo-esports-challengers-2026-north-east-kickoff-r1
606189,2026-01-22,BONK,Bunkurs 13,2,1,https://www.vlr.gg/606189/bonk-vs-bunkurs-13-challengers-2026-north-east-kickoff-r1
606193,2026-01-22,CTRL Esports,Boogeymen,2,1,https://www.vlr.gg/606193/ctrl-esports-vs-boogeymen-challengers-2026-north-east-kickoff-r1
606536,2026-01-22,Winthrop University,SaD Esports,0,2,https://www.vlr.gg/606536/winthrop-university-vs-sad-esports-challengers-2026-north-america-ace-stage-1-r2-1-0
606537,2026-01-22,Alliance Guardians,Pigeons,2,0,https://www.vlr.gg/606537/alliance-guardians-vs-pigeons-challengers-2026-north-america-ace-stage-1-r2-0-1
606538,2026-01-22,sleepers,Shopify Rebellion Black,2,1,https://www.vlr.gg/606538/sleepers-vs-shopify-rebellion-black-challengers-2026-north-america-ace-stage-1-r2-1-0
606539,2026-01-22,Evil Geniuses Academy,YFP,2,1,https://www.vlr.gg/606539/evil-geniuses-academy-vs-yfp-challengers-2026-north-america-ace-stage-1-r2-1-0
594746,2026-01-23,FNATIC,BBL Esports,0,2,https://www.vlr.gg/594746/fnatic-vs-bbl-esports-vct-2026-emea-kickoff-ur2
594747,2026-01-23,Team Liquid,Team Vitality,1,2,https://www.vlr.gg/594747/team-liquid-vs-team-vitality-vct-2026-emea-kickoff-ur2
595632,2026-01-23,VARREL,Global Esports,0,2,https://www.vlr.gg/595632/varrel-vs-global-esports-vct-2026-pacific-kickoff-ur1
595633,2026-01-23,DetonatioN FocusMe,Gen.G,2,0,https://www.vlr.gg/595633/detonation-focusme-vs-gen-g-vct-2026-pacific-kickoff-ur1
596409,2026-01-23,LOUD,100 Thieves,1,2,https://www.vlr.gg/596409/loud-vs-100-thieves-vct-2026-americas-kickoff-mr1
596410,2026-01-23,Evil Geniuses,Sentinels,0,2,https://www.vlr.gg/596410/evil-geniuses-vs-sentinels-vct-2026-americas-kickoff-mr1
598921,2026-01-23,All Gamers,Nova Esports,2,0,https://www.vlr.gg/598921/all-gamers-vs-nova-esports-vct-2026-china-kickoff-ur1
598922,2026-01-23,JD Gaming,Titan Esports Club,2,1,https://www.vlr.gg/598922/jdg-esports-vs-titan-esports-club-vct-2026-china-kickoff-ur1
608157,2026-01-23,BONK,CTRL Esports,0,2,https://www.vlr.gg/608157/bonk-vs-ctrl-esports-challengers-2026-north-east-kickoff-r2
595634,2026-01-24,T1,Nongshim RedForce,1,2,https://www.vlr.gg/595634/t1-vs-nongshim-redforce-vct-2026-pacific-kickoff-ur2
595635,2026-01-24,KIWOOM DRX,FULL SENSE,1,2,https://www.vlr.gg/595635/drx-vs-full-sense-vct-2026-pacific-kickoff-ur2
596411,2026-01-24,KRÜ Esports,ENVY,1,2,https://www.vlr.gg/596411/kr-esports-vs-envy-vct-2026-americas-kickoff-mr1
596412,2026-01-24,LEVIATÁN,Cloud9,0,2,https://www.vlr.gg/596412/leviat-n-vs-cloud9-vct-2026-americas-kickoff-mr1
598927,2026-01-24,Xi Lai Gaming,Wolves Esports,2,0,https://www.vlr.gg/598927/xi-lai-gaming-vs-wolves-esports-vct-2026-china-kickoff-ur2
598928,2026-01-24,EDward Gaming,TYLOO,2,0,https://www.vlr.gg/598928/edward-gaming-vs-tyloo-vct-2026-china-kickoff-ur2
600150,2026-01-24,Stallions Esports,Fraggerz,2,1,https://www.vlr.gg/600150/stallions-esports-vs-fraggerz-challengers-2026-mena-resilience-gcc-pakistan-iraq-kickoff-w4
600151,2026-01-24,AlQadsiah Esports,Yung,2,0,https://www.vlr.gg/600151/alqadsiah-esports-vs-yung-challengers-2026-mena-resilience-gcc-pakistan-iraq-kickoff-w4
600385,2026-01-24,Mandatory,Erah Esport,2,0,https://www.vlr.gg/600385/mandatory-vs-erah-esport-challengers-2026-france-revolution-stage-1-w3
600386,2026-01-24,F9 EICAR,Caldya Esport,2,1,https://www.vlr.gg/600386/f9-eicar-vs-caldya-esport-challengers-2026-france-revolution-stage-1-w3
600387,2026-01-24,Joblife,Galions,2,1,https://www.vlr.gg/600387/joblife-vs-galions-challengers-2026-france-revolution-stage-1-w3
600848,2026-01-24,Fire Flux Esports,S2G Esports,0,2,https://www.vlr.gg/600848/fire-flux-esports-vs-s2g-esports-challengers-2026-t-rkiye-birlik-kickoff-w3
600849,2026-01-24,Misa Esports,FUT Esports Academy,2,0,https://www.vlr.gg/600849/misa-esports-vs-fut-esports-academy-challengers-2026-t-rkiye-birlik-kickoff-w3
603384,2026-01-24,Eintracht Frankfurt,6GPA,2,1,https://www.vlr.gg/603384/eintracht-frankfurt-vs-6gpa-challengers-2026-dach-evolution-stage-1-r3
603385,2026-01-24,ALTERNATE aTTaX,Bodax Gaming,2,0,https://www.vlr.gg/603385/alternate-attax-vs-bodax-gaming-challengers-2026-dach-evolution-stage-1-r3
608262,2026-01-24,UNIWAY,CTRL Esports,1,2,https://www.vlr.gg/608262/uniway-vs-ctrl-esports-challengers-2026-north-east-kickoff-r3
595636,2026-01-25,Paper Rex,Global Esports,2,1,https://www.vlr.gg/595636/paper-rex-vs-global-esports-vct-2026-pacific-kickoff-ur2
595637,2026-01-25,Rex Regum Qeon,DetonatioN FocusMe,2,0,https://www.vlr.gg/595637/rex-regum-qeon-vs-detonation-focusme-vct-2026-pacific-kickoff-ur2
596413,2026-01-25,100 Thieves,Sentinels,2,0,https://www.vlr.gg/596413/100-thieves-vs-sentinels-vct-2026-americas-kickoff-mr2
596414,2026-01-25,ENVY,Cloud9,1,2,https://www.vlr.gg/596414/envy-vs-cloud9-vct-2026-americas-kickoff-mr2
598863,2026-01-25,Falke Esports,UCAM Esports Club,0,2,https://www.vlr.gg/598863/falke-esports-vs-ucam-esports-club-challengers-2026-spain-rising-stage-1-r6
598864,2026-01-25,DNSTY,Otakar Esports,2,0,https://www.vlr.gg/598864/dnsty-vs-otakar-esports-challengers-2026-spain-rising-stage-1-r6
598865,2026-01-25,KPI Gaming,NOVO Esports,0,2,https://www.vlr.gg/598865/kpi-gaming-vs-novo-esports-challengers-2026-spain-rising-stage-1-r6
598925,2026-01-25,Bilibili Gaming,All Gamers,0,2,https://www.vlr.gg/598925/bilibili-gaming-vs-all-gamers-vct-2026-china-kickoff-ur2
598926,2026-01-25,Dragon Ranger Gaming,JD Gaming,2,1,https://www.vlr.gg/598926/dragon-ranger-gaming-vs-jdg-esports-vct-2026-china-kickoff-ur2
600119,2026-01-25,RAFHA eSPORTS,Team RA'AD,0,2,https://www.vlr.gg/600119/rafha-esports-vs-team-raad-challengers-2026-mena-resilience-north-africa-and-levant-kickoff-w
600121,2026-01-25,Gamax Esports,GnG Esports,1,2,https://www.vlr.gg/600121/gamax-esports-vs-gng-esports-challengers-2026-mena-resilience-north-africa-and-levant-kickoff
600388,2026-01-25,Mandatory,Caldya Esport,2,0,https://www.vlr.gg/600388/mandatory-vs-caldya-esport-challengers-2026-france-revolution-stage-1-w3
600389,2026-01-25,Esprit Shōnen,Erah Esport,2,0,https://www.vlr.gg/600389/esprit-sh-nen-vs-erah-esport-challengers-2026-france-revolution-stage-1-w3
600390,2026-01-25,F9 EICAR,WIP Esports,0,2,https://www.vlr.gg/600390/f9-eicar-vs-wip-esports-challengers-2026-france-revolution-stage-1-w3
600850,2026-01-25,Beşiktaş Esports,Bushido Wildcats,2,0,https://www.vlr.gg/600850/be-ikta-esports-vs-bushido-wildcats-challengers-2026-t-rkiye-birlik-kickoff-w3
600851,2026-01-25,Eternal Fire,Galatasaray Esports,2,1,https://www.vlr.gg/600851/eternal-fire-vs-galatasaray-esports-challengers-2026-t-rkiye-birlik-kickoff-w3
603386,2026-01-25,FOKUS,CGN Esports,2,0,https://www.vlr.gg/603386/fokus-vs-cgn-esports-challengers-2026-dach-evolution-stage-1-r3
603387,2026-01-25,RIZON,Dortmund eSports,0,2,https://www.vlr.gg/603387/rizon-vs-dortmund-esports-challengers-2026-dach-evolution-stage-1-r3
598866,2026-01-26,Otakar Esports,Falke Esports,2,0,https://www.vlr.gg/598866/otakar-esports-vs-falke-esports-challengers-2026-spain-rising-stage-1-r7
598868,2026-01-26,UCAM Esports Club,Barça eSports,0,2,https://www.vlr.gg/598868/ucam-esports-club-vs-bar-a-esports-challengers-2026-spain-rising-stage-1-r7
598869,2026-01-26,NOVO Esports,Ramboot Club,2,0,https://www.vlr.gg/598869/novo-esports-vs-ramboot-club-challengers-2026-spain-rising-stage-1-r7
600852,2026-01-26,Misa Esports,S2G Esports,2,0,https://www.vlr.gg/600852/misa-esports-vs-s2g-esports-challengers-2026-t-rkiye-birlik-kickoff-w3
600853,2026-01-26,FUT Esports Academy,Fire Flux Esports,1,2,https://www.vlr.gg/600853/fut-esports-academy-vs-fire-flux-esports-challengers-2026-t-rkiye-birlik-kickoff-w3
604657,2026-01-26,ALT F4,ShindeN,0,2,https://www.vlr.gg/604657/alt-f4-vs-shinden-challengers-2026-latam-south-ace-stage-1-w1
604658,2026-01-26,OXEN,LEVIATÁN Academy,2,1,https://www.vlr.gg/604658/oxen-vs-leviat-n-academy-challengers-2026-latam-south-ace-stage-1-w1
604687,2026-01-26,FUSION,LYON,0,2,https://www.vlr.gg/604687/fusion-vs-lyon-challengers-2026-latam-north-ace-stage-1-w1
604688,2026-01-26,FUEGO,Tezcat Gaming,2,0,https://www.vlr.gg/604688/fuego-vs-tezcat-gaming-challengers-2026-latam-north-ace-stage-1-w1
607637,2026-01-26,GIANTX GC,Karmine Corp GC,0,2,https://www.vlr.gg/607637/giantx-gc-vs-karmine-corp-gc-game-changers-2026-emea-stage-1-w1
607639,2026-01-26,G2 Gozen,SK Nebula,2,0,https://www.vlr.gg/607639/g2-gozen-vs-sk-nebula-game-changers-2026-emea-stage-1-w1
608589,2026-01-26,ALTERNATE aTTaX,FOKUS,2,13,https://www.vlr.gg/608589/alternate-attax-vs-fokus-challengers-2026-dach-evolution-stage-1-r1
609055,2026-01-26,Blue Otter,Pigeons,1,2,https://www.vlr.gg/609055/blue-otter-vs-pigeons-challengers-2026-north-america-ace-stage-1-r3-0-2
609056,2026-01-26,Evictix,Azure Dragon Gaming,2,1,https://www.vlr.gg/609056/evictix-vs-azure-dragon-gaming-challengers-2026-north-america-ace-stage-1-r3-0-2
609057,2026-01-26,Nightblood Gaming,YFP,1,2,https://www.vlr.gg/609057/nightblood-gaming-vs-yfp-challengers-2026-north-america-ace-stage-1-r3-1-1
609059,2026-01-26,Shopify Rebellion Black,Winthrop University,2,1,https://www.vlr.gg/609059/shopify-rebellion-black-vs-winthrop-university-challengers-2026-north-america-ace-stage-1-r3-1
610391,2026-01-26,Eintracht Frankfurt,CGN Esports,13,9,https://www.vlr.gg/610391/eintracht-frankfurt-vs-cgn-esports-challengers-2026-dach-evolution-stage-1-r2
610395,2026-01-26,FOKUS,Eintracht Frankfurt,13,10,https://www.vlr.gg/610395/fokus-vs-eintracht-frankfurt-challengers-2026-dach-evolution-stage-1-r3
594751,2026-01-27,Karmine Corp,Team Liquid,1,2,https://www.vlr.gg/594751/karmine-corp-vs-team-liquid-vct-2026-emea-kickoff-mr1
594752,2026-01-27,FUT Esports,FNATIC,1,2,https://www.vlr.gg/594752/fut-esports-vs-fnatic-vct-2026-emea-kickoff-mr1
604659,2026-01-27,9z Globant,Farenvehn,0,2,https://www.vlr.gg/604659/9z-team-vs-farenvehn-challengers-2026-latam-south-ace-stage-1-w1
604660,2026-01-27,AURA,KRÜ SPARK,2,0,https://www.vlr.gg/604660/aura-vs-kr-spark-challengers-2026-latam-south-ace-stage-1-w1
604689,2026-01-27,AB3 Esports,LAZER,0,2,https://www.vlr.gg/604689/ab3-esports-vs-lazer-challengers-2026-latam-north-ace-stage-1-w1
604690,2026-01-27,Chivas Esports,Contra,1,2,https://www.vlr.gg/604690/chivas-esports-vs-contra-challengers-2026-latam-north-ace-stage-1-w1
607640,2026-01-27,Karmine Corp GC,ALTERNATE aTTaX Ruby,1,2,https://www.vlr.gg/607640/karmine-corp-gc-vs-alternate-attax-ruby-game-changers-2026-emea-stage-1-w1
607641,2026-01-27,G2 Gozen,GIANTX GC,2,1,https://www.vlr.gg/607641/g2-gozen-vs-giantx-gc-game-changers-2026-emea-stage-1-w1
607642,2026-01-27,Gentle Mates GC,Barça eSports GC,2,0,https://www.vlr.gg/607642/gentle-mates-gc-vs-bar-a-esports-gc-game-changers-2026-emea-stage-1-w1
607643,2026-01-27,Joblife GC,ZennIT Orange GC,0,2,https://www.vlr.gg/607643/joblife-gc-vs-zennit-orange-gc-game-changers-2026-emea-stage-1-w1
609053,2026-01-27,NRG Academy,Evil Geniuses Academy,2,1,https://www.vlr.gg/609053/nrg-academy-vs-evil-geniuses-academy-challengers-2026-north-america-ace-stage-1-r3-2-0
609054,2026-01-27,SaD Esports,sleepers,2,1,https://www.vlr.gg/609054/sad-esports-vs-sleepers-challengers-2026-north-america-ace-stage-1-r3-2-0
609060,2026-01-27,Alliance Guardians,ROSE,2,1,https://www.vlr.gg/609060/alliance-guardians-vs-rose-challengers-2026-north-america-ace-stage-1-r3-1-1
609061,2026-01-27,M80,QoR,0,2,https://www.vlr.gg/609061/m80-vs-qor-challengers-2026-north-america-ace-stage-1-r3-1-1
594753,2026-01-28,PCIFIC Esports,GIANTX,1,2,https://www.vlr.gg/594753/pcific-esports-vs-giantx-vct-2026-emea-kickoff-mr1
594754,2026-01-28,ULF Esports,Team Heretics,0,2,https://www.vlr.gg/594754/ulf-esports-vs-team-heretics-vct-2026-emea-kickoff-mr1
598932,2026-01-28,Nova Esports,TYLOO,0,2,https://www.vlr.gg/598932/nova-esports-vs-tyloo-vct-2026-china-kickoff-mr1
598933,2026-01-28,Titan Esports Club,Wolves Esports,2,1,https://www.vlr.gg/598933/titan-esports-club-vs-wolves-esports-vct-2026-china-kickoff-mr1
604661,2026-01-28,LEVIATÁN Academy,ShindeN,0,2,https://www.vlr.gg/604661/leviat-n-academy-vs-shinden-challengers-2026-latam-south-ace-stage-1-w1
604662,2026-01-28,ALT F4,AURA,2,0,https://www.vlr.gg/604662/alt-f4-vs-aura-challengers-2026-latam-south-ace-stage-1-w1
604691,2026-01-28,Tezcat Gaming,LYON,1,2,https://www.vlr.gg/604691/tezcat-gaming-vs-lyon-challengers-2026-latam-north-ace-stage-1-w1
604692,2026-01-28,FUSION,AB3 Esports,0,2,https://www.vlr.gg/604692/fusion-vs-ab3-esports-challengers-2026-latam-north-ace-stage-1-w1
607644,2026-01-28,G2 Gozen,ZennIT Orange GC,2,0,https://www.vlr.gg/607644/g2-gozen-vs-zennit-orange-gc-game-changers-2026-emea-stage-1-w1
607645,2026-01-28,GIANTX GC,Barça eSports GC,2,0,https://www.vlr.gg/607645/giantx-gc-vs-bar-a-esports-gc-game-changers-2026-emea-stage-1-w1
607646,2026-01-28,Gentle Mates GC,ALTERNATE aTTaX Ruby,1,2,https://www.vlr.gg/607646/gentle-mates-gc-vs-alternate-attax-ruby-game-changers-2026-emea-stage-1-w1
607647,2026-01-28,Karmine Corp GC,SK Nebula,1,2,https://www.vlr.gg/607647/karmine-corp-gc-vs-sk-nebula-game-changers-2026-emea-stage-1-w1
608869,2026-01-28,2Game Esports,INTZ,2,0,https://www.vlr.gg/608869/2game-esports-vs-intz-challengers-2026-brazil-gamers-club-stage-1-w1
608870,2026-01-28,HOLY,Remo Esports,2,0,https://www.vlr.gg/608870/holy-vs-remo-esports-challengers-2026-brazil-gamers-club-stage-1-w1
608871,2026-01-28,MIBR Academy,ELEVATE,1,2,https://www.vlr.gg/608871/mibr-academy-vs-elevate-challengers-2026-brazil-gamers-club-stage-1-w1
611874,2026-01-28,Blue Otter,Azure Dragon Gaming,0,2,https://www.vlr.gg/611874/blue-otter-vs-azure-dragon-gaming-challengers-2026-north-america-ace-stage-1-r4-0-3
611875,2026-01-28,Nightblood Gaming,Pigeons,1,2,https://www.vlr.gg/611875/nightblood-gaming-vs-pigeons-challengers-2026-north-america-ace-stage-1-r4-1-2
611876,2026-01-28,Winthrop University,M80,0,2,https://www.vlr.gg/611876/winthrop-university-vs-m80-challengers-2026-north-america-ace-stage-1-r4-1-2
611877,2026-01-28,Evictix,ROSE,2,1,https://www.vlr.gg/611877/evictix-vs-rose-challengers-2026-north-america-ace-stage-1-r4-1-2
594748,2026-01-29,Natus Vincere,Gentle Mates,0,2,https://www.vlr.gg/594748/natus-vincere-vs-gentle-mates-vct-2026-emea-kickoff-ur3
594749,2026-01-29,BBL Esports,Team Vitality,2,0,https://www.vlr.gg/594749/bbl-esports-vs-team-vitality-vct-2026-emea-kickoff-ur3
595641,2026-01-29,Team Secret,DetonatioN FocusMe,0,2,https://www.vlr.gg/595641/team-secret-vs-detonation-focusme-vct-2026-pacific-kickoff-mr1
595642,2026-01-29,ZETA DIVISION,Global Esports,0,2,https://www.vlr.gg/595642/zeta-division-vs-global-esports-vct-2026-pacific-kickoff-mr1
598934,2026-01-29,Trace Esports,JD Gaming,2,1,https://www.vlr.gg/598934/trace-esports-vs-jdg-esports-vct-2026-china-kickoff-mr1
598935,2026-01-29,FunPlus Phoenix,Bilibili Gaming,0,2,https://www.vlr.gg/598935/funplus-phoenix-vs-bilibili-gaming-vct-2026-china-kickoff-mr1
604663,2026-01-29,9z Globant,KRÜ SPARK,1,2,https://www.vlr.gg/604663/9z-team-vs-kr-spark-challengers-2026-latam-south-ace-stage-1-w1
604664,2026-01-29,OXEN,Farenvehn,0,2,https://www.vlr.gg/604664/oxen-vs-farenvehn-challengers-2026-latam-south-ace-stage-1-w1
604693,2026-01-29,FUEGO,Contra,0,2,https://www.vlr.gg/604693/fuego-vs-contra-challengers-2026-latam-north-ace-stage-1-w1
604694,2026-01-29,Chivas Esports,LAZER,2,0,https://www.vlr.gg/604694/chivas-esports-vs-lazer-challengers-2026-latam-north-ace-stage-1-w1
607648,2026-01-29,Twisted Minds Orchid,ZennIT Orange GC,0,2,https://www.vlr.gg/607648/twisted-minds-orchid-vs-zennit-orange-gc-game-changers-2026-emea-stage-1-w1
607649,2026-01-29,ALTERNATE aTTaX Ruby,SK Nebula,0,2,https://www.vlr.gg/607649/alternate-attax-ruby-vs-sk-nebula-game-changers-2026-emea-stage-1-w1
607650,2026-01-29,G2 Gozen,Barça eSports GC,2,0,https://www.vlr.gg/607650/g2-gozen-vs-bar-a-esports-gc-game-changers-2026-emea-stage-1-w1
607651,2026-01-29,Gentle Mates GC,Joblife GC,2,0,https://www.vlr.gg/607651/gentle-mates-gc-vs-joblife-gc-game-changers-2026-emea-stage-1-w1
608872,2026-01-29,RED Canids,Team Solid,0,2,https://www.vlr.gg/608872/red-canids-vs-team-solid-challengers-2026-brazil-gamers-club-stage-1-w1
608873,2026-01-29,Paysandu Esports,PEEK,0,2,https://www.vlr.gg/608873/paysandu-esports-vs-peek-challengers-2026-brazil-gamers-club-stage-1-w1
608874,2026-01-29,FURIA Academy,TBK Esports,1,2,https://www.vlr.gg/608874/furia-academy-vs-tbk-esports-challengers-2026-brazil-gamers-club-stage-1-w1
611878,2026-01-29,NRG Academy,SaD Esports,1,2,https://www.vlr.gg/611878/nrg-academy-vs-sad-esports-challengers-2026-north-america-ace-stage-1-r4-3-0
611879,2026-01-29,Evil Geniuses Academy,Shopify Rebellion Black,0,2,https://www.vlr.gg/611879/evil-geniuses-academy-vs-shopify-rebellion-black-challengers-2026-north-america-ace-stage-1-r4
611880,2026-01-29,QoR,YFP,2,1,https://www.vlr.gg/611880/qor-vs-yfp-challengers-2026-north-america-ace-stage-1-r4-2-1
611881,2026-01-29,sleepers,Alliance Guardians,2,0,https://www.vlr.gg/611881/sleepers-vs-alliance-guardians-challengers-2026-north-america-ace-stage-1-r4-2-1
594755,2026-01-30,Team Liquid,FNATIC,0,2,https://www.vlr.gg/594755/team-liquid-vs-fnatic-vct-2026-emea-kickoff-mr2
594756,2026-01-30,GIANTX,Team Heretics,2,0,https://www.vlr.gg/594756/giantx-vs-team-heretics-vct-2026-emea-kickoff-mr2
595643,2026-01-30,VARREL,KIWOOM DRX,1,2,https://www.vlr.gg/595643/varrel-vs-drx-vct-2026-pacific-kickoff-mr1
595644,2026-01-30,Gen.G,T1,1,2,https://www.vlr.gg/595644/gen-g-vs-t1-vct-2026-pacific-kickoff-mr1
596406,2026-01-30,NRG,MIBR,1,2,https://www.vlr.gg/596406/nrg-vs-mibr-vct-2026-americas-kickoff-ur3
596407,2026-01-30,FURIA,G2 Esports,2,1,https://www.vlr.gg/596407/furia-vs-g2-esports-vct-2026-americas-kickoff-ur3
598936,2026-01-30,TYLOO,Titan Esports Club,2,1,https://www.vlr.gg/598936/tyloo-vs-titan-esports-club-vct-2026-china-kickoff-mr2
598937,2026-01-30,Trace Esports,Bilibili Gaming,0,2,https://www.vlr.gg/598937/trace-esports-vs-bilibili-gaming-vct-2026-china-kickoff-mr2
595638,2026-01-31,Nongshim RedForce,FULL SENSE,2,0,https://www.vlr.gg/595638/nongshim-redforce-vs-full-sense-vct-2026-pacific-kickoff-ur3
595639,2026-01-31,Paper Rex,Rex Regum Qeon,0,2,https://www.vlr.gg/595639/paper-rex-vs-rex-regum-qeon-vct-2026-pacific-kickoff-ur3
596419,2026-01-31,LOUD,Evil Geniuses,0,2,https://www.vlr.gg/596419/loud-vs-evil-geniuses-vct-2026-americas-kickoff-lr1
596420,2026-01-31,KRÜ Esports,LEVIATÁN,0,2,https://www.vlr.gg/596420/kr-esports-vs-leviat-n-vct-2026-americas-kickoff-lr1
598929,2026-01-31,All Gamers,Dragon Ranger Gaming,2,1,https://www.vlr.gg/598929/all-gamers-vs-dragon-ranger-gaming-vct-2026-china-kickoff-ur3
598942,2026-01-31,Nova Esports,Wolves Esports,1,2,https://www.vlr.gg/598942/nova-esports-vs-wolves-esports-vct-2026-china-kickoff-lr1
600391,2026-01-31,Caldya Esport,Erah Esport,2,0,https://www.vlr.gg/600391/caldya-esport-vs-erah-esport-challengers-2026-france-revolution-stage-1-w4
600392,2026-01-31,Esprit Shōnen,Galions,0,2,https://www.vlr.gg/600392/esprit-sh-nen-vs-galions-challengers-2026-france-revolution-stage-1-w4
600393,2026-01-31,Joblife,WIP Esports,1,2,https://www.vlr.gg/600393/joblife-vs-wip-esports-challengers-2026-france-revolution-stage-1-w4
600856,2026-01-31,Eternal Fire,FUT Esports Academy,0,2,https://www.vlr.gg/600856/eternal-fire-vs-fut-esports-academy-challengers-2026-t-rkiye-birlik-kickoff-w4
600857,2026-01-31,Galatasaray Esports,S2G Esports,1,2,https://www.vlr.gg/600857/galatasaray-esports-vs-s2g-esports-challengers-2026-t-rkiye-birlik-kickoff-w4
611675,2026-01-31,RIZON,Bodax Gaming,2,1,https://www.vlr.gg/611675/rizon-vs-bodax-gaming-challengers-2026-dach-evolution-stage-1-elim
611676,2026-01-31,Dortmund eSports,ALTERNATE aTTaX,1,2,https://www.vlr.gg/611676/dortmund-esports-vs-alternate-attax-challengers-2026-dach-evolution-stage-1-ubf
595645,2026-02-01,DetonatioN FocusMe,Global Esports,2,1,https://www.vlr.gg/595645/detonation-focusme-vs-global-esports-vct-2026-pacific-kickoff-mr2
595646,2026-02-01,KIWOOM DRX,T1,0,2,https://www.vlr.gg/595646/drx-vs-t1-vct-2026-pacific-kickoff-mr2
596415,2026-02-01,NRG,100 Thieves,2,0,https://www.vlr.gg/596415/nrg-vs-100-thieves-vct-2026-americas-kickoff-mr3
596416,2026-02-01,G2 Esports,Cloud9,2,0,https://www.vlr.gg/596416/g2-esports-vs-cloud9-vct-2026-americas-kickoff-mr3
598930,2026-02-01,Xi Lai Gaming,EDward Gaming,2,0,https://www.vlr.gg/598930/xi-lai-gaming-vs-edward-gaming-vct-2026-china-kickoff-ur3
598943,2026-02-01,JD Gaming,FunPlus Phoenix,2,1,https://www.vlr.gg/598943/jdg-esports-vs-funplus-phoenix-vct-2026-china-kickoff-lr1
600124,2026-02-01,Gamax Esports,Team RA'AD,2,0,https://www.vlr.gg/600124/gamax-esports-vs-team-raad-challengers-2026-mena-resilience-north-africa-and-levant-kickoff-w
600125,2026-02-01,BAAM Esports,GnG Esports,0,2,https://www.vlr.gg/600125/baam-esports-vs-gng-esports-challengers-2026-mena-resilience-north-africa-and-levant-kickoff-w
600394,2026-02-01,Galions,F9 EICAR,2,0,https://www.vlr.gg/600394/galions-vs-f9-eicar-challengers-2026-france-revolution-stage-1-w4
600395,2026-02-01,Mandatory,WIP Esports,2,0,https://www.vlr.gg/600395/mandatory-vs-wip-esports-challengers-2026-france-revolution-stage-1-w4
600396,2026-02-01,Joblife,Esprit Shōnen,2,0,https://www.vlr.gg/600396/joblife-vs-esprit-sh-nen-challengers-2026-france-revolution-stage-1-w4
600858,2026-02-01,Bushido Wildcats,Misa Esports,0,2,https://www.vlr.gg/600858/bushido-wildcats-vs-misa-esports-challengers-2026-t-rkiye-birlik-kickoff-w4
600859,2026-02-01,Beşiktaş Esports,Fire Flux Esports,2,0,https://www.vlr.gg/600859/be-ikta-esports-vs-fire-flux-esports-challengers-2026-t-rkiye-birlik-kickoff-w4
610260,2026-02-01,Eintracht Frankfurt,FOKUS,0,2,https://www.vlr.gg/610260/eintracht-frankfurt-vs-fokus-challengers-2026-dach-evolution-stage-1-tiebreaker
610430,2026-02-01,Barça eSports,UCAM Esports Club,2,3,https://www.vlr.gg/610430/bar-a-esports-vs-ucam-esports-club-challengers-2026-spain-rising-stage-1-sf
611677,2026-02-01,Dortmund eSports,RIZON,2,1,https://www.vlr.gg/611677/dortmund-esports-vs-rizon-challengers-2026-dach-evolution-stage-1-decider
600860,2026-02-02,Eternal Fire,S2G Esports,2,1,https://www.vlr.gg/600860/eternal-fire-vs-s2g-esports-challengers-2026-t-rkiye-birlik-kickoff-w4
600861,2026-02-02,Bushido Wildcats,Fire Flux Esports,1,2,https://www.vlr.gg/600861/bushido-wildcats-vs-fire-flux-esports-challengers-2026-t-rkiye-birlik-kickoff-w4
604665,2026-02-02,ALT F4,OXEN,1,2,https://www.vlr.gg/604665/alt-f4-vs-oxen-challengers-2026-latam-south-ace-stage-1-w2
604666,2026-02-02,9z Globant,AURA,2,0,https://www.vlr.gg/604666/9z-team-vs-aura-challengers-2026-latam-south-ace-stage-1-w2
604695,2026-02-02,FUSION,Chivas Esports,0,2,https://www.vlr.gg/604695/fusion-vs-chivas-esports-challengers-2026-latam-north-ace-stage-1-w2
604696,2026-02-02,AB3 Esports,LYON,0,2,https://www.vlr.gg/604696/ab3-esports-vs-lyon-challengers-2026-latam-north-ace-stage-1-w2
607653,2026-02-02,GIANTX GC,SK Nebula,1,2,https://www.vlr.gg/607653/giantx-gc-vs-sk-nebula-game-changers-2026-emea-stage-1-w2
607654,2026-02-02,Joblife GC,Twisted Minds Orchid,0,2,https://www.vlr.gg/607654/joblife-gc-vs-twisted-minds-orchid-game-changers-2026-emea-stage-1-w2
607655,2026-02-02,G2 Gozen,Gentle Mates GC,2,1,https://www.vlr.gg/607655/g2-gozen-vs-gentle-mates-gc-game-changers-2026-emea-stage-1-w2
610431,2026-02-02,NOVO Esports,DNSTY,3,2,https://www.vlr.gg/610431/novo-esports-vs-dnsty-challengers-2026-spain-rising-stage-1-sf
611989,2026-02-02,Enterprise Esports,Pixel Lumina,3,0,https://www.vlr.gg/611989/enterprise-esports-vs-pixel-lumina-challengers-2026-north-east-kickoff-gf
612643,2026-02-02,Azure Dragon Gaming,Winthrop University,2,0,https://www.vlr.gg/612643/azure-dragon-gaming-vs-winthrop-university-challengers-2026-north-america-ace-stage-1-r5-1-3
612644,2026-02-02,Nightblood Gaming,ROSE,2,0,https://www.vlr.gg/612644/nightblood-gaming-vs-rose-challengers-2026-north-america-ace-stage-1-r5-1-3
612645,2026-02-02,Evil Geniuses Academy,Alliance Guardians,2,0,https://www.vlr.gg/612645/evil-geniuses-academy-vs-alliance-guardians-challengers-2026-north-america-ace-stage-1-r5-2-2
612646,2026-02-02,Evictix,YFP,2,1,https://www.vlr.gg/612646/evictix-vs-yfp-challengers-2026-north-america-ace-stage-1-r5-2-2
613924,2026-02-02,NAOS,HARU Esports,2,1,https://www.vlr.gg/613924/naos-vs-haru-esports-challengers-2026-sea-split-1-philippines-qualifier-ubqf
613925,2026-02-02,AIM PH,PH Rejects,0,2,https://www.vlr.gg/613925/aim-ph-vs-ph-rejects-challengers-2026-sea-split-1-philippines-qualifier-ubqf
614039,2026-02-02,BOOM Esports,NEVERLAND713,2,0,https://www.vlr.gg/614039/boom-esports-vs-neverland713-challengers-2026-sea-split-1-indonesia-qualifier-ubqf
614040,2026-02-02,NINJA TEAM,bONF1RE,2,0,https://www.vlr.gg/614040/ninja-team-vs-bonf1re-challengers-2026-sea-split-1-indonesia-qualifier-ubqf
614754,2026-02-02,Motiv Esports,AURA,2,0,https://www.vlr.gg/614754/motiv-esports-vs-aura-challengers-2026-sea-split-1-rest-of-sea-qualifier-ubqf
614755,2026-02-02,Galaxy ReigN,OverPowered Youths,0,2,https://www.vlr.gg/614755/galaxy-reign-vs-overpowered-youths-challengers-2026-sea-split-1-rest-of-sea-qualifier-ubqf
614779,2026-02-02,Team NKT,XOXO-01,2,0,https://www.vlr.gg/614779/team-nkt-vs-xoxo-01-challengers-2026-sea-split-1-thailand-qualifier-ubqf
614780,2026-02-02,XGOD,555,0,2,https://www.vlr.gg/614780/xgod-vs-555-challengers-2026-sea-split-1-thailand-qualifier-ubqf
614796,2026-02-02,Fancy United Esports,Made in Vietnam,2,0,https://www.vlr.gg/614796/fancy-united-esports-vs-made-in-vietnam-challengers-2026-sea-split-1-vietnam-qualifier-ubqf
614797,2026-02-02,VNSport,Goblin Gang,1,2,https://www.vlr.gg/614797/vnsport-vs-goblin-gang-challengers-2026-sea-split-1-vietnam-qualifier-ubqf
615009,2026-02-02,Team Liquid Brazil,Beta Division GC,2,0,https://www.vlr.gg/615009/team-liquid-brazil-vs-beta-division-gc-game-changers-2026-brazil-kickoff-ubqf
615010,2026-02-02,Gênias do Bem,quero injustiça,2,0,https://www.vlr.gg/615010/g-nias-do-bem-vs-quero-injusti-a-game-changers-2026-brazil-kickoff-ubqf
615011,2026-02-02,MIBR GC,Aura Farming,2,0,https://www.vlr.gg/615011/mibr-gc-vs-aura-farming-game-changers-2026-brazil-kickoff-ubqf
615012,2026-02-02,Barões da Academia,OUROBOROS,2,1,https://www.vlr.gg/615012/bar-es-da-academia-vs-ouroboros-game-changers-2026-brazil-kickoff-ubqf
594761,2026-02-03,Karmine Corp,FUT Esports,2,1,https://www.vlr.gg/594761/karmine-corp-vs-fut-esports-vct-2026-emea-kickoff-lr1
594762,2026-02-03,PCIFIC Esports,ULF Esports,0,2,https://www.vlr.gg/594762/pcific-esports-vs-ulf-esports-vct-2026-emea-kickoff-lr1
598938,2026-02-03,Dragon Ranger Gaming,TYLOO,2,1,https://www.vlr.gg/598938/dragon-ranger-gaming-vs-tyloo-vct-2026-china-kickoff-mr3
598944,2026-02-03,Trace Esports,Wolves Esports,2,1,https://www.vlr.gg/598944/trace-esports-vs-wolves-esports-vct-2026-china-kickoff-lr2
604667,2026-02-03,Farenvehn,ShindeN,0,2,https://www.vlr.gg/604667/farenvehn-vs-shinden-challengers-2026-latam-south-ace-stage-1-w2
604668,2026-02-03,KRÜ SPARK,LEVIATÁN Academy,0,2,https://www.vlr.gg/604668/kr-spark-vs-leviat-n-academy-challengers-2026-latam-south-ace-stage-1-w2
604697,2026-02-03,Contra,Tezcat Gaming,0,2,https://www.vlr.gg/604697/contra-vs-tezcat-gaming-challengers-2026-latam-north-ace-stage-1-w2
604698,2026-02-03,FUEGO,LAZER,0,2,https://www.vlr.gg/604698/fuego-vs-lazer-challengers-2026-latam-north-ace-stage-1-w2
607656,2026-02-03,Karmine Corp GC,Barça eSports GC,2,1,https://www.vlr.gg/607656/karmine-corp-gc-vs-bar-a-esports-gc-game-changers-2026-emea-stage-1-w2
607657,2026-02-03,G2 Gozen,Twisted Minds Orchid,2,0,https://www.vlr.gg/607657/g2-gozen-vs-twisted-minds-orchid-game-changers-2026-emea-stage-1-w2
607658,2026-02-03,GIANTX GC,Joblife GC,2,0,https://www.vlr.gg/607658/giantx-gc-vs-joblife-gc-game-changers-2026-emea-stage-1-w2
607659,2026-02-03,Gentle Mates GC,SK Nebula,2,0,https://www.vlr.gg/607659/gentle-mates-gc-vs-sk-nebula-game-changers-2026-emea-stage-1-w2
612647,2026-02-03,sleepers,NRG Academy,2,0,https://www.vlr.gg/612647/sleepers-vs-nrg-academy-challengers-2026-north-america-ace-stage-1-r5-3-1
612648,2026-02-03,QoR,Shopify Rebellion Black,2,1,https://www.vlr.gg/612648/qor-vs-shopify-rebellion-black-challengers-2026-north-america-ace-stage-1-r5-3-1
612649,2026-02-03,Pigeons,M80,0,2,https://www.vlr.gg/612649/pigeons-vs-m80-challengers-2026-north-america-ace-stage-1-r5-2-2
613926,2026-02-03,Xipto Esports,AMITY 2.0,2,0,https://www.vlr.gg/613926/xipto-esports-vs-amity-2-0-challengers-2026-sea-split-1-philippines-qualifier-ubqf
613927,2026-02-03,Oasis Gaming,QT Academy,2,0,https://www.vlr.gg/613927/oasis-gaming-vs-qt-academy-challengers-2026-sea-split-1-philippines-qualifier-ubqf
614041,2026-02-03,Vyres Esports,MPRUYYY,2,0,https://www.vlr.gg/614041/vyres-esports-vs-mpruyyy-challengers-2026-sea-split-1-indonesia-qualifier-ubqf
614042,2026-02-03,Team Nemesis,Kertanegara Esports,1,2,https://www.vlr.gg/614042/team-nemesis-vs-kertanegara-esports-challengers-2026-sea-split-1-indonesia-qualifier-ubqf
614757,2026-02-03,Breakpoint,Fish Action Party,1,2,https://www.vlr.gg/614757/breakpoint-vs-fish-action-party-challengers-2026-sea-split-1-rest-of-sea-qualifier-ubqf
614758,2026-02-03,Unsigned5,Nobody With Passion,2,1,https://www.vlr.gg/614758/unsigned5-vs-nobody-with-passion-challengers-2026-sea-split-1-rest-of-sea-qualifier-ubqf
614781,2026-02-03,Z11,Young,2,0,https://www.vlr.gg/614781/z11-vs-young-challengers-2026-sea-split-1-thailand-qualifier-ubqf
614782,2026-02-03,ONFIRE,Sharper Esports,0,2,https://www.vlr.gg/614782/onfire-vs-sharper-esports-challengers-2026-sea-split-1-thailand-qualifier-ubqf
614798,2026-02-03,Da Nang GrandStand,God Chosen,0,2,https://www.vlr.gg/614798/da-nang-grandstand-vs-god-chosen-challengers-2026-sea-split-1-vietnam-qualifier-ubqf
614799,2026-02-03,Blue Eyes White Dragon,4 shurima,1,2,https://www.vlr.gg/614799/blue-eyes-white-dragon-vs-4-shurima-challengers-2026-sea-split-1-vietnam-qualifier-ubqf
615013,2026-02-03,Team Liquid Brazil,Gênias do Bem,1,2,https://www.vlr.gg/615013/team-liquid-brazil-vs-g-nias-do-bem-game-changers-2026-brazil-kickoff-ubsf
615014,2026-02-03,MIBR GC,Barões da Academia,2,0,https://www.vlr.gg/615014/mibr-gc-vs-bar-es-da-academia-game-changers-2026-brazil-kickoff-ubsf
615017,2026-02-03,Beta Division GC,quero injustiça,1,2,https://www.vlr.gg/615017/beta-division-gc-vs-quero-injusti-a-game-changers-2026-brazil-kickoff-lr1
615018,2026-02-03,Aura Farming,OUROBOROS,0,2,https://www.vlr.gg/615018/aura-farming-vs-ouroboros-game-changers-2026-brazil-kickoff-lr1
594757,2026-02-04,Natus Vincere,FNATIC,1,2,https://www.vlr.gg/594757/natus-vincere-vs-fnatic-vct-2026-emea-kickoff-mr3
594758,2026-02-04,Team Vitality,GIANTX,2,0,https://www.vlr.gg/594758/team-vitality-vs-giantx-vct-2026-emea-kickoff-mr3
598939,2026-02-04,EDward Gaming,Bilibili Gaming,1,2,https://www.vlr.gg/598939/edward-gaming-vs-bilibili-gaming-vct-2026-china-kickoff-mr3
598945,2026-02-04,Titan Esports Club,JD Gaming,1,2,https://www.vlr.gg/598945/titan-esports-club-vs-jdg-esports-vct-2026-china-kickoff-lr2
607660,2026-02-04,G2 Gozen,Karmine Corp GC,1,2,https://www.vlr.gg/607660/g2-gozen-vs-karmine-corp-gc-game-changers-2026-emea-stage-1-w2
607661,2026-02-04,Barça eSports GC,Twisted Minds Orchid,0,2,https://www.vlr.gg/607661/bar-a-esports-gc-vs-twisted-minds-orchid-game-changers-2026-emea-stage-1-w2
607662,2026-02-04,ALTERNATE aTTaX Ruby,ZennIT Orange GC,2,0,https://www.vlr.gg/607662/alternate-attax-ruby-vs-zennit-orange-gc-game-changers-2026-emea-stage-1-w2
607663,2026-02-04,SK Nebula,Joblife GC,2,0,https://www.vlr.gg/607663/sk-nebula-vs-joblife-gc-game-changers-2026-emea-stage-1-w2
608875,2026-02-04,Equipe Caos,INTZ,0,2,https://www.vlr.gg/608875/equipe-caos-vs-intz-challengers-2026-brazil-gamers-club-stage-1-w2
608876,2026-02-04,Remo Esports,2Game Esports,1,2,https://www.vlr.gg/608876/remo-esports-vs-2game-esports-challengers-2026-brazil-gamers-club-stage-1-w2
608877,2026-02-04,HOLY,MIBR Academy,0,2,https://www.vlr.gg/608877/holy-vs-mibr-academy-challengers-2026-brazil-gamers-club-stage-1-w2
613932,2026-02-04,HARU Esports,AIM PH,2,1,https://www.vlr.gg/613932/haru-esports-vs-aim-ph-challengers-2026-sea-split-1-philippines-qualifier-lr1
613933,2026-02-04,AMITY 2.0,QT Academy,2,1,https://www.vlr.gg/613933/amity-2-0-vs-qt-academy-challengers-2026-sea-split-1-philippines-qualifier-lr1
614047,2026-02-04,NEVERLAND713,bONF1RE,2,1,https://www.vlr.gg/614047/neverland713-vs-bonf1re-challengers-2026-sea-split-1-indonesia-qualifier-lr1
614048,2026-02-04,MPRUYYY,Team Nemesis,1,2,https://www.vlr.gg/614048/mpruyyy-vs-team-nemesis-challengers-2026-sea-split-1-indonesia-qualifier-lr1
614763,2026-02-04,AURA,Galaxy ReigN,1,2,https://www.vlr.gg/614763/aura-vs-galaxy-reign-challengers-2026-sea-split-1-rest-of-sea-qualifier-lr1
614764,2026-02-04,Breakpoint,Nobody With Passion,2,1,https://www.vlr.gg/614764/breakpoint-vs-nobody-with-passion-challengers-2026-sea-split-1-rest-of-sea-qualifier-lr1
614787,2026-02-04,XOXO-01,XGOD,0,2,https://www.vlr.gg/614787/xoxo-01-vs-xgod-challengers-2026-sea-split-1-thailand-qualifier-lr1
614788,2026-02-04,Young,ONFIRE,0,2,https://www.vlr.gg/614788/young-vs-onfire-challengers-2026-sea-split-1-thailand-qualifier-lr1
614804,2026-02-04,Made in Vietnam,VNSport,2,0,https://www.vlr.gg/614804/made-in-vietnam-vs-vnsport-challengers-2026-sea-split-1-vietnam-qualifier-lr1
614805,2026-02-04,Da Nang GrandStand,Blue Eyes White Dragon,0,2,https://www.vlr.gg/614805/da-nang-grandstand-vs-blue-eyes-white-dragon-challengers-2026-sea-split-1-vietnam-qualifier-lr
594763,2026-02-05,Team Heretics,Karmine Corp,2,1,https://www.vlr.gg/594763/team-heretics-vs-karmine-corp-vct-2026-emea-kickoff-lr2
594764,2026-02-05,Team Liquid,ULF Esports,2,1,https://www.vlr.gg/594764/team-liquid-vs-ulf-esports-vct-2026-emea-kickoff-lr2
595651,2026-02-05,Team Secret,ZETA DIVISION,1,2,https://www.vlr.gg/595651/team-secret-vs-zeta-division-vct-2026-pacific-kickoff-lr1
595652,2026-02-05,VARREL,Gen.G,1,2,https://www.vlr.gg/595652/varrel-vs-gen-g-vct-2026-pacific-kickoff-lr1
598946,2026-02-05,TYLOO,Trace Esports,2,0,https://www.vlr.gg/598946/tyloo-vs-trace-esports-vct-2026-china-kickoff-lr3
598947,2026-02-05,EDward Gaming,JD Gaming,2,1,https://www.vlr.gg/598947/edward-gaming-vs-jdg-esports-vct-2026-china-kickoff-lr3
607664,2026-02-05,SK Nebula,ZennIT Orange GC,1,2,https://www.vlr.gg/607664/sk-nebula-vs-zennit-orange-gc-game-changers-2026-emea-stage-1-w2
607665,2026-02-05,GIANTX GC,Twisted Minds Orchid,1,2,https://www.vlr.gg/607665/giantx-gc-vs-twisted-minds-orchid-game-changers-2026-emea-stage-1-w2
607666,2026-02-05,Barça eSports GC,Joblife GC,2,0,https://www.vlr.gg/607666/bar-a-esports-gc-vs-joblife-gc-game-changers-2026-emea-stage-1-w2
607667,2026-02-05,Karmine Corp GC,Gentle Mates GC,0,2,https://www.vlr.gg/607667/karmine-corp-gc-vs-gentle-mates-gc-game-changers-2026-emea-stage-1-w2
608878,2026-02-05,F4TALITY,Team Solid,1,2,https://www.vlr.gg/608878/f4tality-vs-team-solid-challengers-2026-brazil-gamers-club-stage-1-w2
608879,2026-02-05,PEEK,RED Canids,1,2,https://www.vlr.gg/608879/peek-vs-red-canids-challengers-2026-brazil-gamers-club-stage-1-w2
608880,2026-02-05,Paysandu Esports,FURIA Academy,1,2,https://www.vlr.gg/608880/paysandu-esports-vs-furia-academy-challengers-2026-brazil-gamers-club-stage-1-w2
594765,2026-02-06,Natus Vincere,Team Heretics,0,2,https://www.vlr.gg/594765/natus-vincere-vs-team-heretics-vct-2026-emea-kickoff-lr3
594766,2026-02-06,GIANTX,Team Liquid,1,2,https://www.vlr.gg/594766/giantx-vs-team-liquid-vct-2026-emea-kickoff-lr3
595647,2026-02-06,FULL SENSE,DetonatioN FocusMe,1,2,https://www.vlr.gg/595647/full-sense-vs-detonation-focusme-vct-2026-pacific-kickoff-mr3
595648,2026-02-06,Paper Rex,T1,1,2,https://www.vlr.gg/595648/paper-rex-vs-t1-vct-2026-pacific-kickoff-mr3
596421,2026-02-06,ENVY,Evil Geniuses,0,2,https://www.vlr.gg/596421/envy-vs-evil-geniuses-vct-2026-americas-kickoff-lr2
596422,2026-02-06,Sentinels,LEVIATÁN,0,2,https://www.vlr.gg/596422/sentinels-vs-leviat-n-vct-2026-americas-kickoff-lr2
598940,2026-02-06,Dragon Ranger Gaming,Bilibili Gaming,0,2,https://www.vlr.gg/598940/dragon-ranger-gaming-vs-bilibili-gaming-vct-2026-china-kickoff-mr4
598948,2026-02-06,TYLOO,EDward Gaming,1,2,https://www.vlr.gg/598948/tyloo-vs-edward-gaming-vct-2026-china-kickoff-lr4
595653,2026-02-07,KIWOOM DRX,ZETA DIVISION,2,1,https://www.vlr.gg/595653/drx-vs-zeta-division-vct-2026-pacific-kickoff-lr2
595654,2026-02-07,Global Esports,Gen.G,2,1,https://www.vlr.gg/595654/global-esports-vs-gen-g-vct-2026-pacific-kickoff-lr2
596417,2026-02-07,NRG,G2 Esports,0,2,https://www.vlr.gg/596417/nrg-vs-g2-esports-vct-2026-americas-kickoff-mr4
596423,2026-02-07,100 Thieves,Evil Geniuses,2,0,https://www.vlr.gg/596423/100-thieves-vs-evil-geniuses-vct-2026-americas-kickoff-lr3
596424,2026-02-07,Cloud9,LEVIATÁN,2,0,https://www.vlr.gg/596424/cloud9-vs-leviat-n-vct-2026-americas-kickoff-lr3
598931,2026-02-07,All Gamers,Xi Lai Gaming,3,2,https://www.vlr.gg/598931/all-gamers-vs-xi-lai-gaming-vct-2026-china-kickoff-ubf
598949,2026-02-07,Dragon Ranger Gaming,EDward Gaming,1,2,https://www.vlr.gg/598949/dragon-ranger-gaming-vs-edward-gaming-vct-2026-china-kickoff-lr5
600398,2026-02-07,Joblife,WIP Esports,2,0,https://www.vlr.gg/600398/joblife-vs-wip-esports-challengers-2026-france-revolution-stage-1-ubsf
600399,2026-02-07,Mandatory,Galions,2,0,https://www.vlr.gg/600399/mandatory-vs-galions-challengers-2026-france-revolution-stage-1-ubsf
600862,2026-02-07,Beşiktaş Esports,Misa Esports,2,0,https://www.vlr.gg/600862/be-ikta-esports-vs-misa-esports-challengers-2026-t-rkiye-birlik-kickoff-w5
600863,2026-02-07,Bushido Wildcats,Galatasaray Esports,0,2,https://www.vlr.gg/600863/bushido-wildcats-vs-galatasaray-esports-challengers-2026-t-rkiye-birlik-kickoff-w5
611680,2026-02-07,6GPA,ALTERNATE aTTaX,1,2,https://www.vlr.gg/611680/6gpa-vs-alternate-attax-challengers-2026-dach-evolution-stage-1-ur1
611681,2026-02-07,CGN Esports,Dortmund eSports,2,0,https://www.vlr.gg/611681/cgn-esports-vs-dortmund-esports-challengers-2026-dach-evolution-stage-1-ur1
615523,2026-02-07,VillianArc,Stallions Esports,1,2,https://www.vlr.gg/615523/villianarc-vs-stallions-esports-challengers-2026-mena-resilience-gcc-pakistan-iraq-kickoff-w6
595655,2026-02-08,FULL SENSE,KIWOOM DRX,0,2,https://www.vlr.gg/595655/full-sense-vs-drx-vct-2026-pacific-kickoff-lr3
595656,2026-02-08,Paper Rex,Global Esports,2,1,https://www.vlr.gg/595656/paper-rex-vs-global-esports-vct-2026-pacific-kickoff-lr3
598941,2026-02-08,Xi Lai Gaming,Bilibili Gaming,3,2,https://www.vlr.gg/598941/xi-lai-gaming-vs-bilibili-gaming-vct-2026-china-kickoff-mbf
600128,2026-02-08,One More Esports,GnG Esports,2,0,https://www.vlr.gg/600128/one-more-esports-vs-gng-esports-challengers-2026-mena-resilience-north-africa-and-levant-kicko
600129,2026-02-08,Vibranium Esports,Ghools Esports,0,2,https://www.vlr.gg/600129/vibranium-esports-vs-ghools-esports-challengers-2026-mena-resilience-north-africa-and-levant-k
600400,2026-02-08,Joblife,Mandatory,2,1,https://www.vlr.gg/600400/joblife-vs-mandatory-challengers-2026-france-revolution-stage-1-ubf
600402,2026-02-08,WIP Esports,Galions,2,0,https://www.vlr.gg/600402/wip-esports-vs-galions-challengers-2026-france-revolution-stage-1-lr1
600864,2026-02-08,Eternal Fire,Fire Flux Esports,1,2,https://www.vlr.gg/600864/eternal-fire-vs-fire-flux-esports-challengers-2026-t-rkiye-birlik-kickoff-w5
600865,2026-02-08,S2G Esports,FUT Esports Academy,0,2,https://www.vlr.gg/600865/s2g-esports-vs-fut-esports-academy-challengers-2026-t-rkiye-birlik-kickoff-w5
606258,2026-02-08,Akave Esports GC,MYVRA GC,2,0,https://www.vlr.gg/606258/akave-esports-gc-vs-myvra-gc-game-changers-2026-latam-kickoff-gf
606268,2026-02-08,KRÜ BLAZE,Olimpo Gold,2,0,https://www.vlr.gg/606268/kr-blaze-vs-olimpo-gold-game-changers-2026-latam-kickoff-gf
610432,2026-02-08,UCAM Esports Club,NOVO Esports,3,0,https://www.vlr.gg/610432/ucam-esports-club-vs-novo-esports-challengers-2026-spain-rising-stage-1-gf
611682,2026-02-08,FOKUS,ALTERNATE aTTaX,2,1,https://www.vlr.gg/611682/fokus-vs-alternate-attax-challengers-2026-dach-evolution-stage-1-ubsf
611683,2026-02-08,Eintracht Frankfurt,CGN Esports,1,2,https://www.vlr.gg/611683/eintracht-frankfurt-vs-cgn-esports-challengers-2026-dach-evolution-stage-1-ubsf
615015,2026-02-08,Gênias do Bem,MIBR GC,1,2,https://www.vlr.gg/615015/g-nias-do-bem-vs-mibr-gc-game-changers-2026-brazil-kickoff-ubf
615019,2026-02-08,Barões da Academia,quero injustiça,2,1,https://www.vlr.gg/615019/bar-es-da-academia-vs-quero-injusti-a-game-changers-2026-brazil-kickoff-lr2
615020,2026-02-08,Team Liquid Brazil,OUROBOROS,2,0,https://www.vlr.gg/615020/team-liquid-brazil-vs-ouroboros-game-changers-2026-brazil-kickoff-lr2
615021,2026-02-08,Barões da Academia,Team Liquid Brazil,0,2,https://www.vlr.gg/615021/bar-es-da-academia-vs-team-liquid-brazil-game-changers-2026-brazil-kickoff-lr3
598950,2026-02-09,Bilibili Gaming,EDward Gaming,1,3,https://www.vlr.gg/598950/bilibili-gaming-vs-edward-gaming-vct-2026-china-kickoff-lbf
600403,2026-02-09,Mandatory,WIP Esports,3,1,https://www.vlr.gg/600403/mandatory-vs-wip-esports-challengers-2026-france-revolution-stage-1-lbf
600866,2026-02-09,Galatasaray Esports,Beşiktaş Esports,0,2,https://www.vlr.gg/600866/galatasaray-esports-vs-be-ikta-esports-challengers-2026-t-rkiye-birlik-kickoff-w5
600867,2026-02-09,FUT Esports Academy,Bushido Wildcats,2,0,https://www.vlr.gg/600867/fut-esports-academy-vs-bushido-wildcats-challengers-2026-t-rkiye-birlik-kickoff-w5
604669,2026-02-09,9z Globant,ALT F4,2,1,https://www.vlr.gg/604669/9z-team-vs-alt-f4-challengers-2026-latam-south-ace-stage-1-w3
604670,2026-02-09,LEVIATÁN Academy,Farenvehn,0,2,https://www.vlr.gg/604670/leviat-n-academy-vs-farenvehn-challengers-2026-latam-south-ace-stage-1-w3
604699,2026-02-09,FUSION,LAZER,1,2,https://www.vlr.gg/604699/fusion-vs-lazer-challengers-2026-latam-north-ace-stage-1-w3
604700,2026-02-09,AB3 Esports,Contra,0,2,https://www.vlr.gg/604700/ab3-esports-vs-contra-challengers-2026-latam-north-ace-stage-1-w3
607672,2026-02-09,SK Nebula,Twisted Minds Orchid,0,2,https://www.vlr.gg/607672/sk-nebula-vs-twisted-minds-orchid-game-changers-2026-emea-stage-1-w3
607673,2026-02-09,Gentle Mates GC,ZennIT Orange GC,2,0,https://www.vlr.gg/607673/gentle-mates-gc-vs-zennit-orange-gc-game-changers-2026-emea-stage-1-w3
607675,2026-02-09,G2 Gozen,ALTERNATE aTTaX Ruby,2,0,https://www.vlr.gg/607675/g2-gozen-vs-alternate-attax-ruby-game-changers-2026-emea-stage-1-w3
611684,2026-02-09,FOKUS,CGN Esports,1,2,https://www.vlr.gg/611684/fokus-vs-cgn-esports-challengers-2026-dach-evolution-stage-1-ubf
613928,2026-02-09,NAOS,PH Rejects,2,0,https://www.vlr.gg/613928/naos-vs-ph-rejects-challengers-2026-sea-split-1-philippines-qualifier-ubsf
613929,2026-02-09,Xipto Esports,Oasis Gaming,1,2,https://www.vlr.gg/613929/xipto-esports-vs-oasis-gaming-challengers-2026-sea-split-1-philippines-qualifier-ubsf
614043,2026-02-09,BOOM Esports,NINJA TEAM,2,0,https://www.vlr.gg/614043/boom-esports-vs-ninja-team-challengers-2026-sea-split-1-indonesia-qualifier-ubsf
614044,2026-02-09,Vyres Esports,Kertanegara Esports,2,0,https://www.vlr.gg/614044/vyres-esports-vs-kertanegara-esports-challengers-2026-sea-split-1-indonesia-qualifier-ubsf
614759,2026-02-09,Motiv Esports,OverPowered Youths,2,0,https://www.vlr.gg/614759/motiv-esports-vs-overpowered-youths-challengers-2026-sea-split-1-rest-of-sea-qualifier-ubsf
614760,2026-02-09,Fish Action Party,Unsigned5,1,2,https://www.vlr.gg/614760/fish-action-party-vs-unsigned5-challengers-2026-sea-split-1-rest-of-sea-qualifier-ubsf
614783,2026-02-09,Team NKT,555,0,2,https://www.vlr.gg/614783/team-nkt-vs-555-challengers-2026-sea-split-1-thailand-qualifier-ubsf
614784,2026-02-09,Z11,Sharper Esports,0,2,https://www.vlr.gg/614784/z11-vs-sharper-esports-challengers-2026-sea-split-1-thailand-qualifier-ubsf
614800,2026-02-09,Fancy United Esports,Goblin Gang,2,1,https://www.vlr.gg/614800/fancy-united-esports-vs-goblin-gang-challengers-2026-sea-split-1-vietnam-qualifier-ubsf
614801,2026-02-09,God Chosen,4 shurima,0,2,https://www.vlr.gg/614801/god-chosen-vs-4-shurima-challengers-2026-sea-split-1-vietnam-qualifier-ubsf
615525,2026-02-09,Fraggerz,MAYHEM,2,1,https://www.vlr.gg/615525/fraggerz-vs-mayhem-challengers-2026-mena-resilience-gcc-pakistan-iraq-kickoff-w7
615528,2026-02-09,Stallions Esports,AlQadsiah Esports,2,0,https://www.vlr.gg/615528/stallions-esports-vs-alqadsiah-esports-challengers-2026-mena-resilience-gcc-pakistan-iraq-kick
616089,2026-02-09,Azure Dragon Gaming,Nightblood Gaming,2,0,https://www.vlr.gg/616089/azure-dragon-gaming-vs-nightblood-gaming-challengers-2026-north-america-ace-stage-1-r6-2-3
616090,2026-02-09,Shopify Rebellion Black,Pigeons,2,0,https://www.vlr.gg/616090/shopify-rebellion-black-vs-pigeons-challengers-2026-north-america-ace-stage-1-r6-3-2-vs-2-3
616091,2026-02-09,YFP,Alliance Guardians,2,0,https://www.vlr.gg/616091/yfp-vs-alliance-guardians-challengers-2026-north-america-ace-stage-1-r6-2-3
600132,2026-02-10,Gamax Esports,Vibranium Esports,2,1,https://www.vlr.gg/600132/gamax-esports-vs-vibranium-esports-challengers-2026-mena-resilience-north-africa-and-levant-ki
600133,2026-02-10,One More Esports,Team RA'AD,0,2,https://www.vlr.gg/600133/one-more-esports-vs-team-raad-challengers-2026-mena-resilience-north-africa-kickoff-w7
604671,2026-02-10,AURA,ShindeN,0,2,https://www.vlr.gg/604671/aura-vs-shinden-challengers-2026-latam-south-ace-stage-1-w3
604672,2026-02-10,OXEN,KRÜ SPARK,2,0,https://www.vlr.gg/604672/oxen-vs-kr-spark-challengers-2026-latam-south-ace-stage-1-w3
604701,2026-02-10,FUEGO,LYON,0,2,https://www.vlr.gg/604701/fuego-vs-lyon-challengers-2026-latam-north-ace-stage-1-w3
604702,2026-02-10,Chivas Esports,Tezcat Gaming,0,2,https://www.vlr.gg/604702/chivas-esports-vs-tezcat-gaming-challengers-2026-latam-north-ace-stage-1-w3
607674,2026-02-10,GIANTX GC,ALTERNATE aTTaX Ruby,2,1,https://www.vlr.gg/607674/giantx-gc-vs-alternate-attax-ruby-game-changers-2026-emea-stage-1-w3
607676,2026-02-10,Barça eSports GC,SK Nebula,2,1,https://www.vlr.gg/607676/bar-a-esports-gc-vs-sk-nebula-game-changers-2026-emea-stage-1-w3
607677,2026-02-10,Gentle Mates GC,Twisted Minds Orchid,2,1,https://www.vlr.gg/607677/gentle-mates-gc-vs-twisted-minds-orchid-game-changers-2026-emea-stage-1-w3
607678,2026-02-10,Karmine Corp GC,ZennIT Orange GC,2,1,https://www.vlr.gg/607678/karmine-corp-gc-vs-zennit-orange-gc-game-changers-2026-emea-stage-1-w3
613934,2026-02-10,Xipto Esports,HARU Esports,1,2,https://www.vlr.gg/613934/xipto-esports-vs-haru-esports-challengers-2026-sea-split-1-philippines-qualifier-lr2
613935,2026-02-10,PH Rejects,AMITY 2.0,2,0,https://www.vlr.gg/613935/ph-rejects-vs-amity-2-0-challengers-2026-sea-split-1-philippines-qualifier-lr2
614049,2026-02-10,Kertanegara Esports,NEVERLAND713,2,0,https://www.vlr.gg/614049/kertanegara-esports-vs-neverland713-challengers-2026-sea-split-1-indonesia-qualifier-lr2
614050,2026-02-10,NINJA TEAM,Team Nemesis,0,2,https://www.vlr.gg/614050/ninja-team-vs-team-nemesis-challengers-2026-sea-split-1-indonesia-qualifier-lr2
614765,2026-02-10,Fish Action Party,Galaxy ReigN,0,2,https://www.vlr.gg/614765/fish-action-party-vs-galaxy-reign-challengers-2026-sea-split-1-rest-of-sea-qualifier-lr2
614766,2026-02-10,OverPowered Youths,Breakpoint,2,0,https://www.vlr.gg/614766/overpowered-youths-vs-breakpoint-challengers-2026-sea-split-1-rest-of-sea-qualifier-lr2
614789,2026-02-10,Z11,XGOD,0,2,https://www.vlr.gg/614789/z11-vs-xgod-challengers-2026-sea-split-1-thailand-qualifier-lr2
614790,2026-02-10,Team NKT,ONFIRE,2,0,https://www.vlr.gg/614790/team-nkt-vs-onfire-challengers-2026-sea-split-1-thailand-qualifier-lr2
614806,2026-02-10,God Chosen,Made in Vietnam,2,1,https://www.vlr.gg/614806/god-chosen-vs-made-in-vietnam-challengers-2026-sea-split-1-vietnam-qualifier-lr2
614807,2026-02-10,Goblin Gang,Blue Eyes White Dragon,1,2,https://www.vlr.gg/614807/goblin-gang-vs-blue-eyes-white-dragon-challengers-2026-sea-split-1-vietnam-qualifier-lr2
616092,2026-02-10,Evictix,NRG Academy,2,0,https://www.vlr.gg/616092/evictix-vs-nrg-academy-challengers-2026-north-america-ace-stage-1-r6-3-2
616093,2026-02-10,Evil Geniuses Academy,M80,2,1,https://www.vlr.gg/616093/evil-geniuses-academy-vs-m80-challengers-2026-north-america-ace-stage-1-r6-3-2
600401,2026-02-11,Joblife,Mandatory,3,2,https://www.vlr.gg/600401/joblife-vs-mandatory-challengers-2026-france-revolution-stage-1-gf
607679,2026-02-11,Karmine Corp GC,Twisted Minds Orchid,2,0,https://www.vlr.gg/607679/karmine-corp-gc-vs-twisted-minds-orchid-game-changers-2026-emea-stage-1-w3
607680,2026-02-11,GIANTX GC,ZennIT Orange GC,2,0,https://www.vlr.gg/607680/giantx-gc-vs-zennit-orange-gc-game-changers-2026-emea-stage-1-w3
607681,2026-02-11,G2 Gozen,Joblife GC,2,0,https://www.vlr.gg/607681/g2-gozen-vs-joblife-gc-game-changers-2026-emea-stage-1-w3
607682,2026-02-11,ALTERNATE aTTaX Ruby,Barça eSports GC,2,1,https://www.vlr.gg/607682/alternate-attax-ruby-vs-bar-a-esports-gc-game-changers-2026-emea-stage-1-w3
608883,2026-02-11,MIBR Academy,2Game Esports,2,1,https://www.vlr.gg/608883/mibr-academy-vs-2game-esports-challengers-2026-brazil-gamers-club-stage-1-w3
608884,2026-02-11,ELEVATE,Equipe Caos,2,0,https://www.vlr.gg/608884/elevate-vs-equipe-caos-challengers-2026-brazil-gamers-club-stage-1-w3
608885,2026-02-11,Remo Esports,INTZ,1,2,https://www.vlr.gg/608885/remo-esports-vs-intz-challengers-2026-brazil-gamers-club-stage-1-w3
620369,2026-02-11,Looking For Laburo,University War GC,2,0,https://www.vlr.gg/620369/looking-for-laburo-vs-university-war-gc-game-changers-2026-latam-south-stage-1-w1
620392,2026-02-11,Contra GC,FUSION X,1,2,https://www.vlr.gg/620392/contra-gc-vs-fusion-x-game-changers-2026-latam-north-stage-1-w1
620672,2026-02-11,NRG Academy,Azure Dragon Gaming,2,1,https://www.vlr.gg/620672/nrg-academy-vs-azure-dragon-gaming-challengers-2026-north-america-ace-stage-1-r7-3-3
620673,2026-02-11,YFP,M80,0,2,https://www.vlr.gg/620673/yfp-vs-m80-challengers-2026-north-america-ace-stage-1-r7-3-3
594767,2026-02-12,Team Heretics,Team Liquid,0,2,https://www.vlr.gg/594767/team-heretics-vs-team-liquid-vct-2026-emea-kickoff-lr4
595657,2026-02-12,KIWOOM DRX,Paper Rex,1,2,https://www.vlr.gg/595657/drx-vs-paper-rex-vct-2026-pacific-kickoff-lr4
607683,2026-02-12,ALTERNATE aTTaX Ruby,Twisted Minds Orchid,1,2,https://www.vlr.gg/607683/alternate-attax-ruby-vs-twisted-minds-orchid-game-changers-2026-emea-stage-1-w3
607684,2026-02-12,Barça eSports GC,ZennIT Orange GC,0,2,https://www.vlr.gg/607684/bar-a-esports-gc-vs-zennit-orange-gc-game-changers-2026-emea-stage-1-w3
607685,2026-02-12,Karmine Corp GC,Joblife GC,2,1,https://www.vlr.gg/607685/karmine-corp-gc-vs-joblife-gc-game-changers-2026-emea-stage-1-w3
607686,2026-02-12,GIANTX GC,Gentle Mates GC,1,2,https://www.vlr.gg/607686/giantx-gc-vs-gentle-mates-gc-game-changers-2026-emea-stage-1-w3
608886,2026-02-12,FURIA Academy,RED Canids,0,2,https://www.vlr.gg/608886/furia-academy-vs-red-canids-challengers-2026-brazil-gamers-club-stage-1-w3
608887,2026-02-12,TBK Esports,F4TALITY,2,1,https://www.vlr.gg/608887/tbk-esports-vs-f4tality-challengers-2026-brazil-gamers-club-stage-1-w3
608888,2026-02-12,PEEK,Team Solid,0,2,https://www.vlr.gg/608888/peek-vs-team-solid-challengers-2026-brazil-gamers-club-stage-1-w3
594750,2026-02-13,Gentle Mates,BBL Esports,2,3,https://www.vlr.gg/594750/gentle-mates-vs-bbl-esports-vct-2026-emea-kickoff-ubf
594759,2026-02-13,FNATIC,Team Vitality,2,0,https://www.vlr.gg/594759/fnatic-vs-team-vitality-vct-2026-emea-kickoff-mr4
595640,2026-02-13,Nongshim RedForce,Rex Regum Qeon,3,2,https://www.vlr.gg/595640/nongshim-redforce-vs-rex-regum-qeon-vct-2026-pacific-kickoff-ubf
595649,2026-02-13,DetonatioN FocusMe,T1,0,2,https://www.vlr.gg/595649/detonation-focusme-vs-t1-vct-2026-pacific-kickoff-mr4
596408,2026-02-13,MIBR,FURIA,2,3,https://www.vlr.gg/596408/mibr-vs-furia-vct-2026-americas-kickoff-ubf
596425,2026-02-13,100 Thieves,Cloud9,2,1,https://www.vlr.gg/596425/100-thieves-vs-cloud9-vct-2026-americas-kickoff-lr4
594760,2026-02-14,Gentle Mates,FNATIC,3,2,https://www.vlr.gg/594760/gentle-mates-vs-fnatic-vct-2026-emea-kickoff-mbf
594768,2026-02-14,Team Vitality,Team Liquid,1,2,https://www.vlr.gg/594768/team-vitality-vs-team-liquid-vct-2026-emea-kickoff-lr5
595650,2026-02-14,Rex Regum Qeon,T1,0,3,https://www.vlr.gg/595650/rex-regum-qeon-vs-t1-vct-2026-pacific-kickoff-mbf
595658,2026-02-14,DetonatioN FocusMe,Paper Rex,0,2,https://www.vlr.gg/595658/detonation-focusme-vs-paper-rex-vct-2026-pacific-kickoff-lr5
596418,2026-02-14,MIBR,G2 Esports,0,3,https://www.vlr.gg/596418/mibr-vs-g2-esports-vct-2026-americas-kickoff-mbf
596426,2026-02-14,NRG,100 Thieves,2,0,https://www.vlr.gg/596426/nrg-vs-100-thieves-vct-2026-americas-kickoff-lr5
611686,2026-02-14,Eintracht Frankfurt,6GPA,2,0,https://www.vlr.gg/611686/eintracht-frankfurt-vs-6gpa-challengers-2026-dach-evolution-stage-1-lr1
611687,2026-02-14,ALTERNATE aTTaX,Dortmund eSports,0,2,https://www.vlr.gg/611687/alternate-attax-vs-dortmund-esports-challengers-2026-dach-evolution-stage-1-lr1
594769,2026-02-15,FNATIC,Team Liquid,0,3,https://www.vlr.gg/594769/fnatic-vs-team-liquid-vct-2026-emea-kickoff-lbf
595659,2026-02-15,Rex Regum Qeon,Paper Rex,1,3,https://www.vlr.gg/595659/rex-regum-qeon-vs-paper-rex-vct-2026-pacific-kickoff-lbf
596427,2026-02-15,MIBR,NRG,2,3,https://www.vlr.gg/596427/mibr-vs-nrg-vct-2026-americas-kickoff-lbf
604674,2026-02-16,AURA,Farenvehn,0,2,https://www.vlr.gg/604674/aura-vs-farenvehn-challengers-2026-latam-south-ace-stage-1-w4
604675,2026-02-16,OXEN,ShindeN,0,2,https://www.vlr.gg/604675/oxen-vs-shinden-challengers-2026-latam-south-ace-stage-1-w4
604708,2026-02-16,FUEGO,Chivas Esports,0,2,https://www.vlr.gg/604708/fuego-vs-chivas-esports-challengers-2026-latam-north-ace-stage-1-w4
604709,2026-02-16,LAZER,LYON,0,2,https://www.vlr.gg/604709/lazer-vs-lyon-challengers-2026-latam-north-ace-stage-1-w4
615022,2026-02-16,Gênias do Bem,Team Liquid Brazil,1,3,https://www.vlr.gg/615022/g-nias-do-bem-vs-team-liquid-brazil-game-changers-2026-brazil-kickoff-lbf
622053,2026-02-16,SaD Esports,M80,2,1,https://www.vlr.gg/622053/sad-esports-vs-m80-challengers-2026-north-america-ace-stage-1-ubqf
622054,2026-02-16,QoR,Evictix,2,1,https://www.vlr.gg/622054/qor-vs-evictix-challengers-2026-north-america-ace-stage-1-ubqf
604676,2026-02-17,ALT F4,KRÜ SPARK,2,1,https://www.vlr.gg/604676/alt-f4-vs-kr-spark-challengers-2026-latam-south-ace-stage-1-w4
604677,2026-02-17,9z Globant,LEVIATÁN Academy,0,2,https://www.vlr.gg/604677/9z-team-vs-leviat-n-academy-challengers-2026-latam-south-ace-stage-1-w4
604710,2026-02-17,AB3 Esports,Tezcat Gaming,2,0,https://www.vlr.gg/604710/ab3-esports-vs-tezcat-gaming-challengers-2026-latam-north-ace-stage-1-w4
604711,2026-02-17,FUSION,Contra,2,1,https://www.vlr.gg/604711/fusion-vs-contra-challengers-2026-latam-north-ace-stage-1-w4
615016,2026-02-17,MIBR GC,Team Liquid Brazil,0,3,https://www.vlr.gg/615016/mibr-gc-vs-team-liquid-brazil-game-changers-2026-brazil-kickoff-gf
622055,2026-02-17,sleepers,NRG Academy,2,0,https://www.vlr.gg/622055/sleepers-vs-nrg-academy-challengers-2026-north-america-ace-stage-1-ubqf
622056,2026-02-17,Shopify Rebellion Black,Evil Geniuses Academy,2,1,https://www.vlr.gg/622056/shopify-rebellion-black-vs-evil-geniuses-academy-challengers-2026-north-america-ace-stage-1-ubqf
608889,2026-02-18,ELEVATE,INTZ,2,1,https://www.vlr.gg/608889/elevate-vs-intz-challengers-2026-brazil-gamers-club-stage-1-w4
608890,2026-02-18,MIBR Academy,Remo Esports,2,0,https://www.vlr.gg/608890/mibr-academy-vs-remo-esports-challengers-2026-brazil-gamers-club-stage-1-w4
608891,2026-02-18,HOLY,Equipe Caos,1,2,https://www.vlr.gg/608891/holy-vs-equipe-caos-challengers-2026-brazil-gamers-club-stage-1-w4
622061,2026-02-18,M80,Evictix,2,0,https://www.vlr.gg/622061/m80-vs-evictix-challengers-2026-north-america-ace-stage-1-lr1
622062,2026-02-18,NRG Academy,Evil Geniuses Academy,2,1,https://www.vlr.gg/622062/nrg-academy-vs-evil-geniuses-academy-challengers-2026-north-america-ace-stage-1-lr1
625797,2026-02-18,Twisted Minds Orchid,GIANTX GC,1,2,https://www.vlr.gg/625797/twisted-minds-orchid-vs-giantx-gc-game-changers-2026-emea-stage-1-ko
625798,2026-02-18,Karmine Corp GC,ALTERNATE aTTaX Ruby,2,1,https://www.vlr.gg/625798/karmine-corp-gc-vs-alternate-attax-ruby-game-changers-2026-emea-stage-1-ko
608892,2026-02-19,TBK Esports,Team Solid,1,2,https://www.vlr.gg/608892/tbk-esports-vs-team-solid-challengers-2026-brazil-gamers-club-stage-1-w4
608893,2026-02-19,FURIA Academy,PEEK,0,2,https://www.vlr.gg/608893/furia-academy-vs-peek-challengers-2026-brazil-gamers-club-stage-1-w4
608894,2026-02-19,Paysandu Esports,F4TALITY,2,0,https://www.vlr.gg/608894/paysandu-esports-vs-f4tality-challengers-2026-brazil-gamers-club-stage-1-w3
622057,2026-02-19,SaD Esports,QoR,0,2,https://www.vlr.gg/622057/sad-esports-vs-qor-challengers-2026-north-america-ace-stage-1-ubsf
622058,2026-02-19,sleepers,Shopify Rebellion Black,0,2,https://www.vlr.gg/622058/sleepers-vs-shopify-rebellion-black-challengers-2026-north-america-ace-stage-1-ubsf
625799,2026-02-19,G2 Gozen,GIANTX GC,2,0,https://www.vlr.gg/625799/g2-gozen-vs-giantx-gc-game-changers-2026-emea-stage-1-ubsf
625800,2026-02-19,Gentle Mates GC,Karmine Corp GC,2,0,https://www.vlr.gg/625800/gentle-mates-gc-vs-karmine-corp-gc-game-changers-2026-emea-stage-1-ubsf
626109,2026-02-19,FOKUS,UCAM Esports Club,2,1,https://www.vlr.gg/626109/fokus-vs-ucam-esports-club-emea-clash-2026-ur1-alpha
626110,2026-02-19,FUT Esports,Joblife,2,0,https://www.vlr.gg/626110/fut-esports-vs-joblife-emea-clash-2026-ur1-alpha
626119,2026-02-19,Enterprise Esports,Stallions Esports,1,2,https://www.vlr.gg/626119/enterprise-esports-vs-stallions-esports-emea-clash-2026-ur1-omega
626120,2026-02-19,ULF Esports,Beşiktaş Esports,2,0,https://www.vlr.gg/626120/ulf-esports-vs-be-ikta-esports-emea-clash-2026-ur1-omega
613930,2026-02-20,NAOS,Oasis Gaming,2,1,https://www.vlr.gg/613930/naos-vs-oasis-gaming-challengers-2026-sea-split-1-philippines-qualifier-ubf
613936,2026-02-20,HARU Esports,PH Rejects,0,2,https://www.vlr.gg/613936/haru-esports-vs-ph-rejects-challengers-2026-sea-split-1-philippines-qualifier-lr3
614045,2026-02-20,BOOM Esports,Vyres Esports,2,1,https://www.vlr.gg/614045/boom-esports-vs-vyres-esports-challengers-2026-sea-split-1-indonesia-qualifier-ubf
614051,2026-02-20,Kertanegara Esports,Team Nemesis,1,2,https://www.vlr.gg/614051/kertanegara-esports-vs-team-nemesis-challengers-2026-sea-split-1-indonesia-qualifier-lr3
614761,2026-02-20,Motiv Esports,Unsigned5,2,0,https://www.vlr.gg/614761/motiv-esports-vs-unsigned5-challengers-2026-sea-split-1-rest-of-sea-qualifier-ubf
614767,2026-02-20,Galaxy ReigN,OverPowered Youths,1,2,https://www.vlr.gg/614767/galaxy-reign-vs-overpowered-youths-challengers-2026-sea-split-1-rest-of-sea-qualifier-lr3
614785,2026-02-20,555,Sharper Esports,0,2,https://www.vlr.gg/614785/555-vs-sharper-esports-challengers-2026-sea-split-1-thailand-qualifier-ubf
614791,2026-02-20,XGOD,Team NKT,1,2,https://www.vlr.gg/614791/xgod-vs-team-nkt-challengers-2026-sea-split-1-thailand-qualifier-lr3
616178,2026-02-20,Wadadaa,maui wowie,2,0,https://www.vlr.gg/616178/wadadaa-vs-maui-wowie-game-changers-2026-north-america-kickoff-ubqf
616179,2026-02-20,Blue Otter GC,Evictix GC,2,0,https://www.vlr.gg/616179/blue-otter-gc-vs-evictix-gc-game-changers-2026-north-america-kickoff-ubqf
616180,2026-02-20,FlyQuest RED,Ghost Gaming,2,1,https://www.vlr.gg/616180/flyquest-red-vs-ghost-gaming-game-changers-2026-north-america-kickoff-ubqf
616181,2026-02-20,100 Thieves GC,Teevee,2,1,https://www.vlr.gg/616181/100-thieves-gc-vs-teevee-game-changers-2026-north-america-kickoff-ubqf
620397,2026-02-20,MYVRA GC,Akave Esports GC,0,2,https://www.vlr.gg/620397/myvra-gc-vs-akave-esports-gc-game-changers-2026-latam-north-stage-1-w2
625801,2026-02-20,G2 Gozen,Gentle Mates GC,1,2,https://www.vlr.gg/625801/g2-gozen-vs-gentle-mates-gc-game-changers-2026-emea-stage-1-ubf
625803,2026-02-20,GIANTX GC,Karmine Corp GC,2,0,https://www.vlr.gg/625803/giantx-gc-vs-karmine-corp-gc-game-changers-2026-emea-stage-1-lr1
626111,2026-02-20,Team Vitality,FOKUS,2,0,https://www.vlr.gg/626111/team-vitality-vs-fokus-emea-clash-2026-ubsf-alpha
626112,2026-02-20,Karmine Corp,FUT Esports,1,2,https://www.vlr.gg/626112/karmine-corp-vs-fut-esports-emea-clash-2026-ubsf-alpha
626121,2026-02-20,GIANTX,Stallions Esports,2,0,https://www.vlr.gg/626121/giantx-vs-stallions-esports-emea-clash-2026-ubsf-omega
626122,2026-02-20,Natus Vincere,ULF Esports,0,2,https://www.vlr.gg/626122/natus-vincere-vs-ulf-esports-emea-clash-2026-ubsf-omega
613937,2026-02-21,Oasis Gaming,PH Rejects,3,1,https://www.vlr.gg/613937/oasis-gaming-vs-ph-rejects-challengers-2026-sea-split-1-philippines-qualifier-lbf
614052,2026-02-21,Vyres Esports,Team Nemesis,3,0,https://www.vlr.gg/614052/vyres-esports-vs-team-nemesis-challengers-2026-sea-split-1-indonesia-qualifier-lbf
614768,2026-02-21,Unsigned5,OverPowered Youths,2,3,https://www.vlr.gg/614768/unsigned5-vs-overpowered-youths-challengers-2026-sea-split-1-rest-of-sea-qualifier-lbf
614792,2026-02-21,555,Team NKT,3,1,https://www.vlr.gg/614792/555-vs-team-nkt-challengers-2026-sea-split-1-thailand-qualifier-lbf
616182,2026-02-21,Wadadaa,Blue Otter GC,2,0,https://www.vlr.gg/616182/wadadaa-vs-blue-otter-gc-game-changers-2026-north-america-kickoff-ubsf
616183,2026-02-21,FlyQuest RED,100 Thieves GC,2,1,https://www.vlr.gg/616183/flyquest-red-vs-100-thieves-gc-game-changers-2026-north-america-kickoff-ubsf
616186,2026-02-21,maui wowie,Evictix GC,0,2,https://www.vlr.gg/616186/maui-wowie-vs-evictix-gc-game-changers-2026-north-america-kickoff-lr1
616187,2026-02-21,Ghost Gaming,Teevee,2,1,https://www.vlr.gg/616187/ghost-gaming-vs-teevee-game-changers-2026-north-america-kickoff-lr1
625804,2026-02-21,G2 Gozen,GIANTX GC,3,0,https://www.vlr.gg/625804/g2-gozen-vs-giantx-gc-game-changers-2026-emea-stage-1-lbf
626115,2026-02-21,Natus Vincere,UCAM Esports Club,1,2,https://www.vlr.gg/626115/natus-vincere-vs-ucam-esports-club-emea-clash-2026-lr1-alpha
626116,2026-02-21,Stallions Esports,Joblife,0,2,https://www.vlr.gg/626116/stallions-esports-vs-joblife-emea-clash-2026-lr1-alpha
626125,2026-02-21,Karmine Corp,Enterprise Esports,0,2,https://www.vlr.gg/626125/karmine-corp-vs-enterprise-esports-emea-clash-2026-lr1-omega
626126,2026-02-21,FOKUS,Beşiktaş Esports,1,2,https://www.vlr.gg/626126/fokus-vs-be-ikta-esports-emea-clash-2026-lr1-omega
613931,2026-02-22,NAOS,Oasis Gaming,2,3,https://www.vlr.gg/613931/naos-vs-oasis-gaming-challengers-2026-sea-split-1-philippines-qualifier-gf
614046,2026-02-22,BOOM Esports,Vyres Esports,3,0,https://www.vlr.gg/614046/boom-esports-vs-vyres-esports-challengers-2026-sea-split-1-indonesia-qualifier-gf
614762,2026-02-22,Motiv Esports,OverPowered Youths,3,0,https://www.vlr.gg/614762/motiv-esports-vs-overpowered-youths-challengers-2026-sea-split-1-rest-of-sea-qualifier-gf
614786,2026-02-22,Sharper Esports,555,1,3,https://www.vlr.gg/614786/sharper-esports-vs-555-challengers-2026-sea-split-1-thailand-qualifier-gf
616188,2026-02-22,100 Thieves GC,Evictix GC,2,1,https://www.vlr.gg/616188/100-thieves-gc-vs-evictix-gc-game-changers-2026-north-america-kickoff-lr2
616189,2026-02-22,Blue Otter GC,Ghost Gaming,2,0,https://www.vlr.gg/616189/blue-otter-gc-vs-ghost-gaming-game-changers-2026-north-america-kickoff-lr2
625802,2026-02-22,Gentle Mates GC,G2 Gozen,3,0,https://www.vlr.gg/625802/gentle-mates-gc-vs-g2-gozen-game-changers-2026-emea-stage-1-gf
626113,2026-02-22,GIANTX,FUT Esports,0,2,https://www.vlr.gg/626113/giantx-vs-fut-esports-emea-clash-2026-ubf-alpha
626117,2026-02-22,UCAM Esports Club,Beşiktaş Esports,2,1,https://www.vlr.gg/626117/ucam-esports-club-vs-be-ikta-esports-emea-clash-2026-lr2-alpha
626123,2026-02-22,Team Vitality,ULF Esports,2,0,https://www.vlr.gg/626123/team-vitality-vs-ulf-esports-emea-clash-2026-ubf-omega
626127,2026-02-22,Enterprise Esports,Joblife,2,0,https://www.vlr.gg/626127/enterprise-esports-vs-joblife-emea-clash-2026-lr2-omega
604678,2026-02-23,KRÜ SPARK,Melser Kindergarten,0,2,https://www.vlr.gg/604678/kr-spark-vs-melser-kindergarten-challengers-2026-latam-south-ace-stage-1-w5
604679,2026-02-23,ALT F4,LEVIATÁN Academy,1,2,https://www.vlr.gg/604679/alt-f4-vs-leviat-n-academy-challengers-2026-latam-south-ace-stage-1-w5
604712,2026-02-23,FUSION,Tezcat Gaming,0,2,https://www.vlr.gg/604712/fusion-vs-tezcat-gaming-challengers-2026-latam-north-ace-stage-1-w5
604713,2026-02-23,FUEGO,AB3 Esports,2,1,https://www.vlr.gg/604713/fuego-vs-ab3-esports-challengers-2026-latam-north-ace-stage-1-w5
608897,2026-02-23,MIBR Academy,INTZ,2,0,https://www.vlr.gg/608897/mibr-academy-vs-intz-challengers-2026-brazil-gamers-club-stage-1-w5
608898,2026-02-23,HOLY,ELEVATE,1,2,https://www.vlr.gg/608898/holy-vs-elevate-challengers-2026-brazil-gamers-club-stage-1-w5
608899,2026-02-23,Equipe Caos,2Game Esports,2,0,https://www.vlr.gg/608899/equipe-caos-vs-2game-esports-challengers-2026-brazil-gamers-club-stage-1-w5
622063,2026-02-23,sleepers,M80,2,0,https://www.vlr.gg/622063/sleepers-vs-m80-challengers-2026-north-america-ace-stage-1-lr2
622064,2026-02-23,SaD Esports,NRG Academy,2,0,https://www.vlr.gg/622064/sad-esports-vs-nrg-academy-challengers-2026-north-america-ace-stage-1-lr2
604680,2026-02-24,9z Globant,ShindeN,0,2,https://www.vlr.gg/604680/9z-team-vs-shinden-challengers-2026-latam-south-ace-stage-1-w5
604681,2026-02-24,OXEN,AURA,2,1,https://www.vlr.gg/604681/oxen-vs-aura-challengers-2026-latam-south-ace-stage-1-w5
604714,2026-02-24,Contra,LAZER,2,0,https://www.vlr.gg/604714/contra-vs-lazer-challengers-2026-latam-north-ace-stage-1-w5
604715,2026-02-24,Chivas Esports,LYON,0,2,https://www.vlr.gg/604715/chivas-esports-vs-lyon-challengers-2026-latam-north-ace-stage-1-w5
608900,2026-02-24,FURIA Academy,Team Solid,2,0,https://www.vlr.gg/608900/furia-academy-vs-team-solid-challengers-2026-brazil-gamers-club-stage-1-w5
608901,2026-02-24,Paysandu Esports,TBK Esports,0,2,https://www.vlr.gg/608901/paysandu-esports-vs-tbk-esports-challengers-2026-brazil-gamers-club-stage-1-w5
608902,2026-02-24,F4TALITY,RED Canids,1,2,https://www.vlr.gg/608902/f4tality-vs-red-canids-challengers-2026-brazil-gamers-club-stage-1-w5
622059,2026-02-24,QoR,Shopify Rebellion Black,0,2,https://www.vlr.gg/622059/qor-vs-shopify-rebellion-black-challengers-2026-north-america-ace-stage-1-ubf
622065,2026-02-24,sleepers,SaD Esports,0,2,https://www.vlr.gg/622065/sleepers-vs-sad-esports-challengers-2026-north-america-ace-stage-1-lr3
626118,2026-02-24,ULF Esports,UCAM Esports Club,1,2,https://www.vlr.gg/626118/ulf-esports-vs-ucam-esports-club-emea-clash-2026-lbf-alpha
626128,2026-02-24,GIANTX,Enterprise Esports,1,2,https://www.vlr.gg/626128/giantx-vs-enterprise-esports-emea-clash-2026-lbf-omega
608903,2026-02-25,Remo Esports,Equipe Caos,1,2,https://www.vlr.gg/608903/remo-esports-vs-equipe-caos-challengers-2026-brazil-gamers-club-stage-1-w6
608904,2026-02-25,ELEVATE,2Game Esports,1,2,https://www.vlr.gg/608904/elevate-vs-2game-esports-challengers-2026-brazil-gamers-club-stage-1-w6
608905,2026-02-25,HOLY,INTZ,0,2,https://www.vlr.gg/608905/holy-vs-intz-challengers-2026-brazil-gamers-club-stage-1-w6
614802,2026-02-25,Fancy United Esports,4 shurima,2,0,https://www.vlr.gg/614802/fancy-united-esports-vs-4-shurima-challengers-2026-sea-split-1-vietnam-qualifier-ubf
614808,2026-02-25,God Chosen,Blue Eyes White Dragon,2,1,https://www.vlr.gg/614808/god-chosen-vs-blue-eyes-white-dragon-challengers-2026-sea-split-1-vietnam-qualifier-lr3
622066,2026-02-25,QoR,SaD Esports,3,2,https://www.vlr.gg/622066/qor-vs-sad-esports-challengers-2026-north-america-ace-stage-1-lbf
626114,2026-02-25,FUT Esports,Enterprise Esports,0,2,https://www.vlr.gg/626114/fut-esports-vs-enterprise-esports-emea-clash-2026-gf-alpha
626124,2026-02-25,Team Vitality,UCAM Esports Club,2,0,https://www.vlr.gg/626124/team-vitality-vs-ucam-esports-club-emea-clash-2026-gf-omega
626289,2026-02-25,T1 Academy,ONSIDE GAMING,2,0,https://www.vlr.gg/626289/t1-academy-vs-onside-gaming-challengers-2026-korea-wdg-split-1-w1
626290,2026-02-25,DRX Academy,Dplus Esports,0,2,https://www.vlr.gg/626290/drx-academy-vs-dplus-esports-challengers-2026-korea-wdg-split-1-w1
608906,2026-02-26,PEEK,F4TALITY,2,1,https://www.vlr.gg/608906/peek-vs-f4tality-challengers-2026-brazil-gamers-club-stage-1-w6
608907,2026-02-26,TBK Esports,RED Canids,2,1,https://www.vlr.gg/608907/tbk-esports-vs-red-canids-challengers-2026-brazil-gamers-club-stage-1-w6
608908,2026-02-26,Paysandu Esports,Team Solid,0,2,https://www.vlr.gg/608908/paysandu-esports-vs-team-solid-challengers-2026-brazil-gamers-club-stage-1-w6
614809,2026-02-26,4 shurima,God Chosen,3,2,https://www.vlr.gg/614809/4-shurima-vs-god-chosen-challengers-2026-sea-split-1-vietnam-qualifier-lbf
622060,2026-02-26,Shopify Rebellion Black,QoR,0,3,https://www.vlr.gg/622060/shopify-rebellion-black-vs-qor-challengers-2026-north-america-ace-stage-1-gf
626291,2026-02-26,Gen.G Global Academy,ARETE,2,0,https://www.vlr.gg/626291/gen-g-global-academy-vs-arete-challengers-2026-korea-wdg-split-1-w1
626292,2026-02-26,FEARX,Mir Gaming,0,2,https://www.vlr.gg/626292/fearx-vs-mir-gaming-challengers-2026-korea-wdg-split-1-w1
614803,2026-02-27,Fancy United Esports,4 shurima,3,1,https://www.vlr.gg/614803/fancy-united-esports-vs-4-shurima-challengers-2026-sea-split-1-vietnam-qualifier-gf
616184,2026-02-27,Wadadaa,FlyQuest RED,1,2,https://www.vlr.gg/616184/wadadaa-vs-flyquest-red-game-changers-2026-north-america-kickoff-ubf
616190,2026-02-27,100 Thieves GC,Blue Otter GC,1,2,https://www.vlr.gg/616190/100-thieves-gc-vs-blue-otter-gc-game-changers-2026-north-america-kickoff-lr3
620377,2026-02-27,Polar Squad Esports GC,Olimpo Gold,2,1,https://www.vlr.gg/620377/polar-squad-esports-gc-vs-olimpo-gold-game-changers-2026-latam-south-stage-1-w3
620400,2026-02-27,Legiowon,No Sweat Blossom,0,2,https://www.vlr.gg/620400/legiowon-vs-no-sweat-blossom-game-changers-2026-latam-north-stage-1-w3
625788,2026-02-28,Gentle Mates,EDward Gaming,2,0,https://www.vlr.gg/625788/gentle-mates-vs-edward-gaming-valorant-masters-santiago-2026-r1
625791,2026-02-28,Xi Lai Gaming,NRG,0,2,https://www.vlr.gg/625791/xi-lai-gaming-vs-nrg-valorant-masters-santiago-2026-r1
625789,2026-03-01,T1,Team Liquid,0,2,https://www.vlr.gg/625789/t1-vs-team-liquid-valorant-masters-santiago-2026-r1
625790,2026-03-01,G2 Esports,Paper Rex,0,2,https://www.vlr.gg/625790/g2-esports-vs-paper-rex-valorant-masters-santiago-2026-r1
626529,2026-03-02,Paper Rex,NRG,2,1,https://www.vlr.gg/626529/paper-rex-vs-nrg-valorant-masters-santiago-2026-r2-1-0
626530,2026-03-02,Gentle Mates,Team Liquid,2,0,https://www.vlr.gg/626530/gentle-mates-vs-team-liquid-valorant-masters-santiago-2026-r2-1-0
626532,2026-03-03,EDward Gaming,T1,0,2,https://www.vlr.gg/626532/edward-gaming-vs-t1-valorant-masters-santiago-2026-r2-0-1
626533,2026-03-03,Xi Lai Gaming,G2 Esports,0,2,https://www.vlr.gg/626533/xi-lai-gaming-vs-g2-esports-valorant-masters-santiago-2026-r2-0-1
626534,2026-03-04,G2 Esports,T1,2,0,https://www.vlr.gg/626534/g2-esports-vs-t1-valorant-masters-santiago-2026-r3
626535,2026-03-04,NRG,Team Liquid,2,0,https://www.vlr.gg/626535/nrg-vs-team-liquid-valorant-masters-santiago-2026-r3
626537,2026-03-06,Nongshim RedForce,Gentle Mates,2,0,https://www.vlr.gg/626537/nongshim-redforce-vs-gentle-mates-valorant-masters-santiago-2026-ubqf
626539,2026-03-06,FURIA,Paper Rex,1,2,https://www.vlr.gg/626539/furia-vs-paper-rex-valorant-masters-santiago-2026-ubqf
626538,2026-03-07,All Gamers,G2 Esports,0,2,https://www.vlr.gg/626538/all-gamers-vs-g2-esports-valorant-masters-santiago-2026-ubqf
626540,2026-03-07,BBL Esports,NRG,1,2,https://www.vlr.gg/626540/bbl-esports-vs-nrg-valorant-masters-santiago-2026-ubqf
626545,2026-03-08,Gentle Mates,All Gamers,1,2,https://www.vlr.gg/626545/gentle-mates-vs-all-gamers-valorant-masters-santiago-2026-lr1
626546,2026-03-08,FURIA,BBL Esports,1,2,https://www.vlr.gg/626546/furia-vs-bbl-esports-valorant-masters-santiago-2026-lr1
626541,2026-03-09,Nongshim RedForce,G2 Esports,2,1,https://www.vlr.gg/626541/nongshim-redforce-vs-g2-esports-valorant-masters-santiago-2026-ubsf
626542,2026-03-09,Paper Rex,NRG,0,2,https://www.vlr.gg/626542/paper-rex-vs-nrg-valorant-masters-santiago-2026-ubsf
626547,2026-03-10,Paper Rex,All Gamers,2,1,https://www.vlr.gg/626547/paper-rex-vs-all-gamers-valorant-masters-santiago-2026-lr2
626548,2026-03-10,G2 Esports,BBL Esports,2,0,https://www.vlr.gg/626548/g2-esports-vs-bbl-esports-valorant-masters-santiago-2026-lr2
604682,2026-03-11,AURA,LEVIATÁN Academy,1,2,https://www.vlr.gg/604682/aura-vs-leviat-n-academy-challengers-2026-latam-south-ace-stage-1-w6
604683,2026-03-11,KRÜ SPARK,ShindeN,0,2,https://www.vlr.gg/604683/kr-spark-vs-shinden-challengers-2026-latam-south-ace-stage-1-w6
604716,2026-03-11,Tezcat Gaming,LAZER,2,0,https://www.vlr.gg/604716/tezcat-gaming-vs-lazer-challengers-2026-latam-north-ace-stage-1-w6
604717,2026-03-11,Contra,LYON,0,2,https://www.vlr.gg/604717/contra-vs-lyon-challengers-2026-latam-north-ace-stage-1-w6
608909,2026-03-11,HOLY,2Game Esports,1,2,https://www.vlr.gg/608909/holy-vs-2game-esports-challengers-2026-brazil-gamers-club-stage-1-w7
608910,2026-03-11,MIBR Academy,Equipe Caos,2,1,https://www.vlr.gg/608910/mibr-academy-vs-equipe-caos-challengers-2026-brazil-gamers-club-stage-1-w7
608911,2026-03-11,ELEVATE,Remo Esports,2,0,https://www.vlr.gg/608911/elevate-vs-remo-esports-challengers-2026-brazil-gamers-club-stage-1-w7
626297,2026-03-11,ARETE,T1 Academy,1,2,https://www.vlr.gg/626297/arete-vs-t1-academy-challengers-2026-korea-wdg-split-1-w2
626298,2026-03-11,Mir Gaming,Dplus Esports,0,2,https://www.vlr.gg/626298/mir-gaming-vs-dplus-esports-challengers-2026-korea-wdg-split-1-w2
629825,2026-03-11,Oasis Gaming,4 shurima,2,0,https://www.vlr.gg/629825/oasis-gaming-vs-4-shurima-challengers-2026-southeast-asia-split-1-d2
629826,2026-03-11,Alter Ego,Trinity,2,0,https://www.vlr.gg/629826/alter-ego-vs-trinity-challengers-2026-southeast-asia-split-1-d2
629827,2026-03-11,BOOM Esports,Rival Esports,1,2,https://www.vlr.gg/629827/boom-esports-vs-rival-esports-challengers-2026-southeast-asia-split-1-d2
633588,2026-03-11,Agent X,FOKUS,0,2,https://www.vlr.gg/633588/agent-x-vs-fokus-challengers-2026-dach-evolution-vcl-emea-qualifier-lbf
638439,2026-03-11,Winthrop University,Blue Otter,2,0,https://www.vlr.gg/638439/winthrop-university-vs-blue-otter-challengers-2026-north-america-ace-stage-1-gs
639733,2026-03-11,VillianArc,Axe,2,0,https://www.vlr.gg/639733/villianarc-vs-axe-challengers-2026-mena-resilience-kickoff-promotion-relegation-opening-me
604684,2026-03-12,ALT F4,Melser Kindergarten,0,2,https://www.vlr.gg/604684/alt-f4-vs-melser-kindergarten-challengers-2026-latam-south-ace-stage-1-w6
604685,2026-03-12,9z Globant,OXEN,2,0,https://www.vlr.gg/604685/9z-team-vs-oxen-challengers-2026-latam-south-ace-stage-1-w6
604718,2026-03-12,AB3 Esports,Chivas Esports,0,2,https://www.vlr.gg/604718/ab3-esports-vs-chivas-esports-challengers-2026-latam-north-ace-stage-1-w6
604719,2026-03-12,FUSION,FUEGO,0,2,https://www.vlr.gg/604719/fusion-vs-fuego-challengers-2026-latam-north-ace-stage-1-w6
608912,2026-03-12,Paysandu Esports,RED Canids,2,0,https://www.vlr.gg/608912/paysandu-esports-vs-red-canids-challengers-2026-brazil-gamers-club-stage-1-w7
608913,2026-03-12,FURIA Academy,F4TALITY,2,1,https://www.vlr.gg/608913/furia-academy-vs-f4tality-challengers-2026-brazil-gamers-club-stage-1-w7
608914,2026-03-12,TBK Esports,PEEK,2,0,https://www.vlr.gg/608914/tbk-esports-vs-peek-challengers-2026-brazil-gamers-club-stage-1-w7
626299,2026-03-12,Gen.G Global Academy,DRX Academy,2,0,https://www.vlr.gg/626299/gen-g-global-academy-vs-drx-academy-challengers-2026-korea-wdg-split-1-w2
626300,2026-03-12,FEARX,ONSIDE GAMING,0,2,https://www.vlr.gg/626300/fearx-vs-onside-gaming-challengers-2026-korea-wdg-split-1-w2
629828,2026-03-12,Fancy United Esports,KADILIMAN,2,1,https://www.vlr.gg/629828/fancy-united-esports-vs-kadiliman-challengers-2026-southeast-asia-split-1-d3
629829,2026-03-12,Sharper Esports,4 shurima,2,0,https://www.vlr.gg/629829/sharper-esports-vs-4-shurima-challengers-2026-southeast-asia-split-1-d3
629830,2026-03-12,BOOM Esports,NAOS,2,1,https://www.vlr.gg/629830/boom-esports-vs-naos-challengers-2026-southeast-asia-split-1-d3
638452,2026-03-12,Team Pulsar,ROSE,2,3,https://www.vlr.gg/638452/team-pulsar-vs-rose-challengers-2026-north-america-ace-stage-1-pm
638453,2026-03-12,Shopify Rebellion Gold,Winthrop University,3,2,https://www.vlr.gg/638453/shopify-rebellion-gold-vs-winthrop-university-challengers-2026-north-america-ace-stage-1-pm
639738,2026-03-12,BAAM Esports,CINYPS E-SPORTS,2,0,https://www.vlr.gg/639738/baam-esports-vs-cinyps-e-sports-challengers-2026-mena-resilience-kickoff-promotion-relegation-op
626543,2026-03-13,Nongshim RedForce,NRG,2,0,https://www.vlr.gg/626543/nongshim-redforce-vs-nrg-valorant-masters-santiago-2026-ubf
626549,2026-03-13,Paper Rex,G2 Esports,2,1,https://www.vlr.gg/626549/paper-rex-vs-g2-esports-valorant-masters-santiago-2026-lr3
626550,2026-03-14,NRG,Paper Rex,1,3,https://www.vlr.gg/626550/nrg-vs-paper-rex-valorant-masters-santiago-2026-lbf
626544,2026-03-15,Nongshim RedForce,Paper Rex,3,0,https://www.vlr.gg/626544/nongshim-redforce-vs-paper-rex-valorant-masters-santiago-2026-gf
609299,2026-03-16,PEEK,Equipe Caos,2,0,https://www.vlr.gg/609299/peek-vs-equipe-caos-challengers-2026-brazil-gamers-club-stage-1-ro6
609300,2026-03-16,INTZ,FURIA Academy,2,0,https://www.vlr.gg/609300/intz-vs-furia-academy-challengers-2026-brazil-gamers-club-stage-1-ro6
629831,2026-03-16,Motiv Esports,Alter Ego,2,0,https://www.vlr.gg/629831/motiv-esports-vs-alter-ego-challengers-2026-southeast-asia-split-1-d4
629832,2026-03-16,555,KADILIMAN,2,0,https://www.vlr.gg/629832/555-vs-kadiliman-challengers-2026-southeast-asia-split-1-d4
629833,2026-03-16,Oasis Gaming,Sharper Esports,0,2,https://www.vlr.gg/629833/oasis-gaming-vs-sharper-esports-challengers-2026-southeast-asia-split-1-d4
640013,2026-03-16,Wolves Esports,Any Questions Gaming,1,2,https://www.vlr.gg/640013/wolves-esports-vs-any-questions-gaming-china-evolution-series-2026-act-1-ro12
640015,2026-03-16,Titan Esports Club,World Sports Invictus Gaming,2,0,https://www.vlr.gg/640015/titan-esports-club-vs-world-sports-invictus-gaming-china-evolution-series-2026-act-1-ro12
642875,2026-03-16,Asterisk,Leosun Esports,2,0,https://www.vlr.gg/642875/asterisk-vs-leosun-esports-challengers-2026-south-asia-split-1-w1
642876,2026-03-16,DOT EXE,The Rad Syndicate,0,2,https://www.vlr.gg/642876/dot-exe-vs-the-rad-syndicate-challengers-2026-south-asia-split-1-w1
609301,2026-03-17,2Game Esports,PEEK,2,1,https://www.vlr.gg/609301/2game-esports-vs-peek-challengers-2026-brazil-gamers-club-stage-1-ubsf
609302,2026-03-17,RED Canids,INTZ,1,2,https://www.vlr.gg/609302/red-canids-vs-intz-challengers-2026-brazil-gamers-club-stage-1-ubsf
620383,2026-03-17,LEVIATÁN GC,University War GC,2,0,https://www.vlr.gg/620383/leviat-n-gc-vs-university-war-gc-game-changers-2026-latam-south-stage-1-w4
620406,2026-03-17,MYVRA GC,FUSION X,2,0,https://www.vlr.gg/620406/myvra-gc-vs-fusion-x-game-changers-2026-latam-north-stage-1-w4
640017,2026-03-17,JD Gaming,Rare Atom,2,0,https://www.vlr.gg/640017/jdg-esports-vs-rare-atom-china-evolution-series-2026-act-1-ro12
640019,2026-03-17,FunPlus Phoenix,Nova Esports,2,0,https://www.vlr.gg/640019/funplus-phoenix-vs-nova-esports-china-evolution-series-2026-act-1-ro12
640069,2026-03-17,BOOM Esports,Rival Esports,1,2,https://www.vlr.gg/640069/boom-esports-vs-rival-esports-challengers-2026-southeast-asia-split-1-tiebreaker
642877,2026-03-17,Gods Reign,xCrew,2,1,https://www.vlr.gg/642877/gods-reign-vs-xcrew-challengers-2026-south-asia-split-1-w1
642878,2026-03-17,Revenant XSpark,S8UL Esports,2,1,https://www.vlr.gg/642878/revenant-xspark-vs-s8ul-esports-challengers-2026-south-asia-split-1-w1
644294,2026-03-17,Alter Ego,Trinity,0,2,https://www.vlr.gg/644294/alter-ego-vs-trinity-challengers-2026-southeast-asia-split-1-tiebreaker
609304,2026-03-18,PEEK,FURIA Academy,2,0,https://www.vlr.gg/609304/peek-vs-furia-academy-challengers-2026-brazil-gamers-club-stage-1-lr1
609305,2026-03-18,RED Canids,Equipe Caos,2,1,https://www.vlr.gg/609305/red-canids-vs-equipe-caos-challengers-2026-brazil-gamers-club-stage-1-lr1
626305,2026-03-18,DRX Academy,FEARX,1,2,https://www.vlr.gg/626305/drx-academy-vs-fearx-challengers-2026-korea-wdg-split-1-w3
626306,2026-03-18,T1 Academy,Gen.G Global Academy,1,2,https://www.vlr.gg/626306/t1-academy-vs-gen-g-global-academy-challengers-2026-korea-wdg-split-1-w3
639845,2026-03-18,Colors Esport,Lyost,2,0,https://www.vlr.gg/639845/colors-esport-vs-lyost-challengers-2026-france-revolution-stage-1-ro6
639846,2026-03-18,Nuxeria Esport,TODOBEW,1,2,https://www.vlr.gg/639846/nuxeria-esport-vs-todobew-challengers-2026-france-revolution-stage-1-ro6
640020,2026-03-18,Dragon Ranger Gaming,Any Questions Gaming,1,2,https://www.vlr.gg/640020/dragon-ranger-gaming-vs-any-questions-gaming-china-evolution-series-2026-act-1-qf
640021,2026-03-18,TYLOO,Titan Esports Club,2,1,https://www.vlr.gg/640021/tyloo-vs-titan-esports-club-china-evolution-series-2026-act-1-qf
642879,2026-03-18,DOT EXE,Gods Reign,0,2,https://www.vlr.gg/642879/dot-exe-vs-gods-reign-challengers-2026-south-asia-split-1-w1
642880,2026-03-18,S8UL Esports,xCrew,2,0,https://www.vlr.gg/642880/s8ul-esports-vs-xcrew-challengers-2026-south-asia-split-1-w1
644250,2026-03-18,AB3 Esports,STREAMER ARENA,2,1,https://www.vlr.gg/644250/ab3-esports-vs-streamer-arena-challengers-2026-latam-north-ace-stage-1-opening
644251,2026-03-18,FUSION,Atletico San Pancho,2,0,https://www.vlr.gg/644251/fusion-vs-atletico-san-pancho-challengers-2026-latam-north-ace-stage-1-opening
644270,2026-03-18,KRÜ BLAZE,AURA,2,0,https://www.vlr.gg/644270/kr-blaze-vs-aura-challengers-2026-latam-south-ace-stage-1-opening
644271,2026-03-18,KRÜ SPARK,TOYO eSports,2,0,https://www.vlr.gg/644271/kr-spark-vs-toyo-esports-challengers-2026-latam-south-ace-stage-1-opening
644816,2026-03-18,NAOS,Fancy United Esports,1,2,https://www.vlr.gg/644816/naos-vs-fancy-united-esports-challengers-2026-southeast-asia-split-1-ubqf
644817,2026-03-18,Motiv Esports,Oasis Gaming,2,0,https://www.vlr.gg/644817/motiv-esports-vs-oasis-gaming-challengers-2026-southeast-asia-split-1-ubqf
609303,2026-03-19,2Game Esports,INTZ,1,2,https://www.vlr.gg/609303/2game-esports-vs-intz-challengers-2026-brazil-gamers-club-stage-1-ubf
609306,2026-03-19,PEEK,RED Canids,0,2,https://www.vlr.gg/609306/peek-vs-red-canids-challengers-2026-brazil-gamers-club-stage-1-lr2
626307,2026-03-19,ONSIDE GAMING,Mir Gaming,0,2,https://www.vlr.gg/626307/onside-gaming-vs-mir-gaming-challengers-2026-korea-wdg-split-1-w3
626308,2026-03-19,Dplus Esports,ARETE,2,0,https://www.vlr.gg/626308/dplus-esports-vs-arete-challengers-2026-korea-wdg-split-1-w3
628544,2026-03-19,AGELITE,Insomnia,0,2,https://www.vlr.gg/628544/agelite-vs-insomnia-challengers-2026-japan-split-1-ur1
628545,2026-03-19,Murash Gaming,WEC C,2,1,https://www.vlr.gg/628545/murash-gaming-vs-wec-c-challengers-2026-japan-split-1-ur1
639847,2026-03-19,ORA Esport,Colors Esport,0,2,https://www.vlr.gg/639847/ora-esport-vs-colors-esport-challengers-2026-france-revolution-stage-1-ubsf
639848,2026-03-19,F9 EICAR,TODOBEW,2,0,https://www.vlr.gg/639848/f9-eicar-vs-todobew-challengers-2026-france-revolution-stage-1-ubsf
640022,2026-03-19,Trace Esports,JD Gaming,0,2,https://www.vlr.gg/640022/trace-esports-vs-jdg-esports-china-evolution-series-2026-act-1-qf
640023,2026-03-19,Bilibili Gaming,FunPlus Phoenix,2,0,https://www.vlr.gg/640023/bilibili-gaming-vs-funplus-phoenix-china-evolution-series-2026-act-1-qf
642123,2026-03-19,Misa Esports,Eintracht Frankfurt,2,0,https://www.vlr.gg/642123/misa-esports-vs-eintracht-frankfurt-challengers-2026-emea-stage-1-a
642128,2026-03-19,Enterprise Esports,Barça eSports,2,0,https://www.vlr.gg/642128/enterprise-esports-vs-bar-a-esports-challengers-2026-emea-stage-1-b
642132,2026-03-19,UCAM Esports Club,Pixel Lumina,2,0,https://www.vlr.gg/642132/ucam-esports-club-vs-pixel-lumina-challengers-2026-emea-stage-1-c
642140,2026-03-19,Mandatory,MIR,2,0,https://www.vlr.gg/642140/mandatory-vs-mir-challengers-2026-emea-stage-1-d
642881,2026-03-19,The Rad Syndicate,Leosun Esports,2,0,https://www.vlr.gg/642881/the-rad-syndicate-vs-leosun-esports-challengers-2026-south-asia-split-1-w1
642882,2026-03-19,Revenant XSpark,Asterisk,0,2,https://www.vlr.gg/642882/revenant-xspark-vs-asterisk-challengers-2026-south-asia-split-1-w1
644260,2026-03-19,LYON,Chivas Esports,2,0,https://www.vlr.gg/644260/lyon-vs-chivas-esports-challengers-2026-latam-north-ace-stage-1-ubsf
644261,2026-03-19,Tezcat Gaming,Contra,2,1,https://www.vlr.gg/644261/tezcat-gaming-vs-contra-challengers-2026-latam-north-ace-stage-1-ubsf
644818,2026-03-19,Sharper Esports,Trinity,2,1,https://www.vlr.gg/644818/sharper-esports-vs-trinity-challengers-2026-southeast-asia-split-1-ubqf
644819,2026-03-19,555,Rival Esports,2,0,https://www.vlr.gg/644819/555-vs-rival-esports-challengers-2026-southeast-asia-split-1-ubqf
609307,2026-03-20,2Game Esports,RED Canids,3,0,https://www.vlr.gg/609307/2game-esports-vs-red-canids-challengers-2026-brazil-gamers-club-stage-1-lbf
628546,2026-03-20,REIGNITE FOXX,QT DIG∞,1,2,https://www.vlr.gg/628546/reignite-foxx-vs-qt-dig-challengers-2026-japan-split-1-ubqf
628547,2026-03-20,REJECT,CREST GAMING Zst,0,2,https://www.vlr.gg/628547/reject-vs-crest-gaming-zst-challengers-2026-japan-split-1-ubqf
639850,2026-03-20,TODOBEW,Lyost,2,0,https://www.vlr.gg/639850/todobew-vs-lyost-challengers-2026-france-revolution-stage-1-lr1
639851,2026-03-20,ORA Esport,Nuxeria Esport,1,2,https://www.vlr.gg/639851/ora-esport-vs-nuxeria-esport-challengers-2026-france-revolution-stage-1-lr1
640024,2026-03-20,Any Questions Gaming,TYLOO,0,2,https://www.vlr.gg/640024/any-questions-gaming-vs-tyloo-china-evolution-series-2026-act-1-sf
640025,2026-03-20,JD Gaming,Bilibili Gaming,0,2,https://www.vlr.gg/640025/jdg-esports-vs-bilibili-gaming-china-evolution-series-2026-act-1-sf
642124,2026-03-20,Misa Esports,Team Liquid Academy,2,0,https://www.vlr.gg/642124/misa-esports-vs-team-liquid-academy-challengers-2026-emea-stage-1-a
642129,2026-03-20,Enterprise Esports,FOKUS,2,1,https://www.vlr.gg/642129/enterprise-esports-vs-fokus-challengers-2026-emea-stage-1-b
642141,2026-03-20,S2G Esports,MIR,2,0,https://www.vlr.gg/642141/s2g-esports-vs-mir-challengers-2026-emea-stage-1-d
642883,2026-03-20,xCrew,The Rad Syndicate,0,2,https://www.vlr.gg/642883/xcrew-vs-the-rad-syndicate-challengers-2026-south-asia-split-1-w1
642884,2026-03-20,Leosun Esports,Revenant XSpark,0,2,https://www.vlr.gg/642884/leosun-esports-vs-revenant-xspark-challengers-2026-south-asia-split-1-w1
644276,2026-03-20,ShindeN,LEVIATÁN Academy,2,0,https://www.vlr.gg/644276/shinden-vs-leviat-n-academy-challengers-2026-latam-south-ace-stage-1-ubsf
644277,2026-03-20,Melser Kindergarten,OXEN,2,0,https://www.vlr.gg/644277/melser-kindergarten-vs-oxen-challengers-2026-latam-south-ace-stage-1-ubsf
644824,2026-03-20,NAOS,Oasis Gaming,1,2,https://www.vlr.gg/644824/naos-vs-oasis-gaming-challengers-2026-southeast-asia-split-1-lr1
644825,2026-03-20,Trinity,Rival Esports,2,0,https://www.vlr.gg/644825/trinity-vs-rival-esports-challengers-2026-southeast-asia-split-1-lr1
628321,2026-03-21,Team Liquid Brazil,Beta Division GC,2,1,https://www.vlr.gg/628321/team-liquid-brazil-vs-beta-division-gc-game-changers-2026-brazil-stage-1-r1
628322,2026-03-21,oi posso fala,PÃO COM RATO,2,0,https://www.vlr.gg/628322/oi-posso-fala-vs-p-o-com-rato-game-changers-2026-brazil-stage-1-r1
628323,2026-03-21,Gênias do Bem,Forged to Shine GC,2,0,https://www.vlr.gg/628323/g-nias-do-bem-vs-forged-to-shine-gc-game-changers-2026-brazil-stage-1-r1
628324,2026-03-21,malvadinhas 3.0,MIBR GC,0,2,https://www.vlr.gg/628324/malvadinhas-3-0-vs-mibr-gc-game-changers-2026-brazil-stage-1-r1
628548,2026-03-21,RIDDLE ORDER,Insomnia,1,2,https://www.vlr.gg/628548/riddle-order-vs-insomnia-challengers-2026-japan-split-1-ubqf
628549,2026-03-21,FENNEL,Murash Gaming,2,0,https://www.vlr.gg/628549/fennel-vs-murash-gaming-challengers-2026-japan-split-1-ubqf
639849,2026-03-21,Colors Esport,F9 EICAR,2,3,https://www.vlr.gg/639849/colors-esport-vs-f9-eicar-challengers-2026-france-revolution-stage-1-ubf
639852,2026-03-21,TODOBEW,Nuxeria Esport,1,2,https://www.vlr.gg/639852/todobew-vs-nuxeria-esport-challengers-2026-france-revolution-stage-1-lr2
640027,2026-03-21,Any Questions Gaming,JD Gaming,0,3,https://www.vlr.gg/640027/any-questions-gaming-vs-jdg-esports-china-evolution-series-2026-act-1-cf
642125,2026-03-21,Eintracht Frankfurt,Team Liquid Academy,1,2,https://www.vlr.gg/642125/eintracht-frankfurt-vs-team-liquid-academy-challengers-2026-emea-stage-1-a
642130,2026-03-21,Barça eSports,FOKUS,1,2,https://www.vlr.gg/642130/bar-a-esports-vs-fokus-challengers-2026-emea-stage-1-b
642134,2026-03-21,Joblife,Pixel Lumina,1,2,https://www.vlr.gg/642134/joblife-vs-pixel-lumina-challengers-2026-emea-stage-1-c
642142,2026-03-21,Mandatory,GnG Esports,2,0,https://www.vlr.gg/642142/mandatory-vs-gng-esports-challengers-2026-emea-stage-1-d
642885,2026-03-21,Gods Reign,S8UL Esports,2,0,https://www.vlr.gg/642885/gods-reign-vs-s8ul-esports-challengers-2026-south-asia-split-1-w1
642886,2026-03-21,Asterisk,DOT EXE,2,0,https://www.vlr.gg/642886/asterisk-vs-dot-exe-challengers-2026-south-asia-split-1-w1
644262,2026-03-21,LYON,Tezcat Gaming,2,0,https://www.vlr.gg/644262/lyon-vs-tezcat-gaming-challengers-2026-latam-north-ace-stage-1-ubf
644264,2026-03-21,Chivas Esports,Contra,0,2,https://www.vlr.gg/644264/chivas-esports-vs-contra-challengers-2026-latam-north-ace-stage-1-lr1
644820,2026-03-21,Fancy United Esports,Motiv Esports,0,2,https://www.vlr.gg/644820/fancy-united-esports-vs-motiv-esports-challengers-2026-southeast-asia-split-1-ubsf
644821,2026-03-21,Sharper Esports,555,2,0,https://www.vlr.gg/644821/sharper-esports-vs-555-challengers-2026-southeast-asia-split-1-ubsf
628550,2026-03-22,REIGNITE FOXX,AGELITE,2,0,https://www.vlr.gg/628550/reignite-foxx-vs-agelite-challengers-2026-japan-split-1-lr1
628551,2026-03-22,REJECT,WEC C,2,0,https://www.vlr.gg/628551/reject-vs-wec-c-challengers-2026-japan-split-1-lr1
639853,2026-03-22,Colors Esport,Nuxeria Esport,1,3,https://www.vlr.gg/639853/colors-esport-vs-nuxeria-esport-challengers-2026-france-revolution-stage-1-lbf
640026,2026-03-22,TYLOO,Bilibili Gaming,1,3,https://www.vlr.gg/640026/tyloo-vs-bilibili-gaming-china-evolution-series-2026-act-1-gf
642136,2026-03-22,UCAM Esports Club,Joblife,2,0,https://www.vlr.gg/642136/ucam-esports-club-vs-joblife-challengers-2026-emea-stage-1-c
642143,2026-03-22,S2G Esports,Mandatory,0,2,https://www.vlr.gg/642143/s2g-esports-vs-mandatory-challengers-2026-emea-stage-1-d
642144,2026-03-22,GnG Esports,MIR,2,1,https://www.vlr.gg/642144/gng-esports-vs-mir-challengers-2026-emea-stage-1-d
642887,2026-03-22,Leosun Esports,S8UL Esports,1,2,https://www.vlr.gg/642887/leosun-esports-vs-s8ul-esports-challengers-2026-south-asia-split-1-w1
642888,2026-03-22,xCrew,Asterisk,0,2,https://www.vlr.gg/642888/xcrew-vs-asterisk-challengers-2026-south-asia-split-1-w1
644278,2026-03-22,ShindeN,Melser Kindergarten,2,0,https://www.vlr.gg/644278/shinden-vs-melser-kindergarten-challengers-2026-latam-south-ace-stage-1-ubf
644280,2026-03-22,LEVIATÁN Academy,OXEN,2,1,https://www.vlr.gg/644280/leviat-n-academy-vs-oxen-challengers-2026-latam-south-ace-stage-1-lr1
644826,2026-03-22,555,Oasis Gaming,2,1,https://www.vlr.gg/644826/555-vs-oasis-gaming-challengers-2026-southeast-asia-split-1-lr2
644827,2026-03-22,Fancy United Esports,Trinity,2,1,https://www.vlr.gg/644827/fancy-united-esports-vs-trinity-challengers-2026-southeast-asia-split-1-lr2
620380,2026-03-23,KRÜ BLAZE,Looking For Laburo,2,0,https://www.vlr.gg/620380/kr-blaze-vs-looking-for-laburo-game-changers-2026-latam-south-stage-1-w5
620403,2026-03-23,Akave Esports GC,Contra GC,2,0,https://www.vlr.gg/620403/akave-esports-gc-vs-contra-gc-game-changers-2026-latam-north-stage-1-w5
639835,2026-03-23,TBK Esports,2Game Esports,1,2,https://www.vlr.gg/639835/tbk-esports-vs-2game-esports-challengers-2026-brazil-gamers-club-stage-1-ur1
639836,2026-03-23,MIBR Academy,INTZ,0,2,https://www.vlr.gg/639836/mibr-academy-vs-intz-challengers-2026-brazil-gamers-club-stage-1-ur1
642145,2026-03-23,S2G Esports,GnG Esports,2,0,https://www.vlr.gg/642145/s2g-esports-vs-gng-esports-challengers-2026-emea-stage-1-d
645242,2026-03-23,Shopify Rebellion Black,ROSE,2,0,https://www.vlr.gg/645242/shopify-rebellion-black-vs-rose-challengers-2026-north-america-ace-stage-2-r1
645243,2026-03-23,M80,Pigeons,2,1,https://www.vlr.gg/645243/m80-vs-pigeons-challengers-2026-north-america-ace-stage-2-r1
645244,2026-03-23,SaD Esports,Division One,1,2,https://www.vlr.gg/645244/sad-esports-vs-division-one-challengers-2026-north-america-ace-stage-2-r1
645245,2026-03-23,sleepers,Nightblood Gaming,0,2,https://www.vlr.gg/645245/sleepers-vs-nightblood-gaming-challengers-2026-north-america-ace-stage-2-r1
639837,2026-03-24,ELEVATE,2Game Esports,2,1,https://www.vlr.gg/639837/elevate-vs-2game-esports-challengers-2026-brazil-gamers-club-stage-1-ubsf
639838,2026-03-24,Team Solid,INTZ,2,1,https://www.vlr.gg/639838/team-solid-vs-intz-challengers-2026-brazil-gamers-club-stage-1-ubsf
644252,2026-03-24,AB3 Esports,FUSION,3,1,https://www.vlr.gg/644252/ab3-esports-vs-fusion-challengers-2026-latam-north-ace-stage-1-winners
644253,2026-03-24,STREAMER ARENA,Atletico San Pancho,2,1,https://www.vlr.gg/644253/streamer-arena-vs-atletico-san-pancho-challengers-2026-latam-north-ace-stage-1-elim
644272,2026-03-24,KRÜ BLAZE,KRÜ SPARK,0,3,https://www.vlr.gg/644272/kr-blaze-vs-kr-spark-challengers-2026-latam-south-ace-stage-1-winners
644273,2026-03-24,AURA,TOYO eSports,1,2,https://www.vlr.gg/644273/aura-vs-toyo-esports-challengers-2026-latam-south-ace-stage-1-elim
645246,2026-03-24,NRG Academy,Alliance Guardians,2,1,https://www.vlr.gg/645246/nrg-academy-vs-alliance-guardians-challengers-2026-north-america-ace-stage-2-r1
645247,2026-03-24,Evil Geniuses Academy,Azure Dragon Gaming,0,2,https://www.vlr.gg/645247/evil-geniuses-academy-vs-azure-dragon-gaming-challengers-2026-north-america-ace-stage-2-r1
645248,2026-03-24,QoR,Shopify Rebellion Gold,2,0,https://www.vlr.gg/645248/qor-vs-shopify-rebellion-gold-challengers-2026-north-america-ace-stage-2-r1
645249,2026-03-24,Evictix,YFP,1,2,https://www.vlr.gg/645249/evictix-vs-yfp-challengers-2026-north-america-ace-stage-2-r1
626313,2026-03-25,Dplus Esports,FEARX,2,0,https://www.vlr.gg/626313/dplus-esports-vs-fearx-challengers-2026-korea-wdg-split-1-w4
626314,2026-03-25,Mir Gaming,Gen.G Global Academy,0,2,https://www.vlr.gg/626314/mir-gaming-vs-gen-g-global-academy-challengers-2026-korea-wdg-split-1-w4
639841,2026-03-25,MIBR Academy,2Game Esports,0,2,https://www.vlr.gg/639841/mibr-academy-vs-2game-esports-challengers-2026-brazil-gamers-club-stage-1-lr1
639842,2026-03-25,TBK Esports,INTZ,2,1,https://www.vlr.gg/639842/tbk-esports-vs-intz-challengers-2026-brazil-gamers-club-stage-1-lr1
644254,2026-03-25,FUSION,STREAMER ARENA,2,3,https://www.vlr.gg/644254/fusion-vs-streamer-arena-challengers-2026-latam-north-ace-stage-1-decider
644274,2026-03-25,KRÜ BLAZE,TOYO eSports,3,1,https://www.vlr.gg/644274/kr-blaze-vs-toyo-esports-challengers-2026-latam-south-ace-stage-1-decider
646734,2026-03-25,SaD Esports,sleepers,0,2,https://www.vlr.gg/646734/sad-esports-vs-sleepers-challengers-2026-north-america-ace-stage-2-r2-0-1
646735,2026-03-25,YFP,Division One,2,0,https://www.vlr.gg/646735/yfp-vs-division-one-challengers-2026-north-america-ace-stage-2-r2-1-0
646736,2026-03-25,Evictix,Evil Geniuses Academy,1,2,https://www.vlr.gg/646736/evictix-vs-evil-geniuses-academy-challengers-2026-north-america-ace-stage-2-r2-0-1
646737,2026-03-25,ROSE,Alliance Guardians,0,2,https://www.vlr.gg/646737/rose-vs-alliance-guardians-challengers-2026-north-america-ace-stage-2-r2-0-1
626315,2026-03-26,ARETE,ONSIDE GAMING,0,2,https://www.vlr.gg/626315/arete-vs-onside-gaming-challengers-2026-korea-wdg-split-1-w4
626316,2026-03-26,T1 Academy,DRX Academy,0,2,https://www.vlr.gg/626316/t1-academy-vs-drx-academy-challengers-2026-korea-wdg-split-1-w4
628325,2026-03-26,Team Liquid Brazil,oi posso fala,2,0,https://www.vlr.gg/628325/team-liquid-brazil-vs-oi-posso-fala-game-changers-2026-brazil-stage-1-r2-1-0
628326,2026-03-26,MIBR GC,Gênias do Bem,1,2,https://www.vlr.gg/628326/mibr-gc-vs-g-nias-do-bem-game-changers-2026-brazil-stage-1-r2-1-0
628327,2026-03-26,PÃO COM RATO,Beta Division GC,2,1,https://www.vlr.gg/628327/p-o-com-rato-vs-beta-division-gc-game-changers-2026-brazil-stage-1-r2-0-1
628328,2026-03-26,Forged to Shine GC,malvadinhas 3.0,2,0,https://www.vlr.gg/628328/forged-to-shine-gc-vs-malvadinhas-3-0-game-changers-2026-brazil-stage-1-r2-0-1
628552,2026-03-26,Murash Gaming,REIGNITE FOXX,0,2,https://www.vlr.gg/628552/murash-gaming-vs-reignite-foxx-challengers-2026-japan-split-1-lr2
628553,2026-03-26,RIDDLE ORDER,REJECT,2,0,https://www.vlr.gg/628553/riddle-order-vs-reject-challengers-2026-japan-split-1-lr2
642147,2026-03-26,UCAM Esports Club,Mandatory,2,1,https://www.vlr.gg/642147/ucam-esports-club-vs-mandatory-challengers-2026-emea-stage-1-ubsf
642148,2026-03-26,Enterprise Esports,Misa Esports,2,1,https://www.vlr.gg/642148/enterprise-esports-vs-misa-esports-challengers-2026-emea-stage-1-ubsf
642891,2026-03-26,Revenant XSpark,DOT EXE,2,0,https://www.vlr.gg/642891/revenant-xspark-vs-dot-exe-challengers-2026-south-asia-split-1-w2
642892,2026-03-26,The Rad Syndicate,Gods Reign,0,2,https://www.vlr.gg/642892/the-rad-syndicate-vs-gods-reign-challengers-2026-south-asia-split-1-w2
644265,2026-03-26,Tezcat Gaming,Contra,2,3,https://www.vlr.gg/644265/tezcat-gaming-vs-contra-challengers-2026-latam-north-ace-stage-1-lbf
646738,2026-03-26,M80,Shopify Rebellion Black,0,2,https://www.vlr.gg/646738/m80-vs-shopify-rebellion-black-challengers-2026-north-america-ace-stage-2-r2-1-0
646739,2026-03-26,Pigeons,Shopify Rebellion Gold,2,0,https://www.vlr.gg/646739/pigeons-vs-shopify-rebellion-gold-challengers-2026-north-america-ace-stage-2-r2-0-1
646740,2026-03-26,Nightblood Gaming,Azure Dragon Gaming,1,2,https://www.vlr.gg/646740/nightblood-gaming-vs-azure-dragon-gaming-challengers-2026-north-america-ace-stage-2-r2-1-0
646741,2026-03-26,QoR,NRG Academy,1,2,https://www.vlr.gg/646741/qor-vs-nrg-academy-challengers-2026-north-america-ace-stage-2-r2-1-0
628554,2026-03-27,Insomnia,QT DIG∞,0,2,https://www.vlr.gg/628554/insomnia-vs-qt-dig-challengers-2026-japan-split-1-ubsf
628556,2026-03-27,FENNEL,CREST GAMING Zst,1,2,https://www.vlr.gg/628556/fennel-vs-crest-gaming-zst-challengers-2026-japan-split-1-ubsf
628557,2026-03-27,Insomnia,REIGNITE FOXX,0,2,https://www.vlr.gg/628557/insomnia-vs-reignite-foxx-challengers-2026-japan-split-1-lr3
639839,2026-03-27,ELEVATE,Team Solid,1,2,https://www.vlr.gg/639839/elevate-vs-team-solid-challengers-2026-brazil-gamers-club-stage-1-ubf
639843,2026-03-27,2Game Esports,TBK Esports,2,0,https://www.vlr.gg/639843/2game-esports-vs-tbk-esports-challengers-2026-brazil-gamers-club-stage-1-lr2
642149,2026-03-27,UCAM Esports Club,Enterprise Esports,0,2,https://www.vlr.gg/642149/ucam-esports-club-vs-enterprise-esports-challengers-2026-emea-stage-1-ubf
642151,2026-03-27,Mandatory,Misa Esports,2,1,https://www.vlr.gg/642151/mandatory-vs-misa-esports-challengers-2026-emea-stage-1-lr1
642893,2026-03-27,Leosun Esports,xCrew,2,0,https://www.vlr.gg/642893/leosun-esports-vs-xcrew-challengers-2026-south-asia-split-1-w2
642894,2026-03-27,Gods Reign,Revenant XSpark,1,2,https://www.vlr.gg/642894/gods-reign-vs-revenant-xspark-challengers-2026-south-asia-split-1-w2
644281,2026-03-27,Melser Kindergarten,LEVIATÁN Academy,3,0,https://www.vlr.gg/644281/melser-kindergarten-vs-leviat-n-academy-challengers-2026-latam-south-ace-stage-1-lbf
644822,2026-03-27,Motiv Esports,Sharper Esports,1,2,https://www.vlr.gg/644822/motiv-esports-vs-sharper-esports-challengers-2026-southeast-asia-split-1-ubf
644828,2026-03-27,555,Fancy United Esports,2,1,https://www.vlr.gg/644828/555-vs-fancy-united-esports-challengers-2026-southeast-asia-split-1-lr3
628558,2026-03-28,FENNEL,RIDDLE ORDER,2,0,https://www.vlr.gg/628558/fennel-vs-riddle-order-challengers-2026-japan-split-1-lr3
628559,2026-03-28,QT DIG∞,CREST GAMING Zst,1,2,https://www.vlr.gg/628559/qt-dig-vs-crest-gaming-zst-challengers-2026-japan-split-1-ubf
639844,2026-03-28,ELEVATE,2Game Esports,1,3,https://www.vlr.gg/639844/elevate-vs-2game-esports-challengers-2026-brazil-gamers-club-stage-1-lbf
642152,2026-03-28,UCAM Esports Club,Mandatory,2,3,https://www.vlr.gg/642152/ucam-esports-club-vs-mandatory-challengers-2026-emea-stage-1-lbf
642895,2026-03-28,Asterisk,The Rad Syndicate,2,0,https://www.vlr.gg/642895/asterisk-vs-the-rad-syndicate-challengers-2026-south-asia-split-1-w2
642896,2026-03-28,S8UL Esports,DOT EXE,2,0,https://www.vlr.gg/642896/s8ul-esports-vs-dot-exe-challengers-2026-south-asia-split-1-w2
644263,2026-03-28,LYON,Contra,3,0,https://www.vlr.gg/644263/lyon-vs-contra-challengers-2026-latam-north-ace-stage-1-gf
644829,2026-03-28,Motiv Esports,555,3,2,https://www.vlr.gg/644829/motiv-esports-vs-555-challengers-2026-southeast-asia-split-1-lbf
654455,2026-03-28,Converse University,KSU Gold,1,3,https://www.vlr.gg/654455/converse-university-vs-ksu-gold-college-valorant-2025-2026-peach-belt-conference-gf
628560,2026-03-29,REIGNITE FOXX,FENNEL,2,0,https://www.vlr.gg/628560/reignite-foxx-vs-fennel-challengers-2026-japan-split-1-lr4
628561,2026-03-29,QT DIG∞,REIGNITE FOXX,2,1,https://www.vlr.gg/628561/qt-dig-vs-reignite-foxx-challengers-2026-japan-split-1-lbf
639840,2026-03-29,Team Solid,2Game Esports,3,1,https://www.vlr.gg/639840/team-solid-vs-2game-esports-challengers-2026-brazil-gamers-club-stage-1-gf
642150,2026-03-29,Enterprise Esports,Mandatory,3,0,https://www.vlr.gg/642150/enterprise-esports-vs-mandatory-challengers-2026-emea-stage-1-gf
642897,2026-03-29,Gods Reign,Asterisk,1,2,https://www.vlr.gg/642897/gods-reign-vs-asterisk-challengers-2026-south-asia-split-1-w2
642898,2026-03-29,DOT EXE,Leosun Esports,0,2,https://www.vlr.gg/642898/dot-exe-vs-leosun-esports-challengers-2026-south-asia-split-1-w2
644279,2026-03-29,ShindeN,Melser Kindergarten,1,3,https://www.vlr.gg/644279/shinden-vs-melser-kindergarten-challengers-2026-latam-south-ace-stage-1-gf
644823,2026-03-29,Sharper Esports,Motiv Esports,1,3,https://www.vlr.gg/644823/sharper-esports-vs-motiv-esports-challengers-2026-southeast-asia-split-1-gf
656895,2026-03-29,Ball State,Akron Esports,2,1,https://www.vlr.gg/656895/ball-state-vs-akron-esports-college-valorant-2025-2026-esports-collegiate-conference-playoffs-gf
620360,2026-03-30,KRÜ BLAZE,Looking For Laburo,2,1,https://www.vlr.gg/620360/kr-blaze-vs-looking-for-laburo-game-changers-2026-latam-south-stage-1-ubsf
620384,2026-03-30,Akave Esports GC,FUSION X,2,0,https://www.vlr.gg/620384/akave-esports-gc-vs-fusion-x-game-changers-2026-latam-north-stage-1-ubsf
628329,2026-03-30,Team Liquid Brazil,Gênias do Bem,2,1,https://www.vlr.gg/628329/team-liquid-brazil-vs-g-nias-do-bem-game-changers-2026-brazil-stage-1-r3-2-0
628330,2026-03-30,Beta Division GC,malvadinhas 3.0,0,2,https://www.vlr.gg/628330/beta-division-gc-vs-malvadinhas-3-0-game-changers-2026-brazil-stage-1-r3-0-2
628331,2026-03-30,oi posso fala,Forged to Shine GC,2,0,https://www.vlr.gg/628331/oi-posso-fala-vs-forged-to-shine-gc-game-changers-2026-brazil-stage-1-r3-1-1
628332,2026-03-30,MIBR GC,PÃO COM RATO,2,0,https://www.vlr.gg/628332/mibr-gc-vs-p-o-com-rato-game-changers-2026-brazil-stage-1-r3-1-1
642899,2026-03-30,Revenant XSpark,xCrew,2,0,https://www.vlr.gg/642899/revenant-xspark-vs-xcrew-challengers-2026-south-asia-split-1-w2
642900,2026-03-30,The Rad Syndicate,S8UL Esports,1,2,https://www.vlr.gg/642900/the-rad-syndicate-vs-s8ul-esports-challengers-2026-south-asia-split-1-w2
647255,2026-03-30,Shopify Rebellion Gold,SaD Esports,0,2,https://www.vlr.gg/647255/shopify-rebellion-gold-vs-sad-esports-challengers-2026-north-america-ace-stage-2-r3-0-2
647256,2026-03-30,ROSE,Evictix,0,2,https://www.vlr.gg/647256/rose-vs-evictix-challengers-2026-north-america-ace-stage-2-r3-0-2
647257,2026-03-30,QoR,Pigeons,2,1,https://www.vlr.gg/647257/qor-vs-pigeons-challengers-2026-north-america-ace-stage-2-r3-1-1
647258,2026-03-30,FlyQuest,Division One,2,0,https://www.vlr.gg/647258/flyquest-vs-division-one-challengers-2026-north-america-ace-stage-2-r3-1-1
620361,2026-03-31,Polar Squad Esports GC,Olimpo Gold,0,2,https://www.vlr.gg/620361/polar-squad-esports-gc-vs-olimpo-gold-game-changers-2026-latam-south-stage-1-ubsf
620385,2026-03-31,MYVRA GC,No Sweat Blossom,2,1,https://www.vlr.gg/620385/myvra-gc-vs-no-sweat-blossom-game-changers-2026-latam-north-stage-1-ubsf
642901,2026-03-31,xCrew,DOT EXE,2,0,https://www.vlr.gg/642901/xcrew-vs-dot-exe-challengers-2026-south-asia-split-1-w2
642902,2026-03-31,The Rad Syndicate,Revenant XSpark,0,2,https://www.vlr.gg/642902/the-rad-syndicate-vs-revenant-xspark-challengers-2026-south-asia-split-1-w2
642914,2026-03-31,Titan Esports Club,All Gamers,1,2,https://www.vlr.gg/642914/titan-esports-club-vs-all-gamers-vct-2026-china-stage-1-w1
642915,2026-03-31,Nova Esports,EDward Gaming,0,2,https://www.vlr.gg/642915/nova-esports-vs-edward-gaming-vct-2026-china-stage-1-w1
647259,2026-03-31,Evil Geniuses Academy,M80,1,2,https://www.vlr.gg/647259/evil-geniuses-academy-vs-m80-challengers-2026-north-america-ace-stage-2-r3-1-1
647260,2026-03-31,Azure Dragon Gaming,Shopify Rebellion Black,2,0,https://www.vlr.gg/647260/azure-dragon-gaming-vs-shopify-rebellion-black-challengers-2026-north-america-ace-stage-2-r3-2
647261,2026-03-31,YFP,NRG Academy,2,1,https://www.vlr.gg/647261/yfp-vs-nrg-academy-challengers-2026-north-america-ace-stage-2-r3-2-0
647262,2026-03-31,Nightblood Gaming,Alliance Guardians,1,2,https://www.vlr.gg/647262/nightblood-gaming-vs-alliance-guardians-challengers-2026-north-america-ace-stage-2-r3-1-1
639899,2026-04-01,HOLY,F4TALITY,2,0,https://www.vlr.gg/639899/holy-vs-f4tality-challengers-2026-brazil-gamers-club-stage-1-opening
639900,2026-04-01,Paysandu Esports,Remo Esports,2,0,https://www.vlr.gg/639900/paysandu-esports-vs-remo-esports-challengers-2026-brazil-gamers-club-stage-1-opening
642903,2026-04-01,S8UL Esports,Asterisk,2,0,https://www.vlr.gg/642903/s8ul-esports-vs-asterisk-challengers-2026-south-asia-split-1-w2
642904,2026-04-01,Leosun Esports,Gods Reign,0,2,https://www.vlr.gg/642904/leosun-esports-vs-gods-reign-challengers-2026-south-asia-split-1-w2
642916,2026-04-01,JD Gaming,FunPlus Phoenix,2,1,https://www.vlr.gg/642916/jdg-esports-vs-funplus-phoenix-vct-2026-china-stage-1-w1
642917,2026-04-01,Dragon Ranger Gaming,Xi Lai Gaming,0,2,https://www.vlr.gg/642917/dragon-ranger-gaming-vs-xi-lai-gaming-vct-2026-china-stage-1-w1
644709,2026-04-01,FNATIC,Eternal Fire,2,1,https://www.vlr.gg/644709/fnatic-vs-eternal-fire-vct-2026-emea-stage-1-w1
644710,2026-04-01,Team Liquid,Karmine Corp,2,0,https://www.vlr.gg/644710/team-liquid-vs-karmine-corp-vct-2026-emea-stage-1-w1
647396,2026-04-01,ONSIDE GAMING,DRX Academy,2,0,https://www.vlr.gg/647396/onside-gaming-vs-drx-academy-challengers-2026-korea-wdg-split-1-ur1
647397,2026-04-01,Gen.G Global Academy,ARETE,2,0,https://www.vlr.gg/647397/gen-g-global-academy-vs-arete-challengers-2026-korea-wdg-split-1-ur1
648098,2026-04-01,REIGNITE FOXX,AGELITE,0,2,https://www.vlr.gg/648098/reignite-foxx-vs-agelite-challengers-2026-japan-split-1-ubqf
648099,2026-04-01,Insomnia,REJECT,1,2,https://www.vlr.gg/648099/insomnia-vs-reject-challengers-2026-japan-split-1-ubqf
620364,2026-04-02,Looking For Laburo,Polar Squad Esports GC,2,1,https://www.vlr.gg/620364/looking-for-laburo-vs-polar-squad-esports-gc-game-changers-2026-latam-south-stage-1-lr1
620388,2026-04-02,FUSION X,No Sweat Blossom,0,2,https://www.vlr.gg/620388/fusion-x-vs-no-sweat-blossom-game-changers-2026-latam-north-stage-1-lr1
639901,2026-04-02,HOLY,Paysandu Esports,2,0,https://www.vlr.gg/639901/holy-vs-paysandu-esports-challengers-2026-brazil-gamers-club-stage-1-winners
639902,2026-04-02,F4TALITY,Remo Esports,2,0,https://www.vlr.gg/639902/f4tality-vs-remo-esports-challengers-2026-brazil-gamers-club-stage-1-elim
642918,2026-04-02,Wolves Esports,Trace Esports,0,2,https://www.vlr.gg/642918/wolves-esports-vs-trace-esports-vct-2026-china-stage-1-w1
642919,2026-04-02,Bilibili Gaming,TYLOO,1,2,https://www.vlr.gg/642919/bilibili-gaming-vs-tyloo-vct-2026-china-stage-1-w1
644711,2026-04-02,Team Vitality,GIANTX,2,0,https://www.vlr.gg/644711/team-vitality-vs-giantx-vct-2026-emea-stage-1-w1
644712,2026-04-02,Gentle Mates,FUT Esports,1,2,https://www.vlr.gg/644712/gentle-mates-vs-fut-esports-vct-2026-emea-stage-1-w1
647398,2026-04-02,Dplus Esports,ONSIDE GAMING,0,2,https://www.vlr.gg/647398/dplus-esports-vs-onside-gaming-challengers-2026-korea-wdg-split-1-ubsf
647399,2026-04-02,T1 Academy,Gen.G Global Academy,1,2,https://www.vlr.gg/647399/t1-academy-vs-gen-g-global-academy-challengers-2026-korea-wdg-split-1-ubsf
648100,2026-04-02,FENNEL,WEC C,2,1,https://www.vlr.gg/648100/fennel-vs-wec-c-challengers-2026-japan-split-1-ubqf
648101,2026-04-02,RIDDLE ORDER,Murash Gaming,0,2,https://www.vlr.gg/648101/riddle-order-vs-murash-gaming-challengers-2026-japan-split-1-ubqf
620362,2026-04-03,KRÜ BLAZE,Olimpo Gold,0,2,https://www.vlr.gg/620362/kr-blaze-vs-olimpo-gold-game-changers-2026-latam-south-stage-1-ubf
620386,2026-04-03,Akave Esports GC,MYVRA GC,2,0,https://www.vlr.gg/620386/akave-esports-gc-vs-myvra-gc-game-changers-2026-latam-north-stage-1-ubf
639903,2026-04-03,Paysandu Esports,F4TALITY,0,3,https://www.vlr.gg/639903/paysandu-esports-vs-f4tality-challengers-2026-brazil-gamers-club-stage-1-decider
642920,2026-04-03,Dragon Ranger Gaming,Nova Esports,2,0,https://www.vlr.gg/642920/dragon-ranger-gaming-vs-nova-esports-vct-2026-china-stage-1-w1
642921,2026-04-03,FunPlus Phoenix,All Gamers,2,0,https://www.vlr.gg/642921/funplus-phoenix-vs-all-gamers-vct-2026-china-stage-1-w1
644652,2026-04-03,Gen.G,Global Esports,0,2,https://www.vlr.gg/644652/gen-g-vs-global-esports-vct-2026-pacific-stage-1-w1
644653,2026-04-03,T1,VARREL,2,0,https://www.vlr.gg/644653/t1-vs-varrel-vct-2026-pacific-stage-1-w1
644713,2026-04-03,Team Heretics,Natus Vincere,1,2,https://www.vlr.gg/644713/team-heretics-vs-natus-vincere-vct-2026-emea-stage-1-w1
644714,2026-04-03,BBL Esports,PCIFIC Esports,2,0,https://www.vlr.gg/644714/bbl-esports-vs-pcific-esports-vct-2026-emea-stage-1-w1
620365,2026-04-04,KRÜ BLAZE,Looking For Laburo,2,0,https://www.vlr.gg/620365/kr-blaze-vs-looking-for-laburo-game-changers-2026-latam-south-stage-1-lbf
620389,2026-04-04,MYVRA GC,No Sweat Blossom,0,2,https://www.vlr.gg/620389/myvra-gc-vs-no-sweat-blossom-game-changers-2026-latam-north-stage-1-lbf
628333,2026-04-04,oi posso fala,MIBR GC,0,2,https://www.vlr.gg/628333/oi-posso-fala-vs-mibr-gc-game-changers-2026-brazil-stage-1-r4
628334,2026-04-04,Gênias do Bem,malvadinhas 3.0,2,0,https://www.vlr.gg/628334/g-nias-do-bem-vs-malvadinhas-3-0-game-changers-2026-brazil-stage-1-r4
628335,2026-04-04,Forged to Shine GC,PÃO COM RATO,0,2,https://www.vlr.gg/628335/forged-to-shine-gc-vs-p-o-com-rato-game-changers-2026-brazil-stage-1-r4
642922,2026-04-04,TYLOO,Titan Esports Club,2,0,https://www.vlr.gg/642922/tyloo-vs-titan-esports-club-vct-2026-china-stage-1-w1
642923,2026-04-04,Wolves Esports,EDward Gaming,0,2,https://www.vlr.gg/642923/wolves-esports-vs-edward-gaming-vct-2026-china-stage-1-w1
644654,2026-04-04,Nongshim RedForce,Paper Rex,1,2,https://www.vlr.gg/644654/nongshim-redforce-vs-paper-rex-vct-2026-pacific-stage-1-w1
644655,2026-04-04,FULL SENSE,DetonatioN FocusMe,2,0,https://www.vlr.gg/644655/full-sense-vs-detonation-focusme-vct-2026-pacific-stage-1-w1
649758,2026-04-04,Mandatory,Galions,1,2,https://www.vlr.gg/649758/mandatory-vs-galions-challengers-2026-france-revolution-stage-2-w1
649759,2026-04-04,Esprit Shōnen,Caldya Esport,1,2,https://www.vlr.gg/649759/esprit-sh-nen-vs-caldya-esport-challengers-2026-france-revolution-stage-2-w1
649760,2026-04-04,WIP Esports,Nuxeria Esport,2,1,https://www.vlr.gg/649760/wip-esports-vs-nuxeria-esport-challengers-2026-france-revolution-stage-2-w1
649792,2026-04-04,Misa Esports,Team SCARS,2,0,https://www.vlr.gg/649792/misa-esports-vs-team-scars-challengers-2026-t-rkiye-birlik-stage-2-w1
649793,2026-04-04,Eternal Fire Passion,Bushido Wildcats,2,0,https://www.vlr.gg/649793/eternal-fire-passion-vs-bushido-wildcats-challengers-2026-t-rkiye-birlik-stage-2-w1
649813,2026-04-04,AKA HERO,CGN Esports,0,2,https://www.vlr.gg/649813/aka-hero-vs-cgn-esports-challengers-2026-dach-evolution-stage-2-w1
649814,2026-04-04,eSports Cologne,RIZON,1,2,https://www.vlr.gg/649814/esports-cologne-vs-rizon-challengers-2026-dach-evolution-stage-2-w1
650839,2026-04-04,Stallions Esports,Axe,2,0,https://www.vlr.gg/650839/stallions-esports-vs-axe-challengers-2026-mena-resilience-pulse-stage-middle-east-swiss-stage
650845,2026-04-04,AlQadsiah Esports,MAYHEM,2,0,https://www.vlr.gg/650845/alqadsiah-esports-vs-mayhem-challengers-2026-mena-resilience-pulse-stage-middle-east-swiss-sta
628338,2026-04-05,oi posso fala,PÃO COM RATO,1,2,https://www.vlr.gg/628338/oi-posso-fala-vs-p-o-com-rato-game-changers-2026-brazil-stage-1-r5
642924,2026-04-05,Trace Esports,Xi Lai Gaming,1,2,https://www.vlr.gg/642924/trace-esports-vs-xi-lai-gaming-vct-2026-china-stage-1-w1
642925,2026-04-05,Bilibili Gaming,JD Gaming,2,0,https://www.vlr.gg/642925/bilibili-gaming-vs-jdg-esports-vct-2026-china-stage-1-w1
644656,2026-04-05,Team Secret,KIWOOM DRX,0,2,https://www.vlr.gg/644656/team-secret-vs-drx-vct-2026-pacific-stage-1-w1
644657,2026-04-05,Rex Regum Qeon,ZETA DIVISION,2,1,https://www.vlr.gg/644657/rex-regum-qeon-vs-zeta-division-vct-2026-pacific-stage-1-w1
649761,2026-04-05,Esprit Shōnen,Mandatory,0,2,https://www.vlr.gg/649761/esprit-sh-nen-vs-mandatory-challengers-2026-france-revolution-stage-2-w1
649762,2026-04-05,F9 EICAR,Joblife,2,1,https://www.vlr.gg/649762/f9-eicar-vs-joblife-challengers-2026-france-revolution-stage-2-w1
649763,2026-04-05,Galions,WIP Esports,0,2,https://www.vlr.gg/649763/galions-vs-wip-esports-challengers-2026-france-revolution-stage-2-w1
649794,2026-04-05,Galatasaray Esports,FUT Esports Academy,0,2,https://www.vlr.gg/649794/galatasaray-esports-vs-fut-esports-academy-challengers-2026-t-rkiye-birlik-stage-2-w1
649795,2026-04-05,REBORN,GHOSTS,2,0,https://www.vlr.gg/649795/reborn-vs-ghosts-challengers-2026-t-rkiye-birlik-stage-2-w1
649815,2026-04-05,Dortmund eSports,Eintracht Frankfurt,1,2,https://www.vlr.gg/649815/dortmund-esports-vs-eintracht-frankfurt-challengers-2026-dach-evolution-stage-2-w1
649816,2026-04-05,ALTERNATE aTTaX,FOKUS,0,2,https://www.vlr.gg/649816/alternate-attax-vs-fokus-challengers-2026-dach-evolution-stage-2-w1
650486,2026-04-05,Falke Esports,Melilla Titans,2,0,https://www.vlr.gg/650486/falke-esports-vs-melilla-titans-challengers-2026-spain-rising-stage-3-ur1
650488,2026-04-05,KPI Gaming,HGE Esport,2,0,https://www.vlr.gg/650488/kpi-gaming-vs-hge-esport-challengers-2026-spain-rising-stage-3-ur1
650955,2026-04-05,GnG Esports,Vibranium Esports,2,1,https://www.vlr.gg/650955/gng-esports-vs-vibranium-esports-challengers-2026-mena-resilience-pulse-stage-north-africa-swi
650957,2026-04-05,Ghools Esports,Gamax Esports,0,2,https://www.vlr.gg/650957/ghools-esports-vs-gamax-esports-challengers-2026-mena-resilience-pulse-stage-north-africa-swis
620363,2026-04-06,Olimpo Gold,KRÜ BLAZE,0,3,https://www.vlr.gg/620363/olimpo-gold-vs-kr-blaze-game-changers-2026-latam-south-stage-1-gf
648102,2026-04-06,AGELITE,REJECT,1,2,https://www.vlr.gg/648102/agelite-vs-reject-challengers-2026-japan-split-1-ubsf
648103,2026-04-06,FENNEL,Murash Gaming,2,0,https://www.vlr.gg/648103/fennel-vs-murash-gaming-challengers-2026-japan-split-1-ubsf
648747,2026-04-06,Shopify Rebellion Gold,ROSE,1,2,https://www.vlr.gg/648747/shopify-rebellion-gold-vs-rose-challengers-2026-north-america-ace-stage-2-r4-0-3
648748,2026-04-06,Evil Geniuses Academy,Division One,2,0,https://www.vlr.gg/648748/evil-geniuses-academy-vs-division-one-challengers-2026-north-america-ace-stage-2-r4-1-2
648749,2026-04-06,Shopify Rebellion Black,QoR,2,0,https://www.vlr.gg/648749/shopify-rebellion-black-vs-qor-challengers-2026-north-america-ace-stage-2-r4-2-1
648750,2026-04-06,Nightblood Gaming,Pigeons,2,1,https://www.vlr.gg/648750/nightblood-gaming-vs-pigeons-challengers-2026-north-america-ace-stage-2-r4-1-2
649764,2026-04-06,Joblife,Caldya Esport,2,1,https://www.vlr.gg/649764/joblife-vs-caldya-esport-challengers-2026-france-revolution-stage-2-w1
649765,2026-04-06,Nuxeria Esport,F9 EICAR,2,0,https://www.vlr.gg/649765/nuxeria-esport-vs-f9-eicar-challengers-2026-france-revolution-stage-2-w1
649796,2026-04-06,Beşiktaş Esports,Bushido Wildcats,2,0,https://www.vlr.gg/649796/be-ikta-esports-vs-bushido-wildcats-challengers-2026-t-rkiye-birlik-stage-2-w1
649797,2026-04-06,Misa Esports,Eternal Fire Passion,2,1,https://www.vlr.gg/649797/misa-esports-vs-eternal-fire-passion-challengers-2026-t-rkiye-birlik-stage-2-w1
650490,2026-04-06,Barça eSports,Falke Esports,2,0,https://www.vlr.gg/650490/bar-a-esports-vs-falke-esports-challengers-2026-spain-rising-stage-3-ubqf
650491,2026-04-06,NOVO Esports,Otakar Esports,1,2,https://www.vlr.gg/650491/novo-esports-vs-otakar-esports-challengers-2026-spain-rising-stage-3-ubqf
650492,2026-04-06,UCAM Esports Club,KPI Gaming,2,0,https://www.vlr.gg/650492/ucam-esports-club-vs-kpi-gaming-challengers-2026-spain-rising-stage-3-ubqf
650493,2026-04-06,DNSTY,Ramboot Club,2,1,https://www.vlr.gg/650493/dnsty-vs-ramboot-club-challengers-2026-spain-rising-stage-3-ubqf
650874,2026-04-06,MIBR GC,Lost Puppies Tau,2,1,https://www.vlr.gg/650874/mibr-gc-vs-lost-puppies-tau-challengers-2026-brazil-gamers-club-stage-1-ur1
650875,2026-04-06,Team Liquid Brazil,Team Gaseous,2,0,https://www.vlr.gg/650875/team-liquid-brazil-vs-team-gaseous-challengers-2026-brazil-gamers-club-stage-1-ur1
650876,2026-04-06,Paysandu Esports,MIBR GC,2,0,https://www.vlr.gg/650876/paysandu-esports-vs-mibr-gc-challengers-2026-brazil-gamers-club-stage-1-ubsf
650877,2026-04-06,Remo Esports,Team Liquid Brazil,1,2,https://www.vlr.gg/650877/remo-esports-vs-team-liquid-brazil-challengers-2026-brazil-gamers-club-stage-1-ubsf
620387,2026-04-07,Akave Esports GC,No Sweat Blossom,3,0,https://www.vlr.gg/620387/akave-esports-gc-vs-no-sweat-blossom-game-changers-2026-latam-north-stage-1-gf
642927,2026-04-07,FunPlus Phoenix,TYLOO,2,1,https://www.vlr.gg/642927/funplus-phoenix-vs-tyloo-vct-2026-china-stage-1-w2
642928,2026-04-07,Titan Esports Club,Bilibili Gaming,2,0,https://www.vlr.gg/642928/titan-esports-club-vs-bilibili-gaming-vct-2026-china-stage-1-w2
648105,2026-04-07,REIGNITE FOXX,Insomnia,1,2,https://www.vlr.gg/648105/reignite-foxx-vs-insomnia-challengers-2026-japan-split-1-lr1
648106,2026-04-07,WEC C,RIDDLE ORDER,0,2,https://www.vlr.gg/648106/wec-c-vs-riddle-order-challengers-2026-japan-split-1-lr1
648107,2026-04-07,Murash Gaming,Insomnia,1,2,https://www.vlr.gg/648107/murash-gaming-vs-insomnia-challengers-2026-japan-split-1-lr2
648482,2026-04-07,Team Falcons Vega,TRENTITAS,2,0,https://www.vlr.gg/648482/team-falcons-vega-vs-trentitas-game-changers-2026-southeast-asia-split-1-ubqf
648483,2026-04-07,IVY,Azure GC,2,0,https://www.vlr.gg/648483/ivy-vs-azure-gc-game-changers-2026-southeast-asia-split-1-ubqf
648751,2026-04-07,M80,NRG Academy,2,1,https://www.vlr.gg/648751/m80-vs-nrg-academy-challengers-2026-north-america-ace-stage-2-r4-2-1
648752,2026-04-07,SaD Esports,Evictix,2,0,https://www.vlr.gg/648752/sad-esports-vs-evictix-challengers-2026-north-america-ace-stage-2-r4-1-2
648753,2026-04-07,Azure Dragon Gaming,YFP,0,2,https://www.vlr.gg/648753/azure-dragon-gaming-vs-yfp-challengers-2026-north-america-ace-stage-2-r4-3-0
648754,2026-04-07,FlyQuest,Alliance Guardians,2,0,https://www.vlr.gg/648754/flyquest-vs-alliance-guardians-challengers-2026-north-america-ace-stage-2-r4-2-1
649798,2026-04-07,Fire Flux Esports,REBORN,0,2,https://www.vlr.gg/649798/fire-flux-esports-vs-reborn-challengers-2026-t-rkiye-birlik-stage-2-w1
649799,2026-04-07,GHOSTS,Galatasaray Esports,0,2,https://www.vlr.gg/649799/ghosts-vs-galatasaray-esports-challengers-2026-t-rkiye-birlik-stage-2-w1
650494,2026-04-07,Barça eSports,Otakar Esports,2,1,https://www.vlr.gg/650494/bar-a-esports-vs-otakar-esports-challengers-2026-spain-rising-stage-3-ubsf
650495,2026-04-07,UCAM Esports Club,DNSTY,1,2,https://www.vlr.gg/650495/ucam-esports-club-vs-dnsty-challengers-2026-spain-rising-stage-3-ubsf
650499,2026-04-07,Ramboot Club,Melilla Titans,2,0,https://www.vlr.gg/650499/ramboot-club-vs-melilla-titans-challengers-2026-spain-rising-stage-3-lr1
650501,2026-04-07,NOVO Esports,HGE Esport,0,2,https://www.vlr.gg/650501/novo-esports-vs-hge-esport-challengers-2026-spain-rising-stage-3-lr1
650879,2026-04-07,Lost Puppies Tau,Remo Esports,0,2,https://www.vlr.gg/650879/lost-puppies-tau-vs-remo-esports-challengers-2026-brazil-gamers-club-stage-1-lr1
650880,2026-04-07,MIBR GC,Team Gaseous,0,2,https://www.vlr.gg/650880/mibr-gc-vs-team-gaseous-challengers-2026-brazil-gamers-club-stage-1-lr1
651540,2026-04-07,RIZON,CGN Esports,1,2,https://www.vlr.gg/651540/rizon-vs-cgn-esports-challengers-2026-dach-evolution-stage-2-w2
651541,2026-04-07,AKA HERO,FOKUS,0,2,https://www.vlr.gg/651541/aka-hero-vs-fokus-challengers-2026-dach-evolution-stage-2-w2
651542,2026-04-07,ALTERNATE aTTaX,Eintracht Frankfurt,1,2,https://www.vlr.gg/651542/alternate-attax-vs-eintracht-frankfurt-challengers-2026-dach-evolution-stage-2-w2
651543,2026-04-07,eSports Cologne,Dortmund eSports,0,2,https://www.vlr.gg/651543/esports-cologne-vs-dortmund-esports-challengers-2026-dach-evolution-stage-2-w2
642929,2026-04-08,Xi Lai Gaming,Nova Esports,2,0,https://www.vlr.gg/642929/xi-lai-gaming-vs-nova-esports-vct-2026-china-stage-1-w2
642930,2026-04-08,EDward Gaming,Trace Esports,2,0,https://www.vlr.gg/642930/edward-gaming-vs-trace-esports-vct-2026-china-stage-1-w2
644716,2026-04-08,PCIFIC Esports,GIANTX,1,2,https://www.vlr.gg/644716/pcific-esports-vs-giantx-vct-2026-emea-stage-1-w2
644717,2026-04-08,BBL Esports,Eternal Fire,0,2,https://www.vlr.gg/644717/bbl-esports-vs-eternal-fire-vct-2026-emea-stage-1-w2
647402,2026-04-08,T1 Academy,DRX Academy,2,0,https://www.vlr.gg/647402/t1-academy-vs-drx-academy-challengers-2026-korea-wdg-split-1-lr1
647403,2026-04-08,Dplus Esports,ARETE,2,0,https://www.vlr.gg/647403/dplus-esports-vs-arete-challengers-2026-korea-wdg-split-1-lr1
648104,2026-04-08,REJECT,FENNEL,0,2,https://www.vlr.gg/648104/reject-vs-fennel-challengers-2026-japan-split-1-ubf
648108,2026-04-08,AGELITE,RIDDLE ORDER,0,2,https://www.vlr.gg/648108/agelite-vs-riddle-order-challengers-2026-japan-split-1-lr2
648484,2026-04-08,36 Thieves,Team HAQ,2,0,https://www.vlr.gg/648484/36-thieves-vs-team-haq-game-changers-2026-southeast-asia-split-1-ubqf
648485,2026-04-08,Stallions Lyra,Matilda GC,2,1,https://www.vlr.gg/648485/stallions-lyra-vs-matilda-gc-game-changers-2026-southeast-asia-split-1-ubqf
650878,2026-04-08,Paysandu Esports,Team Liquid Brazil,1,2,https://www.vlr.gg/650878/paysandu-esports-vs-team-liquid-brazil-challengers-2026-brazil-gamers-club-stage-1-ubf
650881,2026-04-08,Remo Esports,Team Gaseous,2,0,https://www.vlr.gg/650881/remo-esports-vs-team-gaseous-challengers-2026-brazil-gamers-club-stage-1-lr2
650938,2026-04-08,Chivas Esports,Tezcat Gaming,1,2,https://www.vlr.gg/650938/chivas-esports-vs-tezcat-gaming-challengers-2026-latam-north-ace-masters-opening-a
650943,2026-04-08,AB3 Esports,FUEGO,2,0,https://www.vlr.gg/650943/ab3-esports-vs-fuego-challengers-2026-latam-north-ace-masters-opening-b
651751,2026-04-08,Asterisk,S8UL Esports,0,2,https://www.vlr.gg/651751/asterisk-vs-s8ul-esports-challengers-2026-south-asia-split-1-sf
651752,2026-04-08,Revenant XSpark,Gods Reign,2,0,https://www.vlr.gg/651752/revenant-xspark-vs-gods-reign-challengers-2026-south-asia-split-1-sf
642931,2026-04-09,JD Gaming,All Gamers,0,2,https://www.vlr.gg/642931/jdg-esports-vs-all-gamers-vct-2026-china-stage-1-w2
642932,2026-04-09,Dragon Ranger Gaming,Wolves Esports,2,1,https://www.vlr.gg/642932/dragon-ranger-gaming-vs-wolves-esports-vct-2026-china-stage-1-w2
644718,2026-04-09,FNATIC,Team Vitality,2,0,https://www.vlr.gg/644718/fnatic-vs-team-vitality-vct-2026-emea-stage-1-w2
644719,2026-04-09,Team Liquid,Team Heretics,2,0,https://www.vlr.gg/644719/team-liquid-vs-team-heretics-vct-2026-emea-stage-1-w2
647400,2026-04-09,ONSIDE GAMING,Gen.G Global Academy,2,0,https://www.vlr.gg/647400/onside-gaming-vs-gen-g-global-academy-challengers-2026-korea-wdg-split-1-ubf
647404,2026-04-09,T1 Academy,Dplus Esports,2,0,https://www.vlr.gg/647404/t1-academy-vs-dplus-esports-challengers-2026-korea-wdg-split-1-lr2
648109,2026-04-09,Insomnia,RIDDLE ORDER,2,0,https://www.vlr.gg/648109/insomnia-vs-riddle-order-challengers-2026-japan-split-1-lr3
648110,2026-04-09,REJECT,Insomnia,1,2,https://www.vlr.gg/648110/reject-vs-insomnia-challengers-2026-japan-split-1-lbf
648490,2026-04-09,TRENTITAS,Azure GC,2,1,https://www.vlr.gg/648490/trentitas-vs-azure-gc-game-changers-2026-southeast-asia-split-1-lr1
648491,2026-04-09,Team HAQ,Matilda GC,0,2,https://www.vlr.gg/648491/team-haq-vs-matilda-gc-game-changers-2026-southeast-asia-split-1-lr1
650882,2026-04-09,Paysandu Esports,Remo Esports,3,0,https://www.vlr.gg/650882/paysandu-esports-vs-remo-esports-challengers-2026-brazil-gamers-club-stage-1-lbf
650920,2026-04-09,OXEN,9z Globant,1,2,https://www.vlr.gg/650920/oxen-vs-9z-team-challengers-2026-latam-south-ace-masters-opening-a
650925,2026-04-09,KRÜ SPARK,University War,2,1,https://www.vlr.gg/650925/kr-spark-vs-university-war-challengers-2026-latam-south-ace-masters-opening-b
651753,2026-04-09,S8UL Esports,Revenant XSpark,3,2,https://www.vlr.gg/651753/s8ul-esports-vs-revenant-xspark-challengers-2026-south-asia-split-1-gf
642933,2026-04-10,Nova Esports,Trace Esports,0,2,https://www.vlr.gg/642933/nova-esports-vs-trace-esports-vct-2026-china-stage-1-w2
642934,2026-04-10,FunPlus Phoenix,Bilibili Gaming,1,2,https://www.vlr.gg/642934/funplus-phoenix-vs-bilibili-gaming-vct-2026-china-stage-1-w2
644658,2026-04-10,DetonatioN FocusMe,T1,0,2,https://www.vlr.gg/644658/detonation-focusme-vs-t1-vct-2026-pacific-stage-1-w2
644659,2026-04-10,Nongshim RedForce,KIWOOM DRX,1,2,https://www.vlr.gg/644659/nongshim-redforce-vs-drx-vct-2026-pacific-stage-1-w2
644720,2026-04-10,FUT Esports,Natus Vincere,2,1,https://www.vlr.gg/644720/fut-esports-vs-natus-vincere-vct-2026-emea-stage-1-w2
644721,2026-04-10,Gentle Mates,Karmine Corp,2,1,https://www.vlr.gg/644721/gentle-mates-vs-karmine-corp-vct-2026-emea-stage-1-w2
645474,2026-04-10,Sentinels,KRÜ Esports,0,2,https://www.vlr.gg/645474/sentinels-vs-kr-esports-vct-2026-americas-stage-1-w1
645475,2026-04-10,G2 Esports,MIBR,0,2,https://www.vlr.gg/645475/g2-esports-vs-mibr-vct-2026-americas-stage-1-w1
642935,2026-04-11,All Gamers,TYLOO,1,2,https://www.vlr.gg/642935/all-gamers-vs-tyloo-vct-2026-china-stage-1-w2
642936,2026-04-11,EDward Gaming,Dragon Ranger Gaming,2,1,https://www.vlr.gg/642936/edward-gaming-vs-dragon-ranger-gaming-vct-2026-china-stage-1-w2
644660,2026-04-11,Team Secret,Global Esports,0,2,https://www.vlr.gg/644660/team-secret-vs-global-esports-vct-2026-pacific-stage-1-w2
644661,2026-04-11,Rex Regum Qeon,VARREL,2,0,https://www.vlr.gg/644661/rex-regum-qeon-vs-varrel-vct-2026-pacific-stage-1-w2
645476,2026-04-11,100 Thieves,Evil Geniuses,2,0,https://www.vlr.gg/645476/100-thieves-vs-evil-geniuses-vct-2026-americas-stage-1-w1
645477,2026-04-11,ENVY,LOUD,1,2,https://www.vlr.gg/645477/envy-vs-loud-vct-2026-americas-stage-1-w1
649766,2026-04-11,Nuxeria Esport,Mandatory,0,2,https://www.vlr.gg/649766/nuxeria-esport-vs-mandatory-challengers-2026-france-revolution-stage-2-w2
649767,2026-04-11,Caldya Esport,F9 EICAR,1,2,https://www.vlr.gg/649767/caldya-esport-vs-f9-eicar-challengers-2026-france-revolution-stage-2-w2
649768,2026-04-11,Esprit Shōnen,Galions,2,1,https://www.vlr.gg/649768/esprit-sh-nen-vs-galions-challengers-2026-france-revolution-stage-2-w2
649801,2026-04-11,GHOSTS,Fire Flux Esports,0,2,https://www.vlr.gg/649801/ghosts-vs-fire-flux-esports-challengers-2026-t-rkiye-birlik-stage-2-w2
649802,2026-04-11,Dark Passage,Beşiktaş Esports,0,2,https://www.vlr.gg/649802/dark-passage-vs-be-ikta-esports-challengers-2026-t-rkiye-birlik-stage-2-w2
651193,2026-04-11,Stallions Esports,Team Spire,2,0,https://www.vlr.gg/651193/stallions-esports-vs-team-spire-challengers-2026-mena-resilience-pulse-stage-middle-east-swiss
651194,2026-04-11,AlQadsiah Esports,VillianArc,2,0,https://www.vlr.gg/651194/alqadsiah-esports-vs-villianarc-challengers-2026-mena-resilience-pulse-stage-middle-east-swiss
651544,2026-04-11,Dortmund eSports,CGN Esports,0,2,https://www.vlr.gg/651544/dortmund-esports-vs-cgn-esports-challengers-2026-dach-evolution-stage-2-w2
651545,2026-04-11,AKA HERO,RIZON,0,2,https://www.vlr.gg/651545/aka-hero-vs-rizon-challengers-2026-dach-evolution-stage-2-w2
642937,2026-04-12,JD Gaming,Titan Esports Club,2,0,https://www.vlr.gg/642937/jdg-esports-vs-titan-esports-club-vct-2026-china-stage-1-w2
642938,2026-04-12,Xi Lai Gaming,Wolves Esports,2,1,https://www.vlr.gg/642938/xi-lai-gaming-vs-wolves-esports-vct-2026-china-stage-1-w2
644662,2026-04-12,FULL SENSE,ZETA DIVISION,2,0,https://www.vlr.gg/644662/full-sense-vs-zeta-division-vct-2026-pacific-stage-1-w2
644663,2026-04-12,Gen.G,Paper Rex,2,1,https://www.vlr.gg/644663/gen-g-vs-paper-rex-vct-2026-pacific-stage-1-w2
645478,2026-04-12,Cloud9,LEVIATÁN,0,2,https://www.vlr.gg/645478/cloud9-vs-leviat-n-vct-2026-americas-stage-1-w1
645479,2026-04-12,FURIA,NRG,2,0,https://www.vlr.gg/645479/furia-vs-nrg-vct-2026-americas-stage-1-w1
649769,2026-04-12,Caldya Esport,Nuxeria Esport,2,1,https://www.vlr.gg/649769/caldya-esport-vs-nuxeria-esport-challengers-2026-france-revolution-stage-2-w2
649770,2026-04-12,Joblife,WIP Esports,1,2,https://www.vlr.gg/649770/joblife-vs-wip-esports-challengers-2026-france-revolution-stage-2-w2
649771,2026-04-12,F9 EICAR,Galions,2,0,https://www.vlr.gg/649771/f9-eicar-vs-galions-challengers-2026-france-revolution-stage-2-w2
649803,2026-04-12,Bushido Wildcats,Misa Esports,0,2,https://www.vlr.gg/649803/bushido-wildcats-vs-misa-esports-challengers-2026-t-rkiye-birlik-stage-2-w2
649804,2026-04-12,REBORN,FUT Esports Academy,2,0,https://www.vlr.gg/649804/reborn-vs-fut-esports-academy-challengers-2026-t-rkiye-birlik-stage-2-w2
650496,2026-04-12,Barça eSports,DNSTY,0,2,https://www.vlr.gg/650496/bar-a-esports-vs-dnsty-challengers-2026-spain-rising-stage-3-ubf
650502,2026-04-12,KPI Gaming,Ramboot Club,2,0,https://www.vlr.gg/650502/kpi-gaming-vs-ramboot-club-challengers-2026-spain-rising-stage-3-lr2
650503,2026-04-12,Falke Esports,HGE Esport,2,0,https://www.vlr.gg/650503/falke-esports-vs-hge-esport-challengers-2026-spain-rising-stage-3-lr2
651380,2026-04-12,BAAM Esports,GnG Esports,2,1,https://www.vlr.gg/651380/baam-esports-vs-gng-esports-challengers-2026-mena-resilience-pulse-stage-north-africa-swiss-st
651381,2026-04-12,Gamax Esports,Team RA'AD,2,0,https://www.vlr.gg/651381/gamax-esports-vs-team-raad-challengers-2026-mena-resilience-pulse-stage-north-africa-swiss-st
651546,2026-04-12,eSports Cologne,ALTERNATE aTTaX,1,2,https://www.vlr.gg/651546/esports-cologne-vs-alternate-attax-challengers-2026-dach-evolution-stage-2-w2
651547,2026-04-12,Eintracht Frankfurt,FOKUS,2,0,https://www.vlr.gg/651547/eintracht-frankfurt-vs-fokus-challengers-2026-dach-evolution-stage-2-w2
628314,2026-04-13,Team Liquid Brazil,PÃO COM RATO,2,0,https://www.vlr.gg/628314/team-liquid-brazil-vs-p-o-com-rato-game-changers-2026-brazil-stage-1-ubsf
628315,2026-04-13,Evil Geniuses GC,MIBR GC,1,2,https://www.vlr.gg/628315/evil-geniuses-gc-vs-mibr-gc-game-changers-2026-brazil-stage-1-ubsf
649772,2026-04-13,WIP Esports,Mandatory,2,1,https://www.vlr.gg/649772/wip-esports-vs-mandatory-challengers-2026-france-revolution-stage-2-w2
649773,2026-04-13,Esprit Shōnen,Joblife,2,0,https://www.vlr.gg/649773/esprit-sh-nen-vs-joblife-challengers-2026-france-revolution-stage-2-w2
649805,2026-04-13,Eternal Fire Passion,Beşiktaş Esports,1,2,https://www.vlr.gg/649805/eternal-fire-passion-vs-be-ikta-esports-challengers-2026-t-rkiye-birlik-stage-2-w2
649806,2026-04-13,Galatasaray Esports,Fire Flux Esports,2,1,https://www.vlr.gg/649806/galatasaray-esports-vs-fire-flux-esports-challengers-2026-t-rkiye-birlik-stage-2-w2
650504,2026-04-13,Otakar Esports,KPI Gaming,2,0,https://www.vlr.gg/650504/otakar-esports-vs-kpi-gaming-challengers-2026-spain-rising-stage-3-lr3
650505,2026-04-13,UCAM Esports Club,Falke Esports,1,2,https://www.vlr.gg/650505/ucam-esports-club-vs-falke-esports-challengers-2026-spain-rising-stage-3-lr3
650937,2026-04-13,LYON,STREAMER ARENA,2,0,https://www.vlr.gg/650937/lyon-vs-streamer-arena-challengers-2026-latam-north-ace-masters-opening-a
650942,2026-04-13,Contra,LAZER,2,0,https://www.vlr.gg/650942/contra-vs-lazer-challengers-2026-latam-north-ace-masters-opening-b
651755,2026-04-13,Division One,ROSE,2,0,https://www.vlr.gg/651755/division-one-vs-rose-challengers-2026-north-america-ace-stage-2-r5-1-3
651756,2026-04-13,Evil Geniuses Academy,NRG Academy,2,0,https://www.vlr.gg/651756/evil-geniuses-academy-vs-nrg-academy-challengers-2026-north-america-ace-stage-2-r5-2-2
651757,2026-04-13,Evictix,Pigeons,1,2,https://www.vlr.gg/651757/evictix-vs-pigeons-challengers-2026-north-america-ace-stage-2-r5-1-3
651758,2026-04-13,Alliance Guardians,QoR,0,2,https://www.vlr.gg/651758/alliance-guardians-vs-qor-challengers-2026-north-america-ace-stage-2-r5-2-2
628316,2026-04-14,Team Liquid Brazil,MIBR GC,1,2,https://www.vlr.gg/628316/team-liquid-brazil-vs-mibr-gc-game-changers-2026-brazil-stage-1-ubf
628318,2026-04-14,PÃO COM RATO,Evil Geniuses GC,0,2,https://www.vlr.gg/628318/p-o-com-rato-vs-evil-geniuses-gc-game-changers-2026-brazil-stage-1-lr1
642939,2026-04-14,TYLOO,JD Gaming,0,2,https://www.vlr.gg/642939/tyloo-vs-jdg-esports-vct-2026-china-stage-1-w3
642940,2026-04-14,Trace Esports,Dragon Ranger Gaming,1,2,https://www.vlr.gg/642940/trace-esports-vs-dragon-ranger-gaming-vct-2026-china-stage-1-w3
648486,2026-04-14,Team Falcons Vega,IVY,2,0,https://www.vlr.gg/648486/team-falcons-vega-vs-ivy-game-changers-2026-southeast-asia-split-1-ubsf
648487,2026-04-14,36 Thieves,Stallions Lyra,0,2,https://www.vlr.gg/648487/36-thieves-vs-stallions-lyra-game-changers-2026-southeast-asia-split-1-ubsf
650506,2026-04-14,Otakar Esports,Falke Esports,0,2,https://www.vlr.gg/650506/otakar-esports-vs-falke-esports-challengers-2026-spain-rising-stage-3-lr4
650919,2026-04-14,Melser Kindergarten,LEVIATÁN Academy,0,2,https://www.vlr.gg/650919/melser-kindergarten-vs-leviat-n-academy-challengers-2026-latam-south-ace-masters-opening-a
650924,2026-04-14,ShindeN,KRÜ BLAZE,2,0,https://www.vlr.gg/650924/shinden-vs-kr-blaze-challengers-2026-latam-south-ace-masters-opening-b
651759,2026-04-14,Nightblood Gaming,SaD Esports,2,1,https://www.vlr.gg/651759/nightblood-gaming-vs-sad-esports-challengers-2026-north-america-ace-stage-2-r5-2-2
651760,2026-04-14,M80,Azure Dragon Gaming,2,0,https://www.vlr.gg/651760/m80-vs-azure-dragon-gaming-challengers-2026-north-america-ace-stage-2-r5-3-1
651761,2026-04-14,Shopify Rebellion Black,FlyQuest,0,2,https://www.vlr.gg/651761/shopify-rebellion-black-vs-flyquest-challengers-2026-north-america-ace-stage-2-r5-3-1
655312,2026-04-14,Dortmund eSports,FOKUS,0,2,https://www.vlr.gg/655312/dortmund-esports-vs-fokus-challengers-2026-dach-evolution-stage-2-w3
655313,2026-04-14,AKA HERO,ALTERNATE aTTaX,2,1,https://www.vlr.gg/655313/aka-hero-vs-alternate-attax-challengers-2026-dach-evolution-stage-2-w3
655314,2026-04-14,RIZON,Eintracht Frankfurt,0,2,https://www.vlr.gg/655314/rizon-vs-eintracht-frankfurt-challengers-2026-dach-evolution-stage-2-w3
655315,2026-04-14,eSports Cologne,CGN Esports,0,2,https://www.vlr.gg/655315/esports-cologne-vs-cgn-esports-challengers-2026-dach-evolution-stage-2-w3
628319,2026-04-15,Team Liquid Brazil,Evil Geniuses GC,3,0,https://www.vlr.gg/628319/team-liquid-brazil-vs-evil-geniuses-gc-game-changers-2026-brazil-stage-1-lbf
642941,2026-04-15,Titan Esports Club,FunPlus Phoenix,2,0,https://www.vlr.gg/642941/titan-esports-club-vs-funplus-phoenix-vct-2026-china-stage-1-w3
642942,2026-04-15,All Gamers,Bilibili Gaming,2,1,https://www.vlr.gg/642942/all-gamers-vs-bilibili-gaming-vct-2026-china-stage-1-w3
644722,2026-04-15,BBL Esports,GIANTX,1,2,https://www.vlr.gg/644722/bbl-esports-vs-giantx-vct-2026-emea-stage-1-w3
644723,2026-04-15,Gentle Mates,Natus Vincere,2,0,https://www.vlr.gg/644723/gentle-mates-vs-natus-vincere-vct-2026-emea-stage-1-w3
647405,2026-04-15,Gen.G Global Academy,T1 Academy,3,0,https://www.vlr.gg/647405/gen-g-global-academy-vs-t1-academy-challengers-2026-korea-wdg-split-1-lbf
648492,2026-04-15,36 Thieves,TRENTITAS,2,0,https://www.vlr.gg/648492/36-thieves-vs-trentitas-game-changers-2026-southeast-asia-split-1-lr2
648493,2026-04-15,IVY,Matilda GC,2,0,https://www.vlr.gg/648493/ivy-vs-matilda-gc-game-changers-2026-southeast-asia-split-1-lr2
650939,2026-04-15,LYON,Tezcat Gaming,2,0,https://www.vlr.gg/650939/lyon-vs-tezcat-gaming-challengers-2026-latam-north-ace-masters-winners-a
650944,2026-04-15,Contra,AB3 Esports,2,0,https://www.vlr.gg/650944/contra-vs-ab3-esports-challengers-2026-latam-north-ace-masters-winners-b
653831,2026-04-15,CREST GAMING Zst,Insomnia,2,0,https://www.vlr.gg/653831/crest-gaming-zst-vs-insomnia-challengers-2026-japan-split-1-sf
653832,2026-04-15,QT DIG∞,FENNEL,1,2,https://www.vlr.gg/653832/qt-dig-vs-fennel-challengers-2026-japan-split-1-sf
655858,2026-04-15,Wadadaa,HyperSpeed Golden,2,0,https://www.vlr.gg/655858/wadadaa-vs-hyperspeed-golden-game-changers-2026-north-america-stage-1-swiss-stage-r1
655862,2026-04-15,SEN Otters,Teevee,2,0,https://www.vlr.gg/655862/sen-otters-vs-teevee-game-changers-2026-north-america-stage-1-swiss-stage-r1
642943,2026-04-16,Nova Esports,Wolves Esports,2,0,https://www.vlr.gg/642943/nova-esports-vs-wolves-esports-vct-2026-china-stage-1-w3
642944,2026-04-16,EDward Gaming,Xi Lai Gaming,1,2,https://www.vlr.gg/642944/edward-gaming-vs-xi-lai-gaming-vct-2026-china-stage-1-w3
644724,2026-04-16,Eternal Fire,Team Vitality,2,0,https://www.vlr.gg/644724/eternal-fire-vs-team-vitality-vct-2026-emea-stage-1-w3
644725,2026-04-16,Karmine Corp,Team Heretics,1,2,https://www.vlr.gg/644725/karmine-corp-vs-team-heretics-vct-2026-emea-stage-1-w3
647401,2026-04-16,ONSIDE GAMING,Gen.G Global Academy,3,0,https://www.vlr.gg/647401/onside-gaming-vs-gen-g-global-academy-challengers-2026-korea-wdg-split-1-gf
648488,2026-04-16,Team Falcons Vega,Stallions Lyra,2,0,https://www.vlr.gg/648488/team-falcons-vega-vs-stallions-lyra-game-changers-2026-southeast-asia-split-1-ubf
648494,2026-04-16,36 Thieves,IVY,2,1,https://www.vlr.gg/648494/36-thieves-vs-ivy-game-changers-2026-southeast-asia-split-1-lr3
648502,2026-04-16,swaglord9000,Kiss,0,2,https://www.vlr.gg/648502/swaglord9000-vs-kiss-game-changers-2026-oceania-split-1-ubf
648506,2026-04-16,JFT GC,Talented Individuals,2,0,https://www.vlr.gg/648506/jft-gc-vs-talented-individuals-game-changers-2026-oceania-split-1-lr2
650921,2026-04-16,LEVIATÁN Academy,9z Globant,2,0,https://www.vlr.gg/650921/leviat-n-academy-vs-9z-team-challengers-2026-latam-south-ace-masters-winners-a
650926,2026-04-16,ShindeN,KRÜ SPARK,1,2,https://www.vlr.gg/650926/shinden-vs-kr-spark-challengers-2026-latam-south-ace-masters-winners-b
653833,2026-04-16,CREST GAMING Zst,FENNEL,3,1,https://www.vlr.gg/653833/crest-gaming-zst-vs-fennel-challengers-2026-japan-split-1-gf
644665,2026-04-17,FULL SENSE,VARREL,2,0,https://www.vlr.gg/644665/full-sense-vs-varrel-vct-2026-pacific-stage-1-w3
644666,2026-04-17,Team Secret,Paper Rex,0,2,https://www.vlr.gg/644666/team-secret-vs-paper-rex-vct-2026-pacific-stage-1-w3
644726,2026-04-17,FUT Esports,Team Liquid,2,0,https://www.vlr.gg/644726/fut-esports-vs-team-liquid-vct-2026-emea-stage-1-w3
644727,2026-04-17,PCIFIC Esports,FNATIC,0,2,https://www.vlr.gg/644727/pcific-esports-vs-fnatic-vct-2026-emea-stage-1-w3
645480,2026-04-17,Cloud9,ENVY,1,2,https://www.vlr.gg/645480/cloud9-vs-envy-vct-2026-americas-stage-1-w2
645481,2026-04-17,FURIA,Evil Geniuses,2,1,https://www.vlr.gg/645481/furia-vs-evil-geniuses-vct-2026-americas-stage-1-w2
642946,2026-04-18,JD Gaming,EDward Gaming,1,2,https://www.vlr.gg/642946/jdg-esports-vs-edward-gaming-vct-2026-china-stage-1-seeding
642947,2026-04-18,TYLOO,Dragon Ranger Gaming,2,0,https://www.vlr.gg/642947/tyloo-vs-dragon-ranger-gaming-vct-2026-china-stage-1-seeding
644667,2026-04-18,KIWOOM DRX,Global Esports,2,0,https://www.vlr.gg/644667/kiwoom-drx-vs-global-esports-vct-2026-pacific-stage-1-w3
644668,2026-04-18,ZETA DIVISION,DetonatioN FocusMe,1,2,https://www.vlr.gg/644668/zeta-division-vs-detonation-focusme-vct-2026-pacific-stage-1-w3
645482,2026-04-18,G2 Esports,LEVIATÁN,1,2,https://www.vlr.gg/645482/g2-esports-vs-leviat-n-vct-2026-americas-stage-1-w2
645483,2026-04-18,MIBR,LOUD,2,0,https://www.vlr.gg/645483/mibr-vs-loud-vct-2026-americas-stage-1-w2
649774,2026-04-18,Esprit Shōnen,Nuxeria Esport,1,2,https://www.vlr.gg/649774/esprit-sh-nen-vs-nuxeria-esport-challengers-2026-france-revolution-stage-2-w3
649775,2026-04-18,F9 EICAR,WIP Esports,0,2,https://www.vlr.gg/649775/f9-eicar-vs-wip-esports-challengers-2026-france-revolution-stage-2-w3
649776,2026-04-18,Galions,Caldya Esport,2,0,https://www.vlr.gg/649776/galions-vs-caldya-esport-challengers-2026-france-revolution-stage-2-w3
649807,2026-04-18,Dark Passage,Bushido Wildcats,2,1,https://www.vlr.gg/649807/dark-passage-vs-bushido-wildcats-challengers-2026-t-rkiye-birlik-stage-2-w3
649808,2026-04-18,GHOSTS,FUT Esports Academy,2,0,https://www.vlr.gg/649808/ghosts-vs-fut-esports-academy-challengers-2026-t-rkiye-birlik-stage-2-w3
651195,2026-04-18,Fraggerz,Axe,2,0,https://www.vlr.gg/651195/fraggerz-vs-axe-challengers-2026-mena-resilience-pulse-stage-middle-east-swiss-stage-r2-0-1
651196,2026-04-18,MAYHEM,Howlers,2,0,https://www.vlr.gg/651196/mayhem-vs-howlers-challengers-2026-mena-resilience-pulse-stage-middle-east-swiss-stage-r2-0-1
655316,2026-04-18,AKA HERO,eSports Cologne,2,1,https://www.vlr.gg/655316/aka-hero-vs-esports-cologne-challengers-2026-dach-evolution-stage-2-w3
655317,2026-04-18,RIZON,FOKUS,0,2,https://www.vlr.gg/655317/rizon-vs-fokus-challengers-2026-dach-evolution-stage-2-w3
657964,2026-04-18,Enterprise Esports,EVOPLAY,2,0,https://www.vlr.gg/657964/enterprise-esports-vs-evoplay-challengers-2026-north-east-stage-2-ur1
657965,2026-04-18,MIR,Formulation Gaming,2,0,https://www.vlr.gg/657965/mir-vs-formulation-gaming-challengers-2026-north-east-stage-2-ur1
642945,2026-04-19,All Gamers,Xi Lai Gaming,1,2,https://www.vlr.gg/642945/all-gamers-vs-xi-lai-gaming-vct-2026-china-stage-1-seeding
642948,2026-04-19,Titan Esports Club,Trace Esports,1,2,https://www.vlr.gg/642948/titan-esports-club-vs-trace-esports-vct-2026-china-stage-1-seeding
644669,2026-04-19,Rex Regum Qeon,T1,0,2,https://www.vlr.gg/644669/rex-regum-qeon-vs-t1-vct-2026-pacific-stage-1-w3
644670,2026-04-19,Nongshim RedForce,Gen.G,2,0,https://www.vlr.gg/644670/nongshim-redforce-vs-gen-g-vct-2026-pacific-stage-1-w3
645484,2026-04-19,NRG,KRÜ Esports,0,2,https://www.vlr.gg/645484/nrg-vs-kr-esports-vct-2026-americas-stage-1-w2
645485,2026-04-19,100 Thieves,Sentinels,0,2,https://www.vlr.gg/645485/100-thieves-vs-sentinels-vct-2026-americas-stage-1-w2
649777,2026-04-19,Esprit Shōnen,WIP Esports,1,2,https://www.vlr.gg/649777/esprit-sh-nen-vs-wip-esports-challengers-2026-france-revolution-stage-2-w3
649778,2026-04-19,Nuxeria Esport,Joblife,0,2,https://www.vlr.gg/649778/nuxeria-esport-vs-joblife-challengers-2026-france-revolution-stage-2-w3
649779,2026-04-19,Mandatory,F9 EICAR,2,1,https://www.vlr.gg/649779/mandatory-vs-f9-eicar-challengers-2026-france-revolution-stage-2-w3
649809,2026-04-19,REBORN,Galatasaray Esports,2,0,https://www.vlr.gg/649809/reborn-vs-galatasaray-esports-challengers-2026-t-rkiye-birlik-stage-2-w3
649810,2026-04-19,Beşiktaş Esports,Misa Esports,2,0,https://www.vlr.gg/649810/be-ikta-esports-vs-misa-esports-challengers-2026-t-rkiye-birlik-stage-2-w3
651382,2026-04-19,One More Esports,RAFHA eSPORTS,1,2,https://www.vlr.gg/651382/one-more-esports-vs-rafha-esports-challengers-2026-mena-resilience-pulse-stage-north-africa-sw
651383,2026-04-19,Vibranium Esports,Ghools Esports,1,2,https://www.vlr.gg/651383/vibranium-esports-vs-ghools-esports-challengers-2026-mena-resilience-pulse-stage-north-africa
655318,2026-04-19,Eintracht Frankfurt,CGN Esports,1,2,https://www.vlr.gg/655318/eintracht-frankfurt-vs-cgn-esports-challengers-2026-dach-evolution-stage-2-w3
655319,2026-04-19,Dortmund eSports,ALTERNATE aTTaX,1,2,https://www.vlr.gg/655319/dortmund-esports-vs-alternate-attax-challengers-2026-dach-evolution-stage-2-w3
657966,2026-04-19,Bitfix Gaming,Natus Vincere Junior,0,2,https://www.vlr.gg/657966/bitfix-gaming-vs-natus-vincere-junior-challengers-2026-north-east-stage-2-ur1
657967,2026-04-19,BONK,Team Liquid Academy,1,2,https://www.vlr.gg/657967/bonk-vs-team-liquid-academy-challengers-2026-north-east-stage-2-ur1
649811,2026-04-20,Eternal Fire Passion,Dark Passage,2,0,https://www.vlr.gg/649811/eternal-fire-passion-vs-dark-passage-challengers-2026-t-rkiye-birlik-stage-2-w3
649812,2026-04-20,Fire Flux Esports,FUT Esports Academy,0,2,https://www.vlr.gg/649812/fire-flux-esports-vs-fut-esports-academy-challengers-2026-t-rkiye-birlik-stage-2-w3
650507,2026-04-20,Barça eSports,Falke Esports,3,1,https://www.vlr.gg/650507/bar-a-esports-vs-falke-esports-challengers-2026-spain-rising-stage-3-lbf
650940,2026-04-20,STREAMER ARENA,Chivas Esports,1,2,https://www.vlr.gg/650940/streamer-arena-vs-chivas-esports-challengers-2026-latam-north-ace-masters-elim-a
650945,2026-04-20,LAZER,FUEGO,0,2,https://www.vlr.gg/650945/lazer-vs-fuego-challengers-2026-latam-north-ace-masters-elim-b
656692,2026-04-20,Nightblood Gaming,Division One,1,2,https://www.vlr.gg/656692/nightblood-gaming-vs-division-one-challengers-2026-north-america-ace-stage-2-r6-3-2-vs-2-3
656693,2026-04-20,NRG Academy,SaD Esports,2,0,https://www.vlr.gg/656693/nrg-academy-vs-sad-esports-challengers-2026-north-america-ace-stage-2-r6-2-3
656694,2026-04-20,Alliance Guardians,Pigeons,1,2,https://www.vlr.gg/656694/alliance-guardians-vs-pigeons-challengers-2026-north-america-ace-stage-2-r6-2-3
657973,2026-04-20,EVOPLAY,Formulation Gaming,0,2,https://www.vlr.gg/657973/evoplay-vs-formulation-gaming-challengers-2026-north-east-stage-2-mr1
657974,2026-04-20,Bitfix Gaming,BONK,1,2,https://www.vlr.gg/657974/bitfix-gaming-vs-bonk-challengers-2026-north-east-stage-2-mr1
659563,2026-04-20,BOOM Esports,Be Good,2,1,https://www.vlr.gg/659563/boom-esports-vs-be-good-challengers-2026-sea-split-2-indonesia-qualifier-ubqf
659564,2026-04-20,NEVERLAND713,La Familia,2,1,https://www.vlr.gg/659564/neverland713-vs-la-familia-challengers-2026-sea-split-2-indonesia-qualifier-ubqf
659579,2026-04-20,Motiv Esports,Breakpoint,2,0,https://www.vlr.gg/659579/motiv-esports-vs-breakpoint-challengers-2026-sea-split-2-rest-of-sea-qualifier-ubqf
659580,2026-04-20,Trinity,Galaxy ReigN,2,1,https://www.vlr.gg/659580/trinity-vs-galaxy-reign-challengers-2026-sea-split-2-rest-of-sea-qualifier-ubqf
660436,2026-04-20,Oasis Gaming,Zorvex,2,1,https://www.vlr.gg/660436/oasis-gaming-vs-zorvex-challengers-2026-sea-split-2-philippines-qualifier-ubqf
660437,2026-04-20,Jade Lions,Fortune Puwa,2,0,https://www.vlr.gg/660437/jade-lions-vs-fortune-puwa-challengers-2026-sea-split-2-philippines-qualifier-ubqf
660470,2026-04-20,Fancy United Esports,Da Nang GrandStand,2,0,https://www.vlr.gg/660470/fancy-united-esports-vs-da-nang-grandstand-challengers-2026-sea-split-2-vietnam-qualifier-ubqf
660472,2026-04-20,Sushifly,God Chosen,1,2,https://www.vlr.gg/660472/sushifly-vs-god-chosen-challengers-2026-sea-split-2-vietnam-qualifier-ubqf
660485,2026-04-20,Fuiyoh,Team NKT,1,2,https://www.vlr.gg/660485/fuiyoh-vs-team-nkt-challengers-2026-sea-split-2-thailand-qualifier-ubqf
660486,2026-04-20,Sharper Esports,XOXO-01,2,0,https://www.vlr.gg/660486/sharper-esports-vs-xoxo-01-challengers-2026-sea-split-2-thailand-qualifier-ubqf
650497,2026-04-21,DNSTY,Barça eSports,3,1,https://www.vlr.gg/650497/dnsty-vs-bar-a-esports-challengers-2026-spain-rising-stage-3-gf
650922,2026-04-21,Melser Kindergarten,OXEN,2,0,https://www.vlr.gg/650922/melser-kindergarten-vs-oxen-challengers-2026-latam-south-ace-masters-elim-a
650927,2026-04-21,KRÜ BLAZE,University War,0,2,https://www.vlr.gg/650927/kr-blaze-vs-university-war-challengers-2026-latam-south-ace-masters-elim-b
655323,2026-04-21,eSports Cologne,Eintracht Frankfurt,0,2,https://www.vlr.gg/655323/esports-cologne-vs-eintracht-frankfurt-challengers-2026-dach-evolution-stage-2-w4
655324,2026-04-21,AKA HERO,Dortmund eSports,1,2,https://www.vlr.gg/655324/aka-hero-vs-dortmund-esports-challengers-2026-dach-evolution-stage-2-w4
656695,2026-04-21,QoR,Azure Dragon Gaming,2,1,https://www.vlr.gg/656695/qor-vs-azure-dragon-gaming-challengers-2026-north-america-ace-stage-2-r6-3-2
656696,2026-04-21,Evil Geniuses Academy,Shopify Rebellion Black,2,0,https://www.vlr.gg/656696/evil-geniuses-academy-vs-shopify-rebellion-black-challengers-2026-north-america-ace-stage-2-r6
657968,2026-04-21,Enterprise Esports,MIR,1,2,https://www.vlr.gg/657968/enterprise-esports-vs-mir-challengers-2026-north-east-stage-2-ur2
657969,2026-04-21,Natus Vincere Junior,Team Liquid Academy,2,0,https://www.vlr.gg/657969/natus-vincere-junior-vs-team-liquid-academy-challengers-2026-north-east-stage-2-ur2
659565,2026-04-21,Alter Ego,Nomads,2,0,https://www.vlr.gg/659565/alter-ego-vs-nomads-challengers-2026-sea-split-2-indonesia-qualifier-ubqf
659566,2026-04-21,Kertanegara Esports,Hive,2,0,https://www.vlr.gg/659566/kertanegara-esports-vs-hive-challengers-2026-sea-split-2-indonesia-qualifier-ubqf
659581,2026-04-21,Unsigned5,XLB,2,0,https://www.vlr.gg/659581/unsigned5-vs-xlb-challengers-2026-sea-split-2-rest-of-sea-qualifier-ubqf
659582,2026-04-21,Game On,Rival Esports,0,2,https://www.vlr.gg/659582/game-on-vs-rival-esports-challengers-2026-sea-split-2-rest-of-sea-qualifier-ubqf
660438,2026-04-21,HARU Esports,Homeless,2,0,https://www.vlr.gg/660438/haru-esports-vs-homeless-challengers-2026-sea-split-2-philippines-qualifier-ubqf
660439,2026-04-21,NAOS,NU BULLDOGS,2,0,https://www.vlr.gg/660439/naos-vs-nu-bulldogs-challengers-2026-sea-split-2-philippines-qualifier-ubqf
660473,2026-04-21,Biet Doi Ban Sung,ROY Esports,1,2,https://www.vlr.gg/660473/biet-doi-ban-sung-vs-roy-esports-challengers-2026-sea-split-2-vietnam-qualifier-ubqf
660474,2026-04-21,1Tap Esports,VNSport,2,0,https://www.vlr.gg/660474/1tap-esports-vs-vnsport-challengers-2026-sea-split-2-vietnam-qualifier-ubqf
660487,2026-04-21,theodore,555,0,2,https://www.vlr.gg/660487/theodore-vs-555-challengers-2026-sea-split-2-thailand-qualifier-ubqf
660488,2026-04-21,XGOD,NongKaiTod,2,0,https://www.vlr.gg/660488/xgod-vs-nongkaitod-challengers-2026-sea-split-2-thailand-qualifier-ubqf
644728,2026-04-22,Eternal Fire,PCIFIC Esports,2,1,https://www.vlr.gg/644728/eternal-fire-vs-pcific-esports-vct-2026-emea-stage-1-w4
644729,2026-04-22,Natus Vincere,Team Liquid,1,2,https://www.vlr.gg/644729/natus-vincere-vs-team-liquid-vct-2026-emea-stage-1-w4
648495,2026-04-22,Stallions Lyra,36 Thieves,1,3,https://www.vlr.gg/648495/stallions-lyra-vs-36-thieves-game-changers-2026-southeast-asia-split-1-lbf
648507,2026-04-22,swaglord9000,JFT GC,3,1,https://www.vlr.gg/648507/swaglord9000-vs-jft-gc-game-changers-2026-oceania-split-1-lbf
650941,2026-04-22,Tezcat Gaming,Chivas Esports,2,1,https://www.vlr.gg/650941/tezcat-gaming-vs-chivas-esports-challengers-2026-latam-north-ace-masters-decider-a
650946,2026-04-22,AB3 Esports,FUEGO,0,2,https://www.vlr.gg/650946/ab3-esports-vs-fuego-challengers-2026-latam-north-ace-masters-decider-b
661041,2026-04-22,Azure Dragon Gaming,Pigeons,2,0,https://www.vlr.gg/661041/azure-dragon-gaming-vs-pigeons-challengers-2026-north-america-ace-stage-2-r7-3-3
661042,2026-04-22,Shopify Rebellion Black,Nightblood Gaming,2,0,https://www.vlr.gg/661042/shopify-rebellion-black-vs-nightblood-gaming-challengers-2026-north-america-ace-stage-2-r7-3-3
661043,2026-04-22,NRG Academy,Division One,0,2,https://www.vlr.gg/661043/nrg-academy-vs-division-one-challengers-2026-north-america-ace-stage-2-r7-3-3
644730,2026-04-23,GIANTX,FNATIC,1,2,https://www.vlr.gg/644730/giantx-vs-fnatic-vct-2026-emea-stage-1-w4
644731,2026-04-23,Karmine Corp,FUT Esports,1,2,https://www.vlr.gg/644731/karmine-corp-vs-fut-esports-vct-2026-emea-stage-1-w4
648489,2026-04-23,Team Falcons Vega,36 Thieves,3,0,https://www.vlr.gg/648489/team-falcons-vega-vs-36-thieves-game-changers-2026-southeast-asia-split-1-gf
648503,2026-04-23,Kiss,swaglord9000,3,2,https://www.vlr.gg/648503/kiss-vs-swaglord9000-game-changers-2026-oceania-split-1-gf
650923,2026-04-23,9z Globant,BESTIA,2,1,https://www.vlr.gg/650923/9z-globant-vs-bestia-challengers-2026-latam-south-ace-masters-decider-a
650928,2026-04-23,ShindeN,University War,0,2,https://www.vlr.gg/650928/shinden-vs-university-war-challengers-2026-latam-south-ace-masters-decider-b
657237,2026-04-23,Shopify Rebellion Gold,SEN Otters,2,0,https://www.vlr.gg/657237/shopify-rebellion-gold-vs-sen-otters-game-changers-2026-north-america-stage-1-swiss-stage-r2-1
657241,2026-04-23,FlyQuest RED,SwimTrek Blue,0,2,https://www.vlr.gg/657241/flyquest-red-vs-swimtrek-blue-game-changers-2026-north-america-stage-1-swiss-stage-r2-1-0
644671,2026-04-24,Rex Regum Qeon,FULL SENSE,2,1,https://www.vlr.gg/644671/rex-regum-qeon-vs-full-sense-vct-2026-pacific-stage-1-w4
644672,2026-04-24,Paper Rex,Global Esports,2,0,https://www.vlr.gg/644672/paper-rex-vs-global-esports-vct-2026-pacific-stage-1-w4
644732,2026-04-24,Gentle Mates,Team Heretics,0,2,https://www.vlr.gg/644732/gentle-mates-vs-team-heretics-vct-2026-emea-stage-1-w4
644733,2026-04-24,BBL Esports,Team Vitality,2,1,https://www.vlr.gg/644733/bbl-esports-vs-team-vitality-vct-2026-emea-stage-1-w4
645486,2026-04-24,LEVIATÁN,ENVY,2,0,https://www.vlr.gg/645486/leviat-n-vs-envy-vct-2026-americas-stage-1-w3
645487,2026-04-24,G2 Esports,LOUD,2,0,https://www.vlr.gg/645487/g2-esports-vs-loud-vct-2026-americas-stage-1-w3
665875,2026-04-24,Legiowon,AB3 GC,0,3,https://www.vlr.gg/665875/legiowon-vs-ab3-gc-game-changers-2026-latam-north-stage-1-gf
644673,2026-04-25,Gen.G,KIWOOM DRX,1,2,https://www.vlr.gg/644673/gen-g-vs-kiwoom-drx-vct-2026-pacific-stage-1-w4
644674,2026-04-25,DetonatioN FocusMe,VARREL,2,1,https://www.vlr.gg/644674/detonation-focusme-vs-varrel-vct-2026-pacific-stage-1-w4
645488,2026-04-25,FURIA,KRÜ Esports,0,2,https://www.vlr.gg/645488/furia-vs-kr-esports-vct-2026-americas-stage-1-w3
645489,2026-04-25,NRG,100 Thieves,2,1,https://www.vlr.gg/645489/nrg-vs-100-thieves-vct-2026-americas-stage-1-w3
649780,2026-04-25,Caldya Esport,Mandatory,0,2,https://www.vlr.gg/649780/caldya-esport-vs-mandatory-challengers-2026-france-revolution-stage-2-w4
649781,2026-04-25,Esprit Shōnen,F9 EICAR,1,2,https://www.vlr.gg/649781/esprit-sh-nen-vs-f9-eicar-challengers-2026-france-revolution-stage-2-w4
649782,2026-04-25,Joblife,Galions,2,1,https://www.vlr.gg/649782/joblife-vs-galions-challengers-2026-france-revolution-stage-2-w4
655325,2026-04-25,CGN Esports,FOKUS,2,1,https://www.vlr.gg/655325/cgn-esports-vs-fokus-challengers-2026-dach-evolution-stage-2-w4
655326,2026-04-25,RIZON,ALTERNATE aTTaX,2,0,https://www.vlr.gg/655326/rizon-vs-alternate-attax-challengers-2026-dach-evolution-stage-2-w4
661065,2026-04-25,FUT Esports Academy,Eternal Fire Passion,2,1,https://www.vlr.gg/661065/fut-esports-academy-vs-eternal-fire-passion-challengers-2026-t-rkiye-birlik-stage-2-ur1
661066,2026-04-25,Misa Esports,Galatasaray Esports,2,0,https://www.vlr.gg/661066/misa-esports-vs-galatasaray-esports-challengers-2026-t-rkiye-birlik-stage-2-ur1
662231,2026-04-25,VillianArc,MAYHEM,2,0,https://www.vlr.gg/662231/villianarc-vs-mayhem-challengers-2026-mena-resilience-pulse-stage-middle-east-swiss-stage-r3
662233,2026-04-25,Team Spire,Fraggerz,2,1,https://www.vlr.gg/662233/team-spire-vs-fraggerz-challengers-2026-mena-resilience-pulse-stage-middle-east-swiss-stage-r3
644675,2026-04-26,T1,ZETA DIVISION,2,0,https://www.vlr.gg/644675/t1-vs-zeta-division-vct-2026-pacific-stage-1-w4
644676,2026-04-26,Nongshim RedForce,Team Secret,2,1,https://www.vlr.gg/644676/nongshim-redforce-vs-team-secret-vct-2026-pacific-stage-1-w4
645490,2026-04-26,Evil Geniuses,Sentinels,0,2,https://www.vlr.gg/645490/evil-geniuses-vs-sentinels-vct-2026-americas-stage-1-w3
645491,2026-04-26,MIBR,Cloud9,0,2,https://www.vlr.gg/645491/mibr-vs-cloud9-vct-2026-americas-stage-1-w3
649783,2026-04-26,WIP Esports,Caldya Esport,2,0,https://www.vlr.gg/649783/wip-esports-vs-caldya-esport-challengers-2026-france-revolution-stage-2-w4
649784,2026-04-26,Galions,Nuxeria Esport,2,0,https://www.vlr.gg/649784/galions-vs-nuxeria-esport-challengers-2026-france-revolution-stage-2-w4
649785,2026-04-26,Mandatory,Joblife,2,1,https://www.vlr.gg/649785/mandatory-vs-joblife-challengers-2026-france-revolution-stage-2-w4
655327,2026-04-26,Dortmund eSports,RIZON,2,1,https://www.vlr.gg/655327/dortmund-esports-vs-rizon-challengers-2026-dach-evolution-stage-2-w4
661071,2026-04-26,Eternal Fire Passion,Fire Flux Esports,1,2,https://www.vlr.gg/661071/eternal-fire-passion-vs-fire-flux-esports-challengers-2026-t-rkiye-birlik-stage-2-lr1
661072,2026-04-26,Galatasaray Esports,Dark Passage,2,0,https://www.vlr.gg/661072/galatasaray-esports-vs-dark-passage-challengers-2026-t-rkiye-birlik-stage-2-lr1
662237,2026-04-26,RAFHA eSPORTS,Ghools Esports,0,2,https://www.vlr.gg/662237/rafha-esports-vs-ghools-esports-challengers-2026-mena-resilience-pulse-stage-north-africa-swis
663047,2026-04-26,Ramboot Club,HGE Esport,2,0,https://www.vlr.gg/663047/ramboot-club-vs-hge-esport-challengers-2026-spain-rising-stage-3-phase-2-ur1
663048,2026-04-26,KPI Gaming,Melilla Titans,2,0,https://www.vlr.gg/663048/kpi-gaming-vs-melilla-titans-challengers-2026-spain-rising-stage-3-phase-2-ur1
650947,2026-04-27,LYON,FUEGO,2,0,https://www.vlr.gg/650947/lyon-vs-fuego-challengers-2026-latam-north-ace-masters-sf
650948,2026-04-27,Contra,Tezcat Gaming,2,1,https://www.vlr.gg/650948/contra-vs-tezcat-gaming-challengers-2026-latam-north-ace-masters-sf
654968,2026-04-27,Gen.G GC,SUZ,2,0,https://www.vlr.gg/654968/gen-g-gc-vs-suz-game-changers-2026-korea-split-1-ubsf
657975,2026-04-27,Team Liquid Academy,Formulation Gaming,2,0,https://www.vlr.gg/657975/team-liquid-academy-vs-formulation-gaming-challengers-2026-north-east-stage-2-mr2
657976,2026-04-27,Enterprise Esports,BONK,2,0,https://www.vlr.gg/657976/enterprise-esports-vs-bonk-challengers-2026-north-east-stage-2-mr2
659571,2026-04-27,Be Good,La Familia,0,2,https://www.vlr.gg/659571/be-good-vs-la-familia-challengers-2026-sea-split-2-indonesia-qualifier-lr1
659572,2026-04-27,Nomads,Hive,2,0,https://www.vlr.gg/659572/nomads-vs-hive-challengers-2026-sea-split-2-indonesia-qualifier-lr1
659587,2026-04-27,Breakpoint,Galaxy ReigN,2,1,https://www.vlr.gg/659587/breakpoint-vs-galaxy-reign-challengers-2026-sea-split-2-rest-of-sea-qualifier-lr1
659588,2026-04-27,XLB,Game On,2,0,https://www.vlr.gg/659588/xlb-vs-game-on-challengers-2026-sea-split-2-rest-of-sea-qualifier-lr1
660444,2026-04-27,Zorvex,Fortune Puwa,2,1,https://www.vlr.gg/660444/zorvex-vs-fortune-puwa-challengers-2026-sea-split-2-philippines-qualifier-lr1
660445,2026-04-27,Homeless,NU BULLDOGS,0,2,https://www.vlr.gg/660445/homeless-vs-nu-bulldogs-challengers-2026-sea-split-2-philippines-qualifier-lr1
660493,2026-04-27,Fuiyoh,XOXO-01,1,2,https://www.vlr.gg/660493/fuiyoh-vs-xoxo-01-challengers-2026-sea-split-2-thailand-qualifier-lr1
660494,2026-04-27,theodore,NongKaiTod,0,2,https://www.vlr.gg/660494/theodore-vs-nongkaitod-challengers-2026-sea-split-2-thailand-qualifier-lr1
661067,2026-04-27,Beşiktaş Esports,FUT Esports Academy,2,1,https://www.vlr.gg/661067/be-ikta-esports-vs-fut-esports-academy-challengers-2026-t-rkiye-birlik-stage-2-ubsf
661068,2026-04-27,REBORN,Misa Esports,2,0,https://www.vlr.gg/661068/reborn-vs-misa-esports-challengers-2026-t-rkiye-birlik-stage-2-ubsf
661105,2026-04-27,YFP,Division One,2,0,https://www.vlr.gg/661105/yfp-vs-division-one-challengers-2026-north-america-ace-stage-2-ubqf
661106,2026-04-27,M80,Azure Dragon Gaming,2,0,https://www.vlr.gg/661106/m80-vs-azure-dragon-gaming-challengers-2026-north-america-ace-stage-2-ubqf
663049,2026-04-27,DNSTY,Ramboot Club,1,2,https://www.vlr.gg/663049/dnsty-vs-ramboot-club-challengers-2026-spain-rising-stage-3-phase-2-ubqf
663050,2026-04-27,Otakar Esports,Falke Esports,2,0,https://www.vlr.gg/663050/otakar-esports-vs-falke-esports-challengers-2026-spain-rising-stage-3-phase-2-ubqf
663051,2026-04-27,Barça eSports,KPI Gaming,2,0,https://www.vlr.gg/663051/bar-a-esports-vs-kpi-gaming-challengers-2026-spain-rising-stage-3-phase-2-ubqf
663052,2026-04-27,UCAM Esports Club,NOVO Esports,2,1,https://www.vlr.gg/663052/ucam-esports-club-vs-novo-esports-challengers-2026-spain-rising-stage-3-phase-2-ubqf
664306,2026-04-27,G2 Gozen,Twisted Minds Orchid,2,0,https://www.vlr.gg/664306/g2-gozen-vs-twisted-minds-orchid-game-changers-2026-emea-stage-2-w1
664307,2026-04-27,ALTERNATE aTTaX Ruby,Barça eSports GC,2,0,https://www.vlr.gg/664307/alternate-attax-ruby-vs-bar-a-esports-gc-game-changers-2026-emea-stage-2-w1
664308,2026-04-27,Gentle Mates GC,FOKUS Sakura,2,0,https://www.vlr.gg/664308/gentle-mates-gc-vs-fokus-sakura-game-changers-2026-emea-stage-2-w1
650934,2026-04-28,LEVIATÁN Academy,University War,0,2,https://www.vlr.gg/650934/leviat-n-academy-vs-university-war-challengers-2026-latam-south-ace-masters-sf
650935,2026-04-28,KRÜ SPARK,9z Globant,2,0,https://www.vlr.gg/650935/kr-spark-vs-9z-globant-challengers-2026-latam-south-ace-masters-sf
654970,2026-04-28,Gen.G GC,Meikai Dolls,2,0,https://www.vlr.gg/654970/gen-g-gc-vs-meikai-dolls-game-changers-2026-korea-split-1-ubf
654972,2026-04-28,SUZ,Ninetails,0,2,https://www.vlr.gg/654972/suz-vs-ninetails-game-changers-2026-korea-split-1-lr1
657979,2026-04-28,Formulation Gaming,Bitfix Gaming,1,2,https://www.vlr.gg/657979/formulation-gaming-vs-bitfix-gaming-challengers-2026-north-east-stage-2-lr1
657980,2026-04-28,BONK,EVOPLAY,2,1,https://www.vlr.gg/657980/bonk-vs-evoplay-challengers-2026-north-east-stage-2-lr1
659567,2026-04-28,BOOM Esports,NEVERLAND713,2,0,https://www.vlr.gg/659567/boom-esports-vs-neverland713-challengers-2026-sea-split-2-indonesia-qualifier-ubsf
659568,2026-04-28,Alter Ego,Kertanegara Esports,2,1,https://www.vlr.gg/659568/alter-ego-vs-kertanegara-esports-challengers-2026-sea-split-2-indonesia-qualifier-ubsf
659583,2026-04-28,Motiv Esports,Trinity,1,2,https://www.vlr.gg/659583/motiv-esports-vs-trinity-challengers-2026-sea-split-2-rest-of-sea-qualifier-ubsf
659584,2026-04-28,Unsigned5,Rival Esports,2,1,https://www.vlr.gg/659584/unsigned5-vs-rival-esports-challengers-2026-sea-split-2-rest-of-sea-qualifier-ubsf
660440,2026-04-28,Oasis Gaming,Jade Lions,2,1,https://www.vlr.gg/660440/oasis-gaming-vs-jade-lions-challengers-2026-sea-split-2-philippines-qualifier-ubsf
660441,2026-04-28,HARU Esports,NAOS,0,2,https://www.vlr.gg/660441/haru-esports-vs-naos-challengers-2026-sea-split-2-philippines-qualifier-ubsf
660489,2026-04-28,Team NKT,Sharper Esports,0,2,https://www.vlr.gg/660489/team-nkt-vs-sharper-esports-challengers-2026-sea-split-2-thailand-qualifier-ubsf
660490,2026-04-28,555,XGOD,2,0,https://www.vlr.gg/660490/555-vs-xgod-challengers-2026-sea-split-2-thailand-qualifier-ubsf
660676,2026-04-28,SIGN Stellar,Team Luna,3,0,https://www.vlr.gg/660676/sign-stellar-vs-team-luna-game-changers-2026-south-asia-stage-1-gf
661073,2026-04-28,Misa Esports,Fire Flux Esports,2,0,https://www.vlr.gg/661073/misa-esports-vs-fire-flux-esports-challengers-2026-t-rkiye-birlik-stage-2-lr2
661074,2026-04-28,FUT Esports Academy,Galatasaray Esports,2,0,https://www.vlr.gg/661074/fut-esports-academy-vs-galatasaray-esports-challengers-2026-t-rkiye-birlik-stage-2-lr2
661107,2026-04-28,Evil Geniuses Academy,QoR,2,0,https://www.vlr.gg/661107/evil-geniuses-academy-vs-qor-challengers-2026-north-america-ace-stage-2-ubqf
661108,2026-04-28,FlyQuest,Shopify Rebellion Black,0,2,https://www.vlr.gg/661108/flyquest-vs-shopify-rebellion-black-challengers-2026-north-america-ace-stage-2-ubqf
663053,2026-04-28,Ramboot Club,Otakar Esports,1,2,https://www.vlr.gg/663053/ramboot-club-vs-otakar-esports-challengers-2026-spain-rising-stage-3-phase-2-ubsf
663054,2026-04-28,Barça eSports,UCAM Esports Club,1,2,https://www.vlr.gg/663054/bar-a-esports-vs-ucam-esports-club-challengers-2026-spain-rising-stage-3-phase-2-ubsf
663058,2026-04-28,NOVO Esports,HGE Esport,1,2,https://www.vlr.gg/663058/novo-esports-vs-hge-esport-challengers-2026-spain-rising-stage-3-phase-2-lr1
664309,2026-04-28,G2 Gozen,GIANTX GC,1,2,https://www.vlr.gg/664309/g2-gozen-vs-giantx-gc-game-changers-2026-emea-stage-2-w1
664310,2026-04-28,Karmine Corp GC,FOKUS Sakura,0,2,https://www.vlr.gg/664310/karmine-corp-gc-vs-fokus-sakura-game-changers-2026-emea-stage-2-w1
664311,2026-04-28,ZennIT Orange GC,Barça eSports GC,1,2,https://www.vlr.gg/664311/zennit-orange-gc-vs-bar-a-esports-gc-game-changers-2026-emea-stage-2-w1
664312,2026-04-28,ALTERNATE aTTaX Ruby,Twisted Minds Orchid,0,2,https://www.vlr.gg/664312/alternate-attax-ruby-vs-twisted-minds-orchid-game-changers-2026-emea-stage-2-w1
644734,2026-04-29,Team Heretics,FUT Esports,2,0,https://www.vlr.gg/644734/team-heretics-vs-fut-esports-vct-2026-emea-stage-1-w5
644735,2026-04-29,Team Vitality,PCIFIC Esports,2,0,https://www.vlr.gg/644735/team-vitality-vs-pcific-esports-vct-2026-emea-stage-1-w5
650949,2026-04-29,LYON,Contra,3,0,https://www.vlr.gg/650949/lyon-vs-contra-challengers-2026-latam-north-ace-masters-gf
654973,2026-04-29,Meikai Dolls,Ninetails,3,0,https://www.vlr.gg/654973/meikai-dolls-vs-ninetails-game-changers-2026-korea-split-1-lbf
661113,2026-04-29,Division One,Azure Dragon Gaming,2,0,https://www.vlr.gg/661113/division-one-vs-azure-dragon-gaming-challengers-2026-north-america-ace-stage-2-lr1
661114,2026-04-29,QoR,FlyQuest,1,2,https://www.vlr.gg/661114/qor-vs-flyquest-challengers-2026-north-america-ace-stage-2-lr1
662083,2026-04-29,SwimTrek Blue,Puppy Thieves,0,2,https://www.vlr.gg/662083/swimtrek-blue-vs-puppy-thieves-game-changers-2026-north-america-stage-1-swiss-stage-r3-2-0
662087,2026-04-29,Monarch-X GC,Empire GC,2,1,https://www.vlr.gg/662087/monarch-x-gc-vs-empire-gc-game-changers-2026-north-america-stage-1-swiss-stage-r3-1-1
664313,2026-04-29,GIANTX GC,Barça eSports GC,2,1,https://www.vlr.gg/664313/giantx-gc-vs-bar-a-esports-gc-game-changers-2026-emea-stage-2-w1
664314,2026-04-29,Gentle Mates GC,ZennIT Orange GC,2,0,https://www.vlr.gg/664314/gentle-mates-gc-vs-zennit-orange-gc-game-changers-2026-emea-stage-2-w1
664315,2026-04-29,Karmine Corp GC,ALTERNATE aTTaX Ruby,2,0,https://www.vlr.gg/664315/karmine-corp-gc-vs-alternate-attax-ruby-game-changers-2026-emea-stage-2-w1
664316,2026-04-29,G2 Gozen,FOKUS Sakura,2,0,https://www.vlr.gg/664316/g2-gozen-vs-fokus-sakura-game-changers-2026-emea-stage-2-w1
628317,2026-04-30,MIBR GC,Team Liquid Brazil,0,3,https://www.vlr.gg/628317/mibr-gc-vs-team-liquid-brazil-game-changers-2026-brazil-stage-1-gf
644736,2026-04-30,Natus Vincere,Karmine Corp,2,0,https://www.vlr.gg/644736/natus-vincere-vs-karmine-corp-vct-2026-emea-stage-1-w5
644737,2026-04-30,BBL Esports,FNATIC,0,2,https://www.vlr.gg/644737/bbl-esports-vs-fnatic-vct-2026-emea-stage-1-w5
650936,2026-04-30,University War,KRÜ SPARK,3,1,https://www.vlr.gg/650936/university-war-vs-kr-spark-challengers-2026-latam-south-ace-masters-gf
661109,2026-04-30,YFP,M80,0,2,https://www.vlr.gg/661109/yfp-vs-m80-challengers-2026-north-america-ace-stage-2-ubsf
661110,2026-04-30,Evil Geniuses Academy,Shopify Rebellion Black,1,2,https://www.vlr.gg/661110/evil-geniuses-academy-vs-shopify-rebellion-black-challengers-2026-north-america-ace-stage-2-ubsf
664317,2026-04-30,Twisted Minds Orchid,SK Nebula,0,2,https://www.vlr.gg/664317/twisted-minds-orchid-vs-sk-nebula-game-changers-2026-emea-stage-2-w1
664318,2026-04-30,Gentle Mates GC,Karmine Corp GC,2,1,https://www.vlr.gg/664318/gentle-mates-gc-vs-karmine-corp-gc-game-changers-2026-emea-stage-2-w1
664319,2026-04-30,GIANTX GC,ZennIT Orange GC,2,1,https://www.vlr.gg/664319/giantx-gc-vs-zennit-orange-gc-game-changers-2026-emea-stage-2-w1
664320,2026-04-30,G2 Gozen,Barça eSports GC,2,0,https://www.vlr.gg/664320/g2-gozen-vs-bar-a-esports-gc-game-changers-2026-emea-stage-2-w1
644677,2026-05-01,Gen.G,Team Secret,1,2,https://www.vlr.gg/644677/gen-g-vs-team-secret-vct-2026-pacific-stage-1-w5
644678,2026-05-01,VARREL,ZETA DIVISION,1,2,https://www.vlr.gg/644678/varrel-vs-zeta-division-vct-2026-pacific-stage-1-w5
644738,2026-05-01,GIANTX,Eternal Fire,0,2,https://www.vlr.gg/644738/giantx-vs-eternal-fire-vct-2026-emea-stage-1-w5
644739,2026-05-01,Gentle Mates,Team Liquid,0,2,https://www.vlr.gg/644739/gentle-mates-vs-team-liquid-vct-2026-emea-stage-1-w5
645492,2026-05-01,Evil Geniuses,NRG,0,2,https://www.vlr.gg/645492/evil-geniuses-vs-nrg-vct-2026-americas-stage-1-w4
645493,2026-05-01,LEVIATÁN,MIBR,0,2,https://www.vlr.gg/645493/leviat-n-vs-mibr-vct-2026-americas-stage-1-w4
659474,2026-05-01,Xi Lai Gaming,Titan Esports Club,2,0,https://www.vlr.gg/659474/xi-lai-gaming-vs-titan-esports-club-vct-2026-china-stage-1-ubqf
659475,2026-05-01,JD Gaming,TYLOO,2,1,https://www.vlr.gg/659475/jdg-esports-vs-tyloo-vct-2026-china-stage-1-ubqf
644679,2026-05-02,T1,FULL SENSE,2,1,https://www.vlr.gg/644679/t1-vs-full-sense-vct-2026-pacific-stage-1-w5
644680,2026-05-02,Nongshim RedForce,Global Esports,1,2,https://www.vlr.gg/644680/nongshim-redforce-vs-global-esports-vct-2026-pacific-stage-1-w5
645494,2026-05-02,KRÜ Esports,100 Thieves,1,2,https://www.vlr.gg/645494/kr-esports-vs-100-thieves-vct-2026-americas-stage-1-w4
645495,2026-05-02,FURIA,Sentinels,2,1,https://www.vlr.gg/645495/furia-vs-sentinels-vct-2026-americas-stage-1-w4
659476,2026-05-02,All Gamers,Trace Esports,2,0,https://www.vlr.gg/659476/all-gamers-vs-trace-esports-vct-2026-china-stage-1-ubqf
659477,2026-05-02,EDward Gaming,Dragon Ranger Gaming,2,1,https://www.vlr.gg/659477/edward-gaming-vs-dragon-ranger-gaming-vct-2026-china-stage-1-ubqf
644681,2026-05-03,Paper Rex,KIWOOM DRX,2,0,https://www.vlr.gg/644681/paper-rex-vs-kiwoom-drx-vct-2026-pacific-stage-1-w5
644682,2026-05-03,Rex Regum Qeon,DetonatioN FocusMe,2,1,https://www.vlr.gg/644682/rex-regum-qeon-vs-detonation-focusme-vct-2026-pacific-stage-1-w5
645496,2026-05-03,LOUD,Cloud9,2,1,https://www.vlr.gg/645496/loud-vs-cloud9-vct-2026-americas-stage-1-w4
645497,2026-05-03,G2 Esports,ENVY,2,0,https://www.vlr.gg/645497/g2-esports-vs-envy-vct-2026-americas-stage-1-w4
649786,2026-05-03,WIP Esports,Joblife,1,2,https://www.vlr.gg/649786/wip-esports-vs-joblife-challengers-2026-france-revolution-stage-2-ubsf
649787,2026-05-03,Mandatory,F9 EICAR,2,1,https://www.vlr.gg/649787/mandatory-vs-f9-eicar-challengers-2026-france-revolution-stage-2-ubsf
657981,2026-05-03,Bitfix Gaming,BONK,2,1,https://www.vlr.gg/657981/bitfix-gaming-vs-bonk-challengers-2026-north-east-stage-2-lr2
659482,2026-05-03,Titan Esports Club,TYLOO,1,2,https://www.vlr.gg/659482/titan-esports-club-vs-tyloo-vct-2026-china-stage-1-lr1
659483,2026-05-03,Trace Esports,Dragon Ranger Gaming,0,2,https://www.vlr.gg/659483/trace-esports-vs-dragon-ranger-gaming-vct-2026-china-stage-1-lr1
661069,2026-05-03,Beşiktaş Esports,REBORN,1,2,https://www.vlr.gg/661069/be-ikta-esports-vs-reborn-challengers-2026-t-rkiye-birlik-stage-2-ubf
661075,2026-05-03,Misa Esports,FUT Esports Academy,2,0,https://www.vlr.gg/661075/misa-esports-vs-fut-esports-academy-challengers-2026-t-rkiye-birlik-stage-2-lr3
663055,2026-05-03,Otakar Esports,UCAM Esports Club,0,2,https://www.vlr.gg/663055/otakar-esports-vs-ucam-esports-club-challengers-2026-spain-rising-stage-3-phase-2-ubf
663060,2026-05-03,KPI Gaming,HGE Esport,2,1,https://www.vlr.gg/663060/kpi-gaming-vs-hge-esport-challengers-2026-spain-rising-stage-3-phase-2-lr2
663061,2026-05-03,DNSTY,Falke Esports,0,2,https://www.vlr.gg/663061/dnsty-vs-falke-esports-challengers-2026-spain-rising-stage-3-phase-2-lr2
664042,2026-05-03,AlQadsiah Esports,Team Spire,2,0,https://www.vlr.gg/664042/alqadsiah-esports-vs-team-spire-challengers-2026-mena-resilience-pulse-stage-middle-east-ubsf
664043,2026-05-03,Stallions Esports,VillianArc,0,2,https://www.vlr.gg/664043/stallions-esports-vs-villianarc-challengers-2026-mena-resilience-pulse-stage-middle-east-ubsf
649788,2026-05-04,Joblife,Mandatory,2,1,https://www.vlr.gg/649788/joblife-vs-mandatory-challengers-2026-france-revolution-stage-2-ubf
649790,2026-05-04,WIP Esports,F9 EICAR,2,0,https://www.vlr.gg/649790/wip-esports-vs-f9-eicar-challengers-2026-france-revolution-stage-2-lr1
657970,2026-05-04,MIR,Natus Vincere Junior,0,2,https://www.vlr.gg/657970/mir-vs-natus-vincere-junior-challengers-2026-north-east-stage-2-ur3
659478,2026-05-04,Xi Lai Gaming,JD Gaming,2,0,https://www.vlr.gg/659478/xi-lai-gaming-vs-jdg-esports-vct-2026-china-stage-1-ubsf
659479,2026-05-04,All Gamers,EDward Gaming,0,2,https://www.vlr.gg/659479/all-gamers-vs-edward-gaming-vct-2026-china-stage-1-ubsf
659573,2026-05-04,Kertanegara Esports,La Familia,2,0,https://www.vlr.gg/659573/kertanegara-esports-vs-la-familia-challengers-2026-sea-split-2-indonesia-qualifier-lr2
659574,2026-05-04,NEVERLAND713,Nomads,2,0,https://www.vlr.gg/659574/neverland713-vs-nomads-challengers-2026-sea-split-2-indonesia-qualifier-lr2
659589,2026-05-04,Rival Esports,Breakpoint,2,0,https://www.vlr.gg/659589/rival-esports-vs-breakpoint-challengers-2026-sea-split-2-rest-of-sea-qualifier-lr2
659590,2026-05-04,Motiv Esports,XLB,1,2,https://www.vlr.gg/659590/motiv-esports-vs-xlb-challengers-2026-sea-split-2-rest-of-sea-qualifier-lr2
660446,2026-05-04,HARU Esports,Zorvex,0,2,https://www.vlr.gg/660446/haru-esports-vs-zorvex-challengers-2026-sea-split-2-philippines-qualifier-lr2
660447,2026-05-04,Jade Lions,NU BULLDOGS,2,1,https://www.vlr.gg/660447/jade-lions-vs-nu-bulldogs-challengers-2026-sea-split-2-philippines-qualifier-lr2
660479,2026-05-04,Da Nang GrandStand,Sushifly,2,1,https://www.vlr.gg/660479/da-nang-grandstand-vs-sushifly-challengers-2026-sea-split-2-vietnam-qualifier-lr1
660480,2026-05-04,Biet Doi Ban Sung,VNSport,1,2,https://www.vlr.gg/660480/biet-doi-ban-sung-vs-vnsport-challengers-2026-sea-split-2-vietnam-qualifier-lr1
660495,2026-05-04,XGOD,XOXO-01,1,2,https://www.vlr.gg/660495/xgod-vs-xoxo-01-challengers-2026-sea-split-2-thailand-qualifier-lr2
660496,2026-05-04,Team NKT,NongKaiTod,2,0,https://www.vlr.gg/660496/team-nkt-vs-nongkaitod-challengers-2026-sea-split-2-thailand-qualifier-lr2
661076,2026-05-04,Beşiktaş Esports,Misa Esports,3,1,https://www.vlr.gg/661076/be-ikta-esports-vs-misa-esports-challengers-2026-t-rkiye-birlik-stage-2-lbf
661115,2026-05-04,Evil Geniuses Academy,Division One,1,2,https://www.vlr.gg/661115/evil-geniuses-academy-vs-division-one-challengers-2026-north-america-ace-stage-2-lr2
661116,2026-05-04,YFP,FlyQuest,0,2,https://www.vlr.gg/661116/yfp-vs-flyquest-challengers-2026-north-america-ace-stage-2-lr2
663062,2026-05-04,Ramboot Club,KPI Gaming,2,1,https://www.vlr.gg/663062/ramboot-club-vs-kpi-gaming-challengers-2026-spain-rising-stage-3-phase-2-lr3
663063,2026-05-04,Barça eSports,Falke Esports,2,0,https://www.vlr.gg/663063/bar-a-esports-vs-falke-esports-challengers-2026-spain-rising-stage-3-phase-2-lr3
664806,2026-05-04,Gamax Esports,Ghools Esports,1,2,https://www.vlr.gg/664806/gamax-esports-vs-ghools-esports-challengers-2026-mena-resilience-pulse-stage-north-africa-ubsf
664807,2026-05-04,BAAM Esports,Team RA'AD,1,2,https://www.vlr.gg/664807/baam-esports-vs-team-raad-challengers-2026-mena-resilience-pulse-stage-north-africa-ubsf
666215,2026-05-04,Gentle Mates GC,G2 Gozen,2,1,https://www.vlr.gg/666215/gentle-mates-gc-vs-g2-gozen-game-changers-2026-emea-stage-2-w2
666216,2026-05-04,ALTERNATE aTTaX Ruby,ZennIT Orange GC,1,2,https://www.vlr.gg/666216/alternate-attax-ruby-vs-zennit-orange-gc-game-changers-2026-emea-stage-2-w2
666217,2026-05-04,SK Nebula,FOKUS Sakura,2,1,https://www.vlr.gg/666217/sk-nebula-vs-fokus-sakura-game-changers-2026-emea-stage-2-w2
666218,2026-05-04,GIANTX GC,Twisted Minds Orchid,1,2,https://www.vlr.gg/666218/giantx-gc-vs-twisted-minds-orchid-game-changers-2026-emea-stage-2-w2
666337,2026-05-04,EOTO,Uwinks,2,0,https://www.vlr.gg/666337/eoto-vs-uwinks-game-changers-2026-japan-split-1-ubsf
666338,2026-05-04,FENNEL GC,Sasanqua,2,0,https://www.vlr.gg/666338/fennel-gc-vs-sasanqua-game-changers-2026-japan-split-1-ubsf
666339,2026-05-04,EOTO,FENNEL GC,0,2,https://www.vlr.gg/666339/eoto-vs-fennel-gc-game-changers-2026-japan-split-1-ubf
649791,2026-05-05,Mandatory,WIP Esports,1,3,https://www.vlr.gg/649791/mandatory-vs-wip-esports-challengers-2026-france-revolution-stage-2-lbf
657977,2026-05-05,Team Liquid Academy,Enterprise Esports,1,2,https://www.vlr.gg/657977/team-liquid-academy-vs-enterprise-esports-challengers-2026-north-east-stage-2-mr3
659484,2026-05-05,All Gamers,TYLOO,2,1,https://www.vlr.gg/659484/all-gamers-vs-tyloo-vct-2026-china-stage-1-lr2
659485,2026-05-05,JD Gaming,Dragon Ranger Gaming,0,2,https://www.vlr.gg/659485/jdg-esports-vs-dragon-ranger-gaming-vct-2026-china-stage-1-lr2
659569,2026-05-05,BOOM Esports,Alter Ego,2,0,https://www.vlr.gg/659569/boom-esports-vs-alter-ego-challengers-2026-sea-split-2-indonesia-qualifier-ubf
659575,2026-05-05,Kertanegara Esports,NEVERLAND713,1,2,https://www.vlr.gg/659575/kertanegara-esports-vs-neverland713-challengers-2026-sea-split-2-indonesia-qualifier-lr3
659585,2026-05-05,Trinity,Unsigned5,2,0,https://www.vlr.gg/659585/trinity-vs-unsigned5-challengers-2026-sea-split-2-rest-of-sea-qualifier-ubf
659591,2026-05-05,Rival Esports,XLB,1,2,https://www.vlr.gg/659591/rival-esports-vs-xlb-challengers-2026-sea-split-2-rest-of-sea-qualifier-lr3
660442,2026-05-05,Oasis Gaming,NAOS,2,0,https://www.vlr.gg/660442/oasis-gaming-vs-naos-challengers-2026-sea-split-2-philippines-qualifier-ubf
660448,2026-05-05,Zorvex,Jade Lions,1,2,https://www.vlr.gg/660448/zorvex-vs-jade-lions-challengers-2026-sea-split-2-philippines-qualifier-lr3
660475,2026-05-05,Fancy United Esports,God Chosen,2,1,https://www.vlr.gg/660475/fancy-united-esports-vs-god-chosen-challengers-2026-sea-split-2-vietnam-qualifier-ubsf
660476,2026-05-05,ROY Esports,1Tap Esports,2,0,https://www.vlr.gg/660476/roy-esports-vs-1tap-esports-challengers-2026-sea-split-2-vietnam-qualifier-ubsf
660491,2026-05-05,Sharper Esports,555,2,0,https://www.vlr.gg/660491/sharper-esports-vs-555-challengers-2026-sea-split-2-thailand-qualifier-ubf
660497,2026-05-05,XOXO-01,Team NKT,0,2,https://www.vlr.gg/660497/xoxo-01-vs-team-nkt-challengers-2026-sea-split-2-thailand-qualifier-lr3
661111,2026-05-05,M80,Shopify Rebellion Black,2,0,https://www.vlr.gg/661111/m80-vs-shopify-rebellion-black-challengers-2026-north-america-ace-stage-2-ubf
661117,2026-05-05,Division One,FlyQuest,2,1,https://www.vlr.gg/661117/division-one-vs-flyquest-challengers-2026-north-america-ace-stage-2-lr3
663064,2026-05-05,Ramboot Club,Barça eSports,0,2,https://www.vlr.gg/663064/ramboot-club-vs-bar-a-esports-challengers-2026-spain-rising-stage-3-phase-2-lr4
664044,2026-05-05,AlQadsiah Esports,VillianArc,2,0,https://www.vlr.gg/664044/alqadsiah-esports-vs-villianarc-challengers-2026-mena-resilience-pulse-stage-middle-east-ubf
664046,2026-05-05,Team Spire,Stallions Esports,1,2,https://www.vlr.gg/664046/team-spire-vs-stallions-esports-challengers-2026-mena-resilience-pulse-stage-middle-east-lr1
666219,2026-05-05,Karmine Corp GC,ZennIT Orange GC,2,1,https://www.vlr.gg/666219/karmine-corp-gc-vs-zennit-orange-gc-game-changers-2026-emea-stage-2-w2
666220,2026-05-05,SK Nebula,Barça eSports GC,2,0,https://www.vlr.gg/666220/sk-nebula-vs-bar-a-esports-gc-game-changers-2026-emea-stage-2-w2
666221,2026-05-05,GIANTX GC,FOKUS Sakura,2,0,https://www.vlr.gg/666221/giantx-gc-vs-fokus-sakura-game-changers-2026-emea-stage-2-w2
666341,2026-05-05,Uwinks,Sasanqua,2,0,https://www.vlr.gg/666341/uwinks-vs-sasanqua-game-changers-2026-japan-split-1-lr1
666342,2026-05-05,EOTO,Uwinks,2,0,https://www.vlr.gg/666342/eoto-vs-uwinks-game-changers-2026-japan-split-1-lbf
668470,2026-05-05,Team Solid,TBK Esports,1,2,https://www.vlr.gg/668470/team-solid-vs-tbk-esports-challengers-2026-brazil-gamers-club-stage-2-w1
668471,2026-05-05,PEEK,ABACATUDOS,0,2,https://www.vlr.gg/668471/peek-vs-abacatudos-challengers-2026-brazil-gamers-club-stage-2-w1
668472,2026-05-05,FURIA Academy,F4TALITY,2,1,https://www.vlr.gg/668472/furia-academy-vs-f4tality-challengers-2026-brazil-gamers-club-stage-2-w1
654971,2026-05-06,Gen.G GC,Meikai Dolls,3,0,https://www.vlr.gg/654971/gen-g-gc-vs-meikai-dolls-game-changers-2026-korea-split-1-gf
657982,2026-05-06,Team Liquid Academy,Bitfix Gaming,2,0,https://www.vlr.gg/657982/team-liquid-academy-vs-bitfix-gaming-challengers-2026-north-east-stage-2-lr3
660481,2026-05-06,1Tap Esports,Da Nang GrandStand,2,0,https://www.vlr.gg/660481/1tap-esports-vs-da-nang-grandstand-challengers-2026-sea-split-2-vietnam-qualifier-lr2
660482,2026-05-06,God Chosen,VNSport,2,1,https://www.vlr.gg/660482/god-chosen-vs-vnsport-challengers-2026-sea-split-2-vietnam-qualifier-lr2
661118,2026-05-06,Shopify Rebellion Black,Division One,3,1,https://www.vlr.gg/661118/shopify-rebellion-black-vs-division-one-challengers-2026-north-america-ace-stage-2-lbf
664808,2026-05-06,Ghools Esports,Team RA'AD,2,0,https://www.vlr.gg/664808/ghools-esports-vs-team-raad-challengers-2026-mena-resilience-pulse-stage-north-africa-ubf
664810,2026-05-06,Gamax Esports,BAAM Esports,1,2,https://www.vlr.gg/664810/gamax-esports-vs-baam-esports-challengers-2026-mena-resilience-pulse-stage-north-africa-lr1
665735,2026-05-06,Shopify Rebellion Gold,Puppy Thieves,2,0,https://www.vlr.gg/665735/shopify-rebellion-gold-vs-puppy-thieves-game-changers-2026-north-america-stage-1-swiss-stage-r4
665739,2026-05-06,Frost White,HyperSpeed Golden,2,0,https://www.vlr.gg/665739/frost-white-vs-hyperspeed-golden-game-changers-2026-north-america-stage-1-swiss-stage-r4-0-3
666222,2026-05-06,Karmine Corp GC,Twisted Minds Orchid,0,2,https://www.vlr.gg/666222/karmine-corp-gc-vs-twisted-minds-orchid-game-changers-2026-emea-stage-2-w2
666223,2026-05-06,GIANTX GC,SK Nebula,0,2,https://www.vlr.gg/666223/giantx-gc-vs-sk-nebula-game-changers-2026-emea-stage-2-w2
666224,2026-05-06,Gentle Mates GC,ALTERNATE aTTaX Ruby,2,0,https://www.vlr.gg/666224/gentle-mates-gc-vs-alternate-attax-ruby-game-changers-2026-emea-stage-2-w2
666225,2026-05-06,G2 Gozen,ZennIT Orange GC,2,0,https://www.vlr.gg/666225/g2-gozen-vs-zennit-orange-gc-game-changers-2026-emea-stage-2-w2
666340,2026-05-06,FENNEL GC,EOTO,3,0,https://www.vlr.gg/666340/fennel-gc-vs-eoto-game-changers-2026-japan-split-1-gf
668473,2026-05-06,2Game Esports,ELEVATE,2,1,https://www.vlr.gg/668473/2game-esports-vs-elevate-challengers-2026-brazil-gamers-club-stage-2-w1
668474,2026-05-06,RED Canids,Team Liquid Brazil,2,0,https://www.vlr.gg/668474/red-canids-vs-team-liquid-brazil-challengers-2026-brazil-gamers-club-stage-2-w1
668475,2026-05-06,LA MASIA,TEAM EGO,2,0,https://www.vlr.gg/668475/la-masia-vs-team-ego-challengers-2026-brazil-gamers-club-stage-2-w1
669091,2026-05-06,Looking For Laburo,Daruma Synergy,2,0,https://www.vlr.gg/669091/looking-for-laburo-vs-daruma-synergy-game-changers-2026-latam-south-stage-2-w1
669109,2026-05-06,Contra GC,FUSION X,0,2,https://www.vlr.gg/669109/contra-gc-vs-fusion-x-game-changers-2026-latam-north-stage-2-w1
657978,2026-05-07,MIR,Enterprise Esports,0,2,https://www.vlr.gg/657978/mir-vs-enterprise-esports-challengers-2026-north-east-stage-2-mbf
660381,2026-05-07,Eternal Fire,Team Heretics,2,1,https://www.vlr.gg/660381/eternal-fire-vs-team-heretics-vct-2026-emea-stage-1-ur1
660382,2026-05-07,Team Liquid,Team Vitality,1,2,https://www.vlr.gg/660382/team-liquid-vs-team-vitality-vct-2026-emea-stage-1-ur1
661112,2026-05-07,M80,Shopify Rebellion Black,3,2,https://www.vlr.gg/661112/m80-vs-shopify-rebellion-black-challengers-2026-north-america-ace-stage-2-gf
666226,2026-05-07,Twisted Minds Orchid,Barça eSports GC,2,1,https://www.vlr.gg/666226/twisted-minds-orchid-vs-bar-a-esports-gc-game-changers-2026-emea-stage-2-w2
666227,2026-05-07,Gentle Mates GC,SK Nebula,2,1,https://www.vlr.gg/666227/gentle-mates-gc-vs-sk-nebula-game-changers-2026-emea-stage-2-w2
666228,2026-05-07,GIANTX GC,ALTERNATE aTTaX Ruby,2,0,https://www.vlr.gg/666228/giantx-gc-vs-alternate-attax-ruby-game-changers-2026-emea-stage-2-w2
666229,2026-05-07,ZennIT Orange GC,FOKUS Sakura,0,2,https://www.vlr.gg/666229/zennit-orange-gc-vs-fokus-sakura-game-changers-2026-emea-stage-2-w2
666488,2026-05-07,Rex Regum Qeon,Global Esports,0,2,https://www.vlr.gg/666488/rex-regum-qeon-vs-global-esports-vct-2026-pacific-stage-1-ur1
666489,2026-05-07,KIWOOM DRX,FULL SENSE,0,2,https://www.vlr.gg/666489/kiwoom-drx-vs-full-sense-vct-2026-pacific-stage-1-ur1
645498,2026-05-08,KRÜ Esports,Evil Geniuses,2,1,https://www.vlr.gg/645498/kr-esports-vs-evil-geniuses-vct-2026-americas-stage-1-w5
645499,2026-05-08,FURIA,100 Thieves,1,2,https://www.vlr.gg/645499/furia-vs-100-thieves-vct-2026-americas-stage-1-w5
659480,2026-05-08,Xi Lai Gaming,EDward Gaming,0,2,https://www.vlr.gg/659480/xi-lai-gaming-vs-edward-gaming-vct-2026-china-stage-1-ubf
659486,2026-05-08,All Gamers,Dragon Ranger Gaming,1,2,https://www.vlr.gg/659486/all-gamers-vs-dragon-ranger-gaming-vct-2026-china-stage-1-lr3
660383,2026-05-08,FUT Esports,Eternal Fire,2,1,https://www.vlr.gg/660383/fut-esports-vs-eternal-fire-vct-2026-emea-stage-1-ubsf
660384,2026-05-08,FNATIC,Team Vitality,0,2,https://www.vlr.gg/660384/fnatic-vs-team-vitality-vct-2026-emea-stage-1-ubsf
666490,2026-05-08,Paper Rex,Global Esports,1,2,https://www.vlr.gg/666490/paper-rex-vs-global-esports-vct-2026-pacific-stage-1-ubsf
666491,2026-05-08,T1,FULL SENSE,0,2,https://www.vlr.gg/666491/t1-vs-full-sense-vct-2026-pacific-stage-1-ubsf
645500,2026-05-09,G2 Esports,Cloud9,2,0,https://www.vlr.gg/645500/g2-esports-vs-cloud9-vct-2026-americas-stage-1-w5
645501,2026-05-09,ENVY,MIBR,2,0,https://www.vlr.gg/645501/envy-vs-mibr-vct-2026-americas-stage-1-w5
659487,2026-05-09,Xi Lai Gaming,Dragon Ranger Gaming,3,1,https://www.vlr.gg/659487/xi-lai-gaming-vs-dragon-ranger-gaming-vct-2026-china-stage-1-lbf
660387,2026-05-09,Team Heretics,BBL Esports,2,0,https://www.vlr.gg/660387/team-heretics-vs-bbl-esports-vct-2026-emea-stage-1-lr1
660388,2026-05-09,Team Liquid,Gentle Mates,1,2,https://www.vlr.gg/660388/team-liquid-vs-gentle-mates-vct-2026-emea-stage-1-lr1
666494,2026-05-09,Rex Regum Qeon,DetonatioN FocusMe,2,1,https://www.vlr.gg/666494/rex-regum-qeon-vs-detonation-focusme-vct-2026-pacific-stage-1-lr1
666495,2026-05-09,KIWOOM DRX,Nongshim RedForce,2,1,https://www.vlr.gg/666495/kiwoom-drx-vs-nongshim-redforce-vct-2026-pacific-stage-1-lr1
645502,2026-05-10,LOUD,LEVIATÁN,2,1,https://www.vlr.gg/645502/loud-vs-leviat-n-vct-2026-americas-stage-1-w5
645503,2026-05-10,Sentinels,NRG,1,2,https://www.vlr.gg/645503/sentinels-vs-nrg-vct-2026-americas-stage-1-w5
659481,2026-05-10,EDward Gaming,Xi Lai Gaming,3,2,https://www.vlr.gg/659481/edward-gaming-vs-xi-lai-gaming-vct-2026-china-stage-1-gf
660389,2026-05-10,FNATIC,Team Heretics,1,2,https://www.vlr.gg/660389/fnatic-vs-team-heretics-vct-2026-emea-stage-1-lr2
660390,2026-05-10,Eternal Fire,Gentle Mates,2,0,https://www.vlr.gg/660390/eternal-fire-vs-gentle-mates-vct-2026-emea-stage-1-lr2
664909,2026-05-10,CGN Esports,FOKUS,3,2,https://www.vlr.gg/664909/cgn-esports-vs-fokus-challengers-2026-dach-evolution-stage-2-gf
666496,2026-05-10,T1,Rex Regum Qeon,2,1,https://www.vlr.gg/666496/t1-vs-rex-regum-qeon-vct-2026-pacific-stage-1-lr2
666497,2026-05-10,Paper Rex,KIWOOM DRX,2,1,https://www.vlr.gg/666497/paper-rex-vs-kiwoom-drx-vct-2026-pacific-stage-1-lr2
657971,2026-05-11,Natus Vincere Junior,Enterprise Esports,0,3,https://www.vlr.gg/657971/natus-vincere-junior-vs-enterprise-esports-challengers-2026-north-east-stage-2-ubf
659576,2026-05-11,Alter Ego,NEVERLAND713,3,0,https://www.vlr.gg/659576/alter-ego-vs-neverland713-challengers-2026-sea-split-2-indonesia-qualifier-lbf
659592,2026-05-11,Unsigned5,XLB,0,3,https://www.vlr.gg/659592/unsigned5-vs-xlb-challengers-2026-sea-split-2-rest-of-sea-qualifier-lbf
660449,2026-05-11,NAOS,Jade Lions,0,3,https://www.vlr.gg/660449/naos-vs-jade-lions-challengers-2026-sea-split-2-philippines-qualifier-lbf
660498,2026-05-11,555,Team NKT,3,0,https://www.vlr.gg/660498/555-vs-team-nkt-challengers-2026-sea-split-2-thailand-qualifier-lbf
663065,2026-05-11,Barça eSports,Otakar Esports,3,0,https://www.vlr.gg/663065/bar-a-esports-vs-otakar-esports-challengers-2026-spain-rising-stage-3-phase-2-lbf
671701,2026-05-11,SK Nebula,ZennIT Orange GC,2,1,https://www.vlr.gg/671701/sk-nebula-vs-zennit-orange-gc-game-changers-2026-emea-stage-2-w3
671702,2026-05-11,Gentle Mates GC,GIANTX GC,2,1,https://www.vlr.gg/671702/gentle-mates-gc-vs-giantx-gc-game-changers-2026-emea-stage-2-w3
671703,2026-05-11,G2 Gozen,Karmine Corp GC,0,2,https://www.vlr.gg/671703/g2-gozen-vs-karmine-corp-gc-game-changers-2026-emea-stage-2-w3
673529,2026-05-11,ZETA DIVISION,VARREL,0,2,https://www.vlr.gg/673529/zeta-division-vs-varrel-esports-world-cup-2026-pacific-qualifier-stage-1-ubsf
673530,2026-05-11,Gen.G,Team Secret,1,2,https://www.vlr.gg/673530/gen-g-vs-team-secret-esports-world-cup-2026-pacific-qualifier-stage-1-ubsf
673538,2026-05-11,Natus Vincere,PCIFIC Esports,2,1,https://www.vlr.gg/673538/natus-vincere-vs-pcific-esports-esports-world-cup-2026-emea-qualifier-stage-1-opening
673539,2026-05-11,Karmine Corp,GIANTX,2,0,https://www.vlr.gg/673539/karmine-corp-vs-giantx-esports-world-cup-2026-emea-qualifier-stage-1-opening
649789,2026-05-12,Joblife,WIP Esports,3,1,https://www.vlr.gg/649789/joblife-vs-wip-esports-challengers-2026-france-revolution-stage-2-gf
657983,2026-05-12,MIR,Team Liquid Academy,0,2,https://www.vlr.gg/657983/mir-vs-team-liquid-academy-challengers-2026-north-east-stage-2-lr4
659570,2026-05-12,BOOM Esports,Alter Ego,3,0,https://www.vlr.gg/659570/boom-esports-vs-alter-ego-challengers-2026-sea-split-2-indonesia-qualifier-gf
659586,2026-05-12,Trinity,XLB,0,3,https://www.vlr.gg/659586/trinity-vs-xlb-challengers-2026-sea-split-2-rest-of-sea-qualifier-gf
660443,2026-05-12,Oasis Gaming,Jade Lions,3,0,https://www.vlr.gg/660443/oasis-gaming-vs-jade-lions-challengers-2026-sea-split-2-philippines-qualifier-gf
660492,2026-05-12,Sharper Esports,555,3,0,https://www.vlr.gg/660492/sharper-esports-vs-555-challengers-2026-sea-split-2-thailand-qualifier-gf
663057,2026-05-12,UCAM Esports Club,Barça eSports,3,1,https://www.vlr.gg/663057/ucam-esports-club-vs-bar-a-esports-challengers-2026-spain-rising-stage-3-phase-2-gf
664047,2026-05-12,VillianArc,Stallions Esports,2,0,https://www.vlr.gg/664047/villianarc-vs-stallions-esports-challengers-2026-mena-resilience-pulse-stage-middle-east-lbf
664811,2026-05-12,Team RA'AD,BAAM Esports,0,2,https://www.vlr.gg/664811/team-raad-vs-baam-esports-challengers-2026-mena-resilience-pulse-stage-north-africa-lbf
668478,2026-05-12,Team Solid,MIBR Academy,0,2,https://www.vlr.gg/668478/team-solid-vs-mibr-academy-challengers-2026-brazil-gamers-club-stage-2-w2
668479,2026-05-12,TBK Esports,PEEK,2,0,https://www.vlr.gg/668479/tbk-esports-vs-peek-challengers-2026-brazil-gamers-club-stage-2-w2
668480,2026-05-12,F4TALITY,ABACATUDOS,2,1,https://www.vlr.gg/668480/f4tality-vs-abacatudos-challengers-2026-brazil-gamers-club-stage-2-w2
671704,2026-05-12,G2 Gozen,SK Nebula,2,1,https://www.vlr.gg/671704/g2-gozen-vs-sk-nebula-game-changers-2026-emea-stage-2-w3
671705,2026-05-12,Karmine Corp GC,Barça eSports GC,1,2,https://www.vlr.gg/671705/karmine-corp-gc-vs-bar-a-esports-gc-game-changers-2026-emea-stage-2-w3
671706,2026-05-12,ALTERNATE aTTaX Ruby,FOKUS Sakura,2,0,https://www.vlr.gg/671706/alternate-attax-ruby-vs-fokus-sakura-game-changers-2026-emea-stage-2-w3
671707,2026-05-12,Twisted Minds Orchid,ZennIT Orange GC,2,1,https://www.vlr.gg/671707/twisted-minds-orchid-vs-zennit-orange-gc-game-changers-2026-emea-stage-2-w3
673531,2026-05-12,VARREL,Team Secret,2,1,https://www.vlr.gg/673531/varrel-vs-team-secret-esports-world-cup-2026-pacific-qualifier-stage-1-ubf
673533,2026-05-12,ZETA DIVISION,Gen.G,0,2,https://www.vlr.gg/673533/zeta-division-vs-gen-g-esports-world-cup-2026-pacific-qualifier-stage-1-lr1
673540,2026-05-12,Natus Vincere,Karmine Corp,2,0,https://www.vlr.gg/673540/natus-vincere-vs-karmine-corp-esports-world-cup-2026-emea-qualifier-stage-1-winners
673541,2026-05-12,PCIFIC Esports,GIANTX,1,2,https://www.vlr.gg/673541/pcific-esports-vs-giantx-esports-world-cup-2026-emea-qualifier-stage-1-elim
674838,2026-05-12,Sentinels,Evil Geniuses,1,2,https://www.vlr.gg/674838/sentinels-vs-evil-geniuses-esports-world-cup-2026-americas-qualifier-stage-1-ubsf
674839,2026-05-12,Cloud9,ENVY,1,2,https://www.vlr.gg/674839/cloud9-vs-envy-esports-world-cup-2026-americas-qualifier-stage-1-ubsf
657984,2026-05-13,Natus Vincere Junior,Team Liquid Academy,2,3,https://www.vlr.gg/657984/natus-vincere-junior-vs-team-liquid-academy-challengers-2026-north-east-stage-2-lbf
664045,2026-05-13,AlQadsiah Esports,VillianArc,3,0,https://www.vlr.gg/664045/alqadsiah-esports-vs-villianarc-challengers-2026-mena-resilience-pulse-stage-middle-east-gf
668481,2026-05-13,2Game Esports,INTZ,2,1,https://www.vlr.gg/668481/2game-esports-vs-intz-challengers-2026-brazil-gamers-club-stage-2-w2
668482,2026-05-13,ELEVATE,RED Canids,2,1,https://www.vlr.gg/668482/elevate-vs-red-canids-challengers-2026-brazil-gamers-club-stage-2-w2
668483,2026-05-13,TEAM EGO,Team Liquid Brazil,2,0,https://www.vlr.gg/668483/team-ego-vs-team-liquid-brazil-challengers-2026-brazil-gamers-club-stage-2-w2
669094,2026-05-13,LEVIATÁN GC,KRÜ BLAZE,0,2,https://www.vlr.gg/669094/leviat-n-gc-vs-kr-blaze-game-changers-2026-latam-south-stage-2-w2
669112,2026-05-13,MYVRA GC,Akave Esports GC,0,2,https://www.vlr.gg/669112/myvra-gc-vs-akave-esports-gc-game-changers-2026-latam-north-stage-2-w2
669910,2026-05-13,:3,Wadadaa,0,2,https://www.vlr.gg/669910/3-vs-wadadaa-game-changers-2026-north-america-stage-1-swiss-stage-r5-2-2
669913,2026-05-13,Empire GC,Teevee,2,0,https://www.vlr.gg/669913/empire-gc-vs-teevee-game-changers-2026-north-america-stage-1-swiss-stage-r5-1-3
671708,2026-05-13,Gentle Mates GC,Twisted Minds Orchid,2,1,https://www.vlr.gg/671708/gentle-mates-gc-vs-twisted-minds-orchid-game-changers-2026-emea-stage-2-w3
671709,2026-05-13,Karmine Corp GC,SK Nebula,1,2,https://www.vlr.gg/671709/karmine-corp-gc-vs-sk-nebula-game-changers-2026-emea-stage-2-w3
671710,2026-05-13,Barça eSports GC,FOKUS Sakura,2,1,https://www.vlr.gg/671710/bar-a-esports-gc-vs-fokus-sakura-game-changers-2026-emea-stage-2-w3
671711,2026-05-13,G2 Gozen,ALTERNATE aTTaX Ruby,2,0,https://www.vlr.gg/671711/g2-gozen-vs-alternate-attax-ruby-game-changers-2026-emea-stage-2-w3
673542,2026-05-13,Karmine Corp,GIANTX,2,0,https://www.vlr.gg/673542/karmine-corp-vs-giantx-esports-world-cup-2026-emea-qualifier-stage-1-decider
674840,2026-05-13,Evil Geniuses,ENVY,2,1,https://www.vlr.gg/674840/evil-geniuses-vs-envy-esports-world-cup-2026-americas-qualifier-stage-1-ubf
674842,2026-05-13,Sentinels,Cloud9,2,0,https://www.vlr.gg/674842/sentinels-vs-cloud9-esports-world-cup-2026-americas-qualifier-stage-1-lr1
657972,2026-05-14,Enterprise Esports,Team Liquid Academy,3,2,https://www.vlr.gg/657972/enterprise-esports-vs-team-liquid-academy-challengers-2026-north-east-stage-2-gf
660369,2026-05-14,FURIA,LEVIATÁN,1,2,https://www.vlr.gg/660369/furia-vs-leviat-n-vct-2026-americas-stage-1-ur1
660370,2026-05-14,G2 Esports,100 Thieves,2,0,https://www.vlr.gg/660370/g2-esports-vs-100-thieves-vct-2026-americas-stage-1-ur1
661070,2026-05-14,REBORN,Beşiktaş Esports,3,1,https://www.vlr.gg/661070/reborn-vs-be-ikta-esports-challengers-2026-t-rkiye-birlik-stage-2-gf
664809,2026-05-14,Ghools Esports,BAAM Esports,3,1,https://www.vlr.gg/664809/ghools-esports-vs-baam-esports-challengers-2026-mena-resilience-pulse-stage-north-africa-gf
671712,2026-05-14,GIANTX GC,Karmine Corp GC,2,1,https://www.vlr.gg/671712/giantx-gc-vs-karmine-corp-gc-game-changers-2026-emea-stage-2-w3
671714,2026-05-14,Gentle Mates GC,Barça eSports GC,2,1,https://www.vlr.gg/671714/gentle-mates-gc-vs-bar-a-esports-gc-game-changers-2026-emea-stage-2-w3
671715,2026-05-14,ALTERNATE aTTaX Ruby,SK Nebula,1,2,https://www.vlr.gg/671715/alternate-attax-ruby-vs-sk-nebula-game-changers-2026-emea-stage-2-w3
671716,2026-05-14,Twisted Minds Orchid,FOKUS Sakura,2,1,https://www.vlr.gg/671716/twisted-minds-orchid-vs-fokus-sakura-game-changers-2026-emea-stage-2-w3
660371,2026-05-15,MIBR,LEVIATÁN,1,2,https://www.vlr.gg/660371/mibr-vs-leviat-n-vct-2026-americas-stage-1-ubsf
660372,2026-05-15,KRÜ Esports,G2 Esports,0,2,https://www.vlr.gg/660372/kr-esports-vs-g2-esports-vct-2026-americas-stage-1-ubsf
660385,2026-05-15,FUT Esports,Team Vitality,1,2,https://www.vlr.gg/660385/fut-esports-vs-team-vitality-vct-2026-emea-stage-1-ubf
660391,2026-05-15,Team Heretics,Eternal Fire,2,1,https://www.vlr.gg/660391/team-heretics-vs-eternal-fire-vct-2026-emea-stage-1-lr3
666492,2026-05-15,Global Esports,FULL SENSE,0,2,https://www.vlr.gg/666492/global-esports-vs-full-sense-vct-2026-pacific-stage-1-ubf
666498,2026-05-15,T1,Paper Rex,1,2,https://www.vlr.gg/666498/t1-vs-paper-rex-vct-2026-pacific-stage-1-lr3
660375,2026-05-16,FURIA,NRG,0,2,https://www.vlr.gg/660375/furia-vs-nrg-vct-2026-americas-stage-1-lr1
660376,2026-05-16,100 Thieves,LOUD,2,0,https://www.vlr.gg/660376/100-thieves-vs-loud-vct-2026-americas-stage-1-lr1
660392,2026-05-16,FUT Esports,Team Heretics,1,3,https://www.vlr.gg/660392/fut-esports-vs-team-heretics-vct-2026-emea-stage-1-lbf
666499,2026-05-16,Global Esports,Paper Rex,0,3,https://www.vlr.gg/666499/global-esports-vs-paper-rex-vct-2026-pacific-stage-1-lbf
660377,2026-05-17,KRÜ Esports,NRG,0,2,https://www.vlr.gg/660377/kr-esports-vs-nrg-vct-2026-americas-stage-1-lr2
660378,2026-05-17,MIBR,100 Thieves,0,2,https://www.vlr.gg/660378/mibr-vs-100-thieves-vct-2026-americas-stage-1-lr2
660386,2026-05-17,Team Vitality,Team Heretics,2,3,https://www.vlr.gg/660386/team-vitality-vs-team-heretics-vct-2026-emea-stage-1-gf
666493,2026-05-17,FULL SENSE,Paper Rex,0,3,https://www.vlr.gg/666493/full-sense-vs-paper-rex-vct-2026-pacific-stage-1-gf
660477,2026-05-18,Fancy United Esports,ROY Esports,2,0,https://www.vlr.gg/660477/fancy-united-esports-vs-roy-esports-challengers-2026-sea-split-2-vietnam-qualifier-ubf
660483,2026-05-18,1Tap Esports,God Chosen,2,0,https://www.vlr.gg/660483/1tap-esports-vs-god-chosen-challengers-2026-sea-split-2-vietnam-qualifier-lr3
673534,2026-05-18,Team Secret,Gen.G,0,2,https://www.vlr.gg/673534/team-secret-vs-gen-g-esports-world-cup-2026-pacific-qualifier-stage-1-lbf
675352,2026-05-18,Xi Lai Gaming,Titan Esports Club,3,0,https://www.vlr.gg/675352/xi-lai-gaming-vs-titan-esports-club-esports-world-cup-2026-china-qualifier-stage-2-ubf
676020,2026-05-18,FlyQuest RED,Ghost Gaming,2,0,https://www.vlr.gg/676020/flyquest-red-vs-ghost-gaming-game-changers-2026-north-america-stage-1-swiss-stage-r6-3-2
676022,2026-05-18,Monarch-X GC,MVSK Treasure,0,2,https://www.vlr.gg/676022/monarch-x-gc-vs-mvsk-treasure-game-changers-2026-north-america-stage-1-swiss-stage-r6-2-3
676896,2026-05-18,9z Globant,LEVIATÁN Academy,2,0,https://www.vlr.gg/676896/9z-globant-vs-leviat-n-academy-challengers-2026-latam-south-ace-stage-2-w1
676897,2026-05-18,University War,ShindeN,2,0,https://www.vlr.gg/676897/university-war-vs-shinden-challengers-2026-latam-south-ace-stage-2-w1
678026,2026-05-18,FUEGO,Chivas Esports,2,0,https://www.vlr.gg/678026/fuego-vs-chivas-esports-challengers-2026-latam-north-ace-stage-2-w1
678027,2026-05-18,Contra,LAZER,0,2,https://www.vlr.gg/678027/contra-vs-lazer-challengers-2026-latam-north-ace-stage-2-w1
680274,2026-05-18,Beşiktaş Esports,Natus Vincere Junior,2,1,https://www.vlr.gg/680274/be-ikta-esports-vs-natus-vincere-junior-challengers-2026-emea-stage-2-a
680277,2026-05-18,REBORN,Enterprise Esports,2,0,https://www.vlr.gg/680277/reborn-vs-enterprise-esports-challengers-2026-emea-stage-2-b
680280,2026-05-18,UCAM Esports Club,AlQadsiah Esports,2,0,https://www.vlr.gg/680280/ucam-esports-club-vs-alqadsiah-esports-challengers-2026-emea-stage-2-c
680287,2026-05-18,Joblife,Ghools Esports,2,0,https://www.vlr.gg/680287/joblife-vs-ghools-esports-challengers-2026-emea-stage-2-d
660484,2026-05-19,ROY Esports,1Tap Esports,3,2,https://www.vlr.gg/660484/roy-esports-vs-1tap-esports-challengers-2026-sea-split-2-vietnam-qualifier-lbf
668487,2026-05-19,TBK Esports,F4TALITY,2,0,https://www.vlr.gg/668487/tbk-esports-vs-f4tality-challengers-2026-brazil-gamers-club-stage-2-w3
668488,2026-05-19,MIBR Academy,FURIA Academy,2,1,https://www.vlr.gg/668488/mibr-academy-vs-furia-academy-challengers-2026-brazil-gamers-club-stage-2-w3
668489,2026-05-19,Team Solid,PEEK,2,0,https://www.vlr.gg/668489/team-solid-vs-peek-challengers-2026-brazil-gamers-club-stage-2-w3
673532,2026-05-19,VARREL,Gen.G,0,2,https://www.vlr.gg/673532/varrel-vs-gen-g-esports-world-cup-2026-pacific-qualifier-stage-1-gf
674843,2026-05-19,ENVY,Sentinels,0,2,https://www.vlr.gg/674843/envy-vs-sentinels-esports-world-cup-2026-americas-qualifier-stage-1-lbf
675357,2026-05-19,FunPlus Phoenix,All Gamers,0,2,https://www.vlr.gg/675357/funplus-phoenix-vs-all-gamers-esports-world-cup-2026-china-qualifier-stage-2-lr3
676898,2026-05-19,OXEN,BESTIA,0,2,https://www.vlr.gg/676898/oxen-vs-bestia-challengers-2026-latam-south-ace-stage-2-w1
676899,2026-05-19,KRÜ BLAZE,KRÜ SPARK,0,2,https://www.vlr.gg/676899/kr-blaze-vs-kr-spark-challengers-2026-latam-south-ace-stage-2-w1
678028,2026-05-19,STREAMER ARENA,LYON,0,2,https://www.vlr.gg/678028/streamer-arena-vs-lyon-challengers-2026-latam-north-ace-stage-2-w1
678029,2026-05-19,AB3 Esports,Grizzly Gang,0,2,https://www.vlr.gg/678029/ab3-esports-vs-grizzly-gang-challengers-2026-latam-north-ace-stage-2-w1
680275,2026-05-19,Natus Vincere Junior,CGN Esports,2,1,https://www.vlr.gg/680275/natus-vincere-junior-vs-cgn-esports-challengers-2026-emea-stage-2-a
680278,2026-05-19,FOKUS,REBORN,1,2,https://www.vlr.gg/680278/fokus-vs-reborn-challengers-2026-emea-stage-2-b
680281,2026-05-19,MIR,WIP Esports,1,2,https://www.vlr.gg/680281/mir-vs-wip-esports-challengers-2026-emea-stage-2-c
680288,2026-05-19,Team Liquid Academy,Barça eSports,2,0,https://www.vlr.gg/680288/team-liquid-academy-vs-bar-a-esports-challengers-2026-emea-stage-2-d
660478,2026-05-20,Fancy United Esports,ROY Esports,3,0,https://www.vlr.gg/660478/fancy-united-esports-vs-roy-esports-challengers-2026-sea-split-2-vietnam-qualifier-gf
668490,2026-05-20,ELEVATE,TEAM EGO,0,2,https://www.vlr.gg/668490/elevate-vs-team-ego-challengers-2026-brazil-gamers-club-stage-2-w3
668492,2026-05-20,2Game Esports,RED Canids,0,2,https://www.vlr.gg/668492/2game-esports-vs-red-canids-challengers-2026-brazil-gamers-club-stage-2-w3
674841,2026-05-20,Evil Geniuses,Sentinels,1,2,https://www.vlr.gg/674841/evil-geniuses-vs-sentinels-esports-world-cup-2026-americas-qualifier-stage-1-gf
675358,2026-05-20,Titan Esports Club,All Gamers,0,3,https://www.vlr.gg/675358/titan-esports-club-vs-all-gamers-esports-world-cup-2026-china-qualifier-stage-2-lbf
680276,2026-05-20,Beşiktaş Esports,CGN Esports,1,2,https://www.vlr.gg/680276/be-ikta-esports-vs-cgn-esports-challengers-2026-emea-stage-2-a
680279,2026-05-20,FOKUS,Enterprise Esports,2,0,https://www.vlr.gg/680279/fokus-vs-enterprise-esports-challengers-2026-emea-stage-2-b
680282,2026-05-20,UCAM Esports Club,MIR,2,0,https://www.vlr.gg/680282/ucam-esports-club-vs-mir-challengers-2026-emea-stage-2-c
680289,2026-05-20,Ghools Esports,Barça eSports,2,1,https://www.vlr.gg/680289/ghools-esports-vs-bar-a-esports-challengers-2026-emea-stage-2-d
680953,2026-05-20,GIANTX GC,Twisted Minds Orchid,2,0,https://www.vlr.gg/680953/giantx-gc-vs-twisted-minds-orchid-game-changers-2026-emea-stage-2-ko
680954,2026-05-20,G2 Gozen,Barça eSports GC,2,0,https://www.vlr.gg/680954/g2-gozen-vs-bar-a-esports-gc-game-changers-2026-emea-stage-2-ko
680981,2026-05-20,Ghost Gaming,SaD GC,2,1,https://www.vlr.gg/680981/ghost-gaming-vs-sad-gc-game-changers-2026-north-america-stage-1-swiss-stage-r7-3-3
680982,2026-05-20,:3,MVSK Treasure,2,0,https://www.vlr.gg/680982/3-vs-mvsk-treasure-game-changers-2026-north-america-stage-1-swiss-stage-r7-3-3
681293,2026-05-20,Asterisk,Leosun Esports,2,0,https://www.vlr.gg/681293/asterisk-vs-leosun-esports-challengers-2026-south-asia-split-2-w1
681294,2026-05-20,The Rad Syndicate,S8UL Esports,0,2,https://www.vlr.gg/681294/the-rad-syndicate-vs-s8ul-esports-challengers-2026-south-asia-split-2-w1
680283,2026-05-21,MIR,AlQadsiah Esports,2,1,https://www.vlr.gg/680283/mir-vs-alqadsiah-esports-challengers-2026-emea-stage-2-c
680284,2026-05-21,UCAM Esports Club,WIP Esports,2,0,https://www.vlr.gg/680284/ucam-esports-club-vs-wip-esports-challengers-2026-emea-stage-2-c
680290,2026-05-21,Team Liquid Academy,Ghools Esports,2,0,https://www.vlr.gg/680290/team-liquid-academy-vs-ghools-esports-challengers-2026-emea-stage-2-d
680291,2026-05-21,Joblife,Barça eSports,2,0,https://www.vlr.gg/680291/joblife-vs-bar-a-esports-challengers-2026-emea-stage-2-d
680955,2026-05-21,Gentle Mates GC,GIANTX GC,2,1,https://www.vlr.gg/680955/gentle-mates-gc-vs-giantx-gc-game-changers-2026-emea-stage-2-ubsf
680956,2026-05-21,SK Nebula,G2 Gozen,0,2,https://www.vlr.gg/680956/sk-nebula-vs-g2-gozen-game-changers-2026-emea-stage-2-ubsf
681009,2026-05-21,All Gamers,Dragon Ranger Gaming,2,0,https://www.vlr.gg/681009/all-gamers-vs-dragon-ranger-gaming-china-evolution-series-2026-act-2-ro16
681010,2026-05-21,FunPlus Phoenix,Wolves Esports,2,0,https://www.vlr.gg/681010/funplus-phoenix-vs-wolves-esports-china-evolution-series-2026-act-2-ro16
681295,2026-05-21,SIGN Esports,No Salary Peek,1,2,https://www.vlr.gg/681295/sign-esports-vs-no-salary-peek-challengers-2026-south-asia-split-2-w1
681296,2026-05-21,The Rad Syndicate,Revenant XSpark,1,2,https://www.vlr.gg/681296/the-rad-syndicate-vs-revenant-xspark-challengers-2026-south-asia-split-2-w1
660373,2026-05-22,LEVIATÁN,G2 Esports,2,1,https://www.vlr.gg/660373/leviat-n-vs-g2-esports-vct-2026-americas-stage-1-ubf
660379,2026-05-22,NRG,100 Thieves,2,0,https://www.vlr.gg/660379/nrg-vs-100-thieves-vct-2026-americas-stage-1-lr3
674854,2026-05-22,FUT Esports,Natus Vincere,2,0,https://www.vlr.gg/674854/fut-esports-vs-natus-vincere-esports-world-cup-2026-emea-qualifier-stage-2-ubqf
674855,2026-05-22,Team Liquid,Gentle Mates,0,2,https://www.vlr.gg/674855/team-liquid-vs-gentle-mates-esports-world-cup-2026-emea-qualifier-stage-2-ubqf
674856,2026-05-22,FNATIC,BBL Esports,2,0,https://www.vlr.gg/674856/fnatic-vs-bbl-esports-esports-world-cup-2026-emea-qualifier-stage-2-ubqf
674857,2026-05-22,Karmine Corp,Eternal Fire,2,1,https://www.vlr.gg/674857/karmine-corp-vs-eternal-fire-esports-world-cup-2026-emea-qualifier-stage-2-ubqf
675201,2026-05-22,FULL SENSE,Gen.G,1,2,https://www.vlr.gg/675201/full-sense-vs-gen-g-esports-world-cup-2026-pacific-qualifier-stage-2-ubqf
675202,2026-05-22,Rex Regum Qeon,KIWOOM DRX,2,0,https://www.vlr.gg/675202/rex-regum-qeon-vs-kiwoom-drx-esports-world-cup-2026-pacific-qualifier-stage-2-ubqf
675203,2026-05-22,T1,Nongshim RedForce,0,2,https://www.vlr.gg/675203/t1-vs-nongshim-redforce-esports-world-cup-2026-pacific-qualifier-stage-2-ubqf
675204,2026-05-22,DetonatioN FocusMe,Global Esports,0,2,https://www.vlr.gg/675204/detonation-focusme-vs-global-esports-esports-world-cup-2026-pacific-qualifier-stage-2-ubqf
680285,2026-05-22,AlQadsiah Esports,WIP Esports,2,0,https://www.vlr.gg/680285/alqadsiah-esports-vs-wip-esports-challengers-2026-emea-stage-2-c
680292,2026-05-22,Joblife,Team Liquid Academy,2,0,https://www.vlr.gg/680292/joblife-vs-team-liquid-academy-challengers-2026-emea-stage-2-d
680957,2026-05-22,Gentle Mates GC,G2 Gozen,2,0,https://www.vlr.gg/680957/gentle-mates-gc-vs-g2-gozen-game-changers-2026-emea-stage-2-ubf
680959,2026-05-22,GIANTX GC,SK Nebula,1,2,https://www.vlr.gg/680959/giantx-gc-vs-sk-nebula-game-changers-2026-emea-stage-2-lr1
681011,2026-05-22,Trace Esports,Any Questions Gaming,2,0,https://www.vlr.gg/681011/trace-esports-vs-any-questions-gaming-china-evolution-series-2026-act-2-ro16
681012,2026-05-22,Titan Esports Club,Weibo Gaming,2,1,https://www.vlr.gg/681012/titan-esports-club-vs-weibo-gaming-china-evolution-series-2026-act-2-ro16
681297,2026-05-22,XØ IND,No Salary Peek,0,2,https://www.vlr.gg/681297/x-ind-vs-no-salary-peek-challengers-2026-south-asia-split-2-w1
681298,2026-05-22,SIGN Esports,S8UL Esports,1,2,https://www.vlr.gg/681298/sign-esports-vs-s8ul-esports-challengers-2026-south-asia-split-2-w1
681753,2026-05-22,BOOM Esports,ROY Esports,2,0,https://www.vlr.gg/681753/boom-esports-vs-roy-esports-challengers-2026-southeast-asia-split-2-d1
681754,2026-05-22,Sharper Esports,Alter Ego,2,0,https://www.vlr.gg/681754/sharper-esports-vs-alter-ego-challengers-2026-southeast-asia-split-2-d1
681755,2026-05-22,555,Xipto Esports,2,1,https://www.vlr.gg/681755/555-vs-xipto-esports-challengers-2026-southeast-asia-split-2-d1
660380,2026-05-23,G2 Esports,NRG,3,2,https://www.vlr.gg/660380/g2-esports-vs-nrg-vct-2026-americas-stage-1-lbf
674858,2026-05-23,FUT Esports,Gentle Mates,0,3,https://www.vlr.gg/674858/fut-esports-vs-gentle-mates-esports-world-cup-2026-emea-qualifier-stage-2-ubsf
674860,2026-05-23,Natus Vincere,Team Liquid,2,0,https://www.vlr.gg/674860/natus-vincere-vs-team-liquid-esports-world-cup-2026-emea-qualifier-stage-2-lr1
675205,2026-05-23,Gen.G,Rex Regum Qeon,2,3,https://www.vlr.gg/675205/gen-g-vs-rex-regum-qeon-esports-world-cup-2026-pacific-qualifier-stage-2-ubsf
675207,2026-05-23,FULL SENSE,KIWOOM DRX,1,2,https://www.vlr.gg/675207/full-sense-vs-kiwoom-drx-esports-world-cup-2026-pacific-qualifier-stage-2-lr1
680960,2026-05-23,G2 Gozen,SK Nebula,2,3,https://www.vlr.gg/680960/g2-gozen-vs-sk-nebula-game-changers-2026-emea-stage-2-lbf
681013,2026-05-23,JD Gaming,Xi Lai Gaming,2,1,https://www.vlr.gg/681013/jdg-esports-vs-xi-lai-gaming-china-evolution-series-2026-act-2-ro16
681014,2026-05-23,Nova Esports,KeepBest Gaming,2,1,https://www.vlr.gg/681014/nova-esports-vs-keepbest-gaming-china-evolution-series-2026-act-2-ro16
681300,2026-05-23,The Rad Syndicate,Leosun Esports,2,0,https://www.vlr.gg/681300/the-rad-syndicate-vs-leosun-esports-challengers-2026-south-asia-split-2-w1
681301,2026-05-23,Asterisk,Revenant XSpark,1,2,https://www.vlr.gg/681301/asterisk-vs-revenant-xspark-challengers-2026-south-asia-split-2-w1
681756,2026-05-23,BOOM Esports,Jade Lions,2,1,https://www.vlr.gg/681756/boom-esports-vs-jade-lions-challengers-2026-southeast-asia-split-2-d2
681757,2026-05-23,Oasis Gaming,Fancy United Esports,0,2,https://www.vlr.gg/681757/oasis-gaming-vs-fancy-united-esports-challengers-2026-southeast-asia-split-2-d2
681758,2026-05-23,XLB,555,2,1,https://www.vlr.gg/681758/xlb-vs-555-challengers-2026-southeast-asia-split-2-d2
681780,2026-05-23,CREST GAMING Zst,IGZIST,2,0,https://www.vlr.gg/681780/crest-gaming-zst-vs-igzist-challengers-2026-japan-split-2-w1
681781,2026-05-23,AGELITE,FENNEL,0,2,https://www.vlr.gg/681781/agelite-vs-fennel-challengers-2026-japan-split-2-w1
660374,2026-05-24,LEVIATÁN,G2 Esports,2,3,https://www.vlr.gg/660374/leviat-n-vs-g2-esports-vct-2026-americas-stage-1-gf
674859,2026-05-24,FNATIC,Karmine Corp,2,3,https://www.vlr.gg/674859/fnatic-vs-karmine-corp-esports-world-cup-2026-emea-qualifier-stage-2-ubsf
674861,2026-05-24,BBL Esports,Eternal Fire,2,0,https://www.vlr.gg/674861/bbl-esports-vs-eternal-fire-esports-world-cup-2026-emea-qualifier-stage-2-lr1
675206,2026-05-24,Nongshim RedForce,Global Esports,2,3,https://www.vlr.gg/675206/nongshim-redforce-vs-global-esports-esports-world-cup-2026-pacific-qualifier-stage-2-ubsf
675208,2026-05-24,T1,DetonatioN FocusMe,2,1,https://www.vlr.gg/675208/t1-vs-detonation-focusme-esports-world-cup-2026-pacific-qualifier-stage-2-lr1
680958,2026-05-24,Gentle Mates GC,SK Nebula,0,3,https://www.vlr.gg/680958/gentle-mates-gc-vs-sk-nebula-game-changers-2026-emea-stage-2-gf
681015,2026-05-24,TYLOO,EDward Gaming,2,0,https://www.vlr.gg/681015/tyloo-vs-edward-gaming-china-evolution-series-2026-act-2-ro16
681016,2026-05-24,Bilibili Gaming,Unsettled Resentment,2,0,https://www.vlr.gg/681016/bilibili-gaming-vs-unsettled-resentment-china-evolution-series-2026-act-2-ro16
681759,2026-05-24,Jade Lions,ROY Esports,2,0,https://www.vlr.gg/681759/jade-lions-vs-roy-esports-challengers-2026-southeast-asia-split-2-d3
681760,2026-05-24,XLB,Xipto Esports,2,1,https://www.vlr.gg/681760/xlb-vs-xipto-esports-challengers-2026-southeast-asia-split-2-d3
681782,2026-05-24,QT DIG∞,RIDDLE ORDER,2,1,https://www.vlr.gg/681782/qt-dig-vs-riddle-order-challengers-2026-japan-split-2-w1
681783,2026-05-24,Insomnia,REJECT,1,2,https://www.vlr.gg/681783/insomnia-vs-reject-challengers-2026-japan-split-2-w1
676902,2026-05-25,KRÜ BLAZE,ShindeN,0,2,https://www.vlr.gg/676902/kr-blaze-vs-shinden-challengers-2026-latam-south-ace-stage-2-w2
676903,2026-05-25,LEVIATÁN Academy,BESTIA,0,2,https://www.vlr.gg/676903/leviat-n-academy-vs-bestia-challengers-2026-latam-south-ace-stage-2-w2
678037,2026-05-25,FUSION,LYON,0,2,https://www.vlr.gg/678037/fusion-vs-lyon-challengers-2026-latam-north-ace-stage-2-w2
678039,2026-05-25,FUEGO,AB3 Esports,2,0,https://www.vlr.gg/678039/fuego-vs-ab3-esports-challengers-2026-latam-north-ace-stage-2-w2
681017,2026-05-25,All Gamers,FunPlus Phoenix,2,0,https://www.vlr.gg/681017/all-gamers-vs-funplus-phoenix-china-evolution-series-2026-act-2-qf
681018,2026-05-25,Trace Esports,Titan Esports Club,0,2,https://www.vlr.gg/681018/trace-esports-vs-titan-esports-club-china-evolution-series-2026-act-2-qf
681302,2026-05-25,XØ IND,The Rad Syndicate,1,2,https://www.vlr.gg/681302/x-ind-vs-the-rad-syndicate-challengers-2026-south-asia-split-2-w2
681303,2026-05-25,Asterisk,No Salary Peek,2,0,https://www.vlr.gg/681303/asterisk-vs-no-salary-peek-challengers-2026-south-asia-split-2-w2
681516,2026-05-25,Evil Geniuses Academy,NRG Academy,0,2,https://www.vlr.gg/681516/evil-geniuses-academy-vs-nrg-academy-challengers-2026-north-america-ace-stage-3-r1
681517,2026-05-25,QoR,Pigeons,2,0,https://www.vlr.gg/681517/qor-vs-pigeons-challengers-2026-north-america-ace-stage-3-r1
681518,2026-05-25,M80,ROSE,2,0,https://www.vlr.gg/681518/m80-vs-rose-challengers-2026-north-america-ace-stage-3-r1
681519,2026-05-25,Shopify Rebellion Black,Evictix,2,0,https://www.vlr.gg/681519/shopify-rebellion-black-vs-evictix-challengers-2026-north-america-ace-stage-3-r1
681784,2026-05-25,CREST GAMING Zst,FENNEL,1,2,https://www.vlr.gg/681784/crest-gaming-zst-vs-fennel-challengers-2026-japan-split-2-w1
681785,2026-05-25,IGZIST,RIDDLE ORDER,1,2,https://www.vlr.gg/681785/igzist-vs-riddle-order-challengers-2026-japan-split-2-w1
683765,2026-05-25,REBORN,Natus Vincere Junior,0,2,https://www.vlr.gg/683765/reborn-vs-natus-vincere-junior-challengers-2026-emea-stage-2-ubsf
683766,2026-05-25,Joblife,UCAM Esports Club,0,2,https://www.vlr.gg/683766/joblife-vs-ucam-esports-club-challengers-2026-emea-stage-2-ubsf
676904,2026-05-26,University War,OXEN,2,0,https://www.vlr.gg/676904/university-war-vs-oxen-challengers-2026-latam-south-ace-stage-2-w2
676905,2026-05-26,9z Globant,KRÜ SPARK,1,2,https://www.vlr.gg/676905/9z-globant-vs-kr-spark-challengers-2026-latam-south-ace-stage-2-w2
678040,2026-05-26,Chivas Esports,Contra,1,2,https://www.vlr.gg/678040/chivas-esports-vs-contra-challengers-2026-latam-north-ace-stage-2-w2
678041,2026-05-26,STREAMER ARENA,LAZER,2,0,https://www.vlr.gg/678041/streamer-arena-vs-lazer-challengers-2026-latam-north-ace-stage-2-w2
681019,2026-05-26,JD Gaming,Nova Esports,0,2,https://www.vlr.gg/681019/jdg-esports-vs-nova-esports-china-evolution-series-2026-act-2-qf
681020,2026-05-26,TYLOO,Bilibili Gaming,2,0,https://www.vlr.gg/681020/tyloo-vs-bilibili-gaming-china-evolution-series-2026-act-2-qf
681304,2026-05-26,Leosun Esports,S8UL Esports,0,2,https://www.vlr.gg/681304/leosun-esports-vs-s8ul-esports-challengers-2026-south-asia-split-2-w2
681305,2026-05-26,SIGN Esports,Asterisk,2,1,https://www.vlr.gg/681305/sign-esports-vs-asterisk-challengers-2026-south-asia-split-2-w2
681520,2026-05-26,Division One,Dynamo,2,1,https://www.vlr.gg/681520/division-one-vs-dynamo-challengers-2026-north-america-ace-stage-3-r1
681521,2026-05-26,Nightblood Gaming,Azure Dragon Gaming,1,2,https://www.vlr.gg/681521/nightblood-gaming-vs-azure-dragon-gaming-challengers-2026-north-america-ace-stage-3-r1
681522,2026-05-26,FlyQuest,Alliance Guardians,2,1,https://www.vlr.gg/681522/flyquest-vs-alliance-guardians-challengers-2026-north-america-ace-stage-3-r1
681523,2026-05-26,SaD Esports,YFP,2,0,https://www.vlr.gg/681523/sad-esports-vs-yfp-challengers-2026-north-america-ace-stage-3-r1
681908,2026-05-26,Team Solid,FURIA Academy,0,2,https://www.vlr.gg/681908/team-solid-vs-furia-academy-challengers-2026-brazil-gamers-club-stage-2-w4
681909,2026-05-26,PEEK,F4TALITY,0,2,https://www.vlr.gg/681909/peek-vs-f4tality-challengers-2026-brazil-gamers-club-stage-2-w4
681910,2026-05-26,MIBR Academy,ABACATUDOS,2,0,https://www.vlr.gg/681910/mibr-academy-vs-abacatudos-challengers-2026-brazil-gamers-club-stage-2-w4
683767,2026-05-26,Natus Vincere Junior,UCAM Esports Club,2,0,https://www.vlr.gg/683767/natus-vincere-junior-vs-ucam-esports-club-challengers-2026-emea-stage-2-ubf
683769,2026-05-26,REBORN,Joblife,2,0,https://www.vlr.gg/683769/reborn-vs-joblife-challengers-2026-emea-stage-2-lr1
676908,2026-05-27,University War,LEVIATÁN Academy,1,2,https://www.vlr.gg/676908/university-war-vs-leviat-n-academy-challengers-2026-latam-south-ace-stage-2-w2
676909,2026-05-27,BESTIA,ShindeN,2,1,https://www.vlr.gg/676909/bestia-vs-shinden-challengers-2026-latam-south-ace-stage-2-w2
678042,2026-05-27,AB3 Esports,LYON,0,2,https://www.vlr.gg/678042/ab3-esports-vs-lyon-challengers-2026-latam-north-ace-stage-2-w2
678043,2026-05-27,FUEGO,LAZER,2,0,https://www.vlr.gg/678043/fuego-vs-lazer-challengers-2026-latam-north-ace-stage-2-w2
681306,2026-05-27,SIGN Esports,The Rad Syndicate,2,1,https://www.vlr.gg/681306/sign-esports-vs-the-rad-syndicate-challengers-2026-south-asia-split-2-w2
681307,2026-05-27,Leosun Esports,Revenant XSpark,0,2,https://www.vlr.gg/681307/leosun-esports-vs-revenant-xspark-challengers-2026-south-asia-split-2-w2
681328,2026-05-27,LEVIATÁN,Sentinels,2,1,https://www.vlr.gg/681328/leviat-n-vs-sentinels-esports-world-cup-2026-americas-qualifier-stage-2-ubqf
681329,2026-05-27,MIBR,KRÜ Esports,2,0,https://www.vlr.gg/681329/mibr-vs-kr-esports-esports-world-cup-2026-americas-qualifier-stage-2-ubqf
681330,2026-05-27,100 Thieves,FURIA,2,0,https://www.vlr.gg/681330/100-thieves-vs-furia-esports-world-cup-2026-americas-qualifier-stage-2-ubqf
681331,2026-05-27,LOUD,NRG,2,0,https://www.vlr.gg/681331/loud-vs-nrg-esports-world-cup-2026-americas-qualifier-stage-2-ubqf
681911,2026-05-27,2Game Esports,LA MASIA,2,0,https://www.vlr.gg/681911/2game-esports-vs-la-masia-challengers-2026-brazil-gamers-club-stage-2-w4
681912,2026-05-27,RED Canids,TEAM EGO,2,0,https://www.vlr.gg/681912/red-canids-vs-team-ego-challengers-2026-brazil-gamers-club-stage-2-w4
681913,2026-05-27,INTZ,Team Liquid Brazil,2,0,https://www.vlr.gg/681913/intz-vs-team-liquid-brazil-challengers-2026-brazil-gamers-club-stage-2-w4
683770,2026-05-27,UCAM Esports Club,REBORN,0,3,https://www.vlr.gg/683770/ucam-esports-club-vs-reborn-challengers-2026-emea-stage-2-lbf
685246,2026-05-27,Pigeons,Evil Geniuses Academy,2,1,https://www.vlr.gg/685246/pigeons-vs-evil-geniuses-academy-challengers-2026-north-america-ace-stage-3-r2-0-1
685247,2026-05-27,Evictix,Alliance Guardians,2,1,https://www.vlr.gg/685247/evictix-vs-alliance-guardians-challengers-2026-north-america-ace-stage-3-r2-0-1
685248,2026-05-27,ROSE,YFP,0,2,https://www.vlr.gg/685248/rose-vs-yfp-challengers-2026-north-america-ace-stage-3-r2-0-1
685249,2026-05-27,Nightblood Gaming,Dynamo,2,0,https://www.vlr.gg/685249/nightblood-gaming-vs-dynamo-challengers-2026-north-america-ace-stage-3-r2-0-1
676906,2026-05-28,9z Globant,KRÜ BLAZE,2,0,https://www.vlr.gg/676906/9z-globant-vs-kr-blaze-challengers-2026-latam-south-ace-stage-2-w2
676907,2026-05-28,OXEN,KRÜ SPARK,1,2,https://www.vlr.gg/676907/oxen-vs-kr-spark-challengers-2026-latam-south-ace-stage-2-w2
678044,2026-05-28,STREAMER ARENA,Contra,1,2,https://www.vlr.gg/678044/streamer-arena-vs-contra-challengers-2026-latam-north-ace-stage-2-w2
678045,2026-05-28,Chivas Esports,FUSION,0,2,https://www.vlr.gg/678045/chivas-esports-vs-fusion-challengers-2026-latam-north-ace-stage-2-w2
681332,2026-05-28,LEVIATÁN,MIBR,0,3,https://www.vlr.gg/681332/leviat-n-vs-mibr-esports-world-cup-2026-americas-qualifier-stage-2-ubsf
681334,2026-05-28,Sentinels,KRÜ Esports,2,1,https://www.vlr.gg/681334/sentinels-vs-kr-esports-esports-world-cup-2026-americas-qualifier-stage-2-lr1
681915,2026-05-28,Team Solid,F4TALITY,2,0,https://www.vlr.gg/681915/team-solid-vs-f4tality-challengers-2026-brazil-gamers-club-stage-2-w5
681916,2026-05-28,FURIA Academy,TRIBE,2,0,https://www.vlr.gg/681916/furia-academy-vs-tribe-challengers-2026-brazil-gamers-club-stage-2-w5
681917,2026-05-28,TBK Esports,MIBR Academy,0,2,https://www.vlr.gg/681917/tbk-esports-vs-mibr-academy-challengers-2026-brazil-gamers-club-stage-2-w5
683768,2026-05-28,Natus Vincere Junior,REBORN,1,3,https://www.vlr.gg/683768/natus-vincere-junior-vs-reborn-challengers-2026-emea-stage-2-gf
685250,2026-05-28,M80,Shopify Rebellion Black,2,1,https://www.vlr.gg/685250/m80-vs-shopify-rebellion-black-challengers-2026-north-america-ace-stage-3-r2-0-1
685251,2026-05-28,QoR,NRG Academy,0,2,https://www.vlr.gg/685251/qor-vs-nrg-academy-challengers-2026-north-america-ace-stage-3-r2-0-1
685252,2026-05-28,Division One,Azure Dragon Gaming,0,2,https://www.vlr.gg/685252/division-one-vs-azure-dragon-gaming-challengers-2026-north-america-ace-stage-3-r2-0-1
685253,2026-05-28,SaD Esports,FlyQuest,2,0,https://www.vlr.gg/685253/sad-esports-vs-flyquest-challengers-2026-north-america-ace-stage-3-r2-0-1
681021,2026-05-29,All Gamers,Titan Esports Club,1,2,https://www.vlr.gg/681021/all-gamers-vs-titan-esports-club-china-evolution-series-2026-act-2-sf
681022,2026-05-29,Nova Esports,TYLOO,2,0,https://www.vlr.gg/681022/nova-esports-vs-tyloo-china-evolution-series-2026-act-2-sf
681333,2026-05-29,100 Thieves,LOUD,3,0,https://www.vlr.gg/681333/100-thieves-vs-loud-esports-world-cup-2026-americas-qualifier-stage-2-ubsf
681335,2026-05-29,FURIA,NRG,0,2,https://www.vlr.gg/681335/furia-vs-nrg-esports-world-cup-2026-americas-qualifier-stage-2-lr1
681636,2026-05-29,Shopify Rebellion Gold,Ghost Gaming,1,2,https://www.vlr.gg/681636/shopify-rebellion-gold-vs-ghost-gaming-game-changers-2026-north-america-stage-1-ubqf
681637,2026-05-29,FlyQuest RED,Wadadaa,2,0,https://www.vlr.gg/681637/flyquest-red-vs-wadadaa-game-changers-2026-north-america-stage-1-ubqf
681638,2026-05-29,Puppy Thieves,:3,2,0,https://www.vlr.gg/681638/puppy-thieves-vs-3-game-changers-2026-north-america-stage-1-ubqf
681639,2026-05-29,SwimTrek Blue,SEN Otters,2,0,https://www.vlr.gg/681639/swimtrek-blue-vs-sen-otters-game-changers-2026-north-america-stage-1-ubqf
681761,2026-05-29,Oasis Gaming,Looking For Home,0,2,https://www.vlr.gg/681761/oasis-gaming-vs-looking-for-home-challengers-2026-southeast-asia-split-2-d4
681762,2026-05-29,Sharper Esports,Trinity,1,2,https://www.vlr.gg/681762/sharper-esports-vs-trinity-challengers-2026-southeast-asia-split-2-d4
681786,2026-05-29,AGELITE,REJECT,0,2,https://www.vlr.gg/681786/agelite-vs-reject-challengers-2026-japan-split-2-w2
681787,2026-05-29,QT DIG∞,Insomnia,2,0,https://www.vlr.gg/681787/qt-dig-vs-insomnia-challengers-2026-japan-split-2-w2
681918,2026-05-29,2Game Esports,TEAM EGO,2,1,https://www.vlr.gg/681918/2game-esports-vs-team-ego-challengers-2026-brazil-gamers-club-stage-2-w5
681919,2026-05-29,LA MASIA,Team Liquid Brazil,2,0,https://www.vlr.gg/681919/la-masia-vs-team-liquid-brazil-challengers-2026-brazil-gamers-club-stage-2-w5
681920,2026-05-29,ELEVATE,INTZ,2,1,https://www.vlr.gg/681920/elevate-vs-intz-challengers-2026-brazil-gamers-club-stage-2-w5
674862,2026-05-30,FNATIC,Natus Vincere,1,2,https://www.vlr.gg/674862/fnatic-vs-natus-vincere-esports-world-cup-2026-emea-qualifier-stage-2-lr2
674863,2026-05-30,FUT Esports,BBL Esports,1,2,https://www.vlr.gg/674863/fut-esports-vs-bbl-esports-esports-world-cup-2026-emea-qualifier-stage-2-lr2
675209,2026-05-30,Nongshim RedForce,KIWOOM DRX,2,0,https://www.vlr.gg/675209/nongshim-redforce-vs-kiwoom-drx-esports-world-cup-2026-pacific-qualifier-stage-2-lr2
675210,2026-05-30,Gen.G,T1,2,0,https://www.vlr.gg/675210/gen-g-vs-t1-esports-world-cup-2026-pacific-qualifier-stage-2-lr2
681024,2026-05-30,All Gamers,TYLOO,3,2,https://www.vlr.gg/681024/all-gamers-vs-tyloo-china-evolution-series-2026-act-2-cf
681308,2026-05-30,XØ IND,Revenant XSpark,0,2,https://www.vlr.gg/681308/x-ind-vs-revenant-xspark-challengers-2026-south-asia-split-2-w2
681309,2026-05-30,The Rad Syndicate,No Salary Peek,0,2,https://www.vlr.gg/681309/the-rad-syndicate-vs-no-salary-peek-challengers-2026-south-asia-split-2-w2
681336,2026-05-30,LOUD,Sentinels,2,1,https://www.vlr.gg/681336/loud-vs-sentinels-esports-world-cup-2026-americas-qualifier-stage-2-lr2
681337,2026-05-30,LEVIATÁN,NRG,0,2,https://www.vlr.gg/681337/leviat-n-vs-nrg-esports-world-cup-2026-americas-qualifier-stage-2-lr2
681640,2026-05-30,Ghost Gaming,FlyQuest RED,0,2,https://www.vlr.gg/681640/ghost-gaming-vs-flyquest-red-game-changers-2026-north-america-stage-1-ubsf
681641,2026-05-30,Puppy Thieves,SwimTrek Blue,0,2,https://www.vlr.gg/681641/puppy-thieves-vs-swimtrek-blue-game-changers-2026-north-america-stage-1-ubsf
681644,2026-05-30,Shopify Rebellion Gold,Wadadaa,2,1,https://www.vlr.gg/681644/shopify-rebellion-gold-vs-wadadaa-game-changers-2026-north-america-stage-1-lr1
681645,2026-05-30,:3,SEN Otters,0,2,https://www.vlr.gg/681645/3-vs-sen-otters-game-changers-2026-north-america-stage-1-lr1
681763,2026-05-30,Fancy United Esports,Looking For Home,2,0,https://www.vlr.gg/681763/fancy-united-esports-vs-looking-for-home-challengers-2026-southeast-asia-split-2-d5
681764,2026-05-30,Alter Ego,Trinity,0,2,https://www.vlr.gg/681764/alter-ego-vs-trinity-challengers-2026-southeast-asia-split-2-d5
681788,2026-05-30,FENNEL,REJECT,0,2,https://www.vlr.gg/681788/fennel-vs-reject-challengers-2026-japan-split-2-w2
681789,2026-05-30,CREST GAMING Zst,RIDDLE ORDER,1,2,https://www.vlr.gg/681789/crest-gaming-zst-vs-riddle-order-challengers-2026-japan-split-2-w2
669097,2026-05-31,Polar Squad Esports GC,Olimpo Gold,2,0,https://www.vlr.gg/669097/polar-squad-esports-gc-vs-olimpo-gold-game-changers-2026-latam-south-stage-2-w3
669115,2026-05-31,Stray Cats,No Sweat Blossom,0,2,https://www.vlr.gg/669115/stray-cats-vs-no-sweat-blossom-game-changers-2026-latam-north-stage-2-w3
674864,2026-05-31,Natus Vincere,BBL Esports,0,3,https://www.vlr.gg/674864/natus-vincere-vs-bbl-esports-esports-world-cup-2026-emea-qualifier-stage-2-lbf
675211,2026-05-31,Nongshim RedForce,Gen.G,3,1,https://www.vlr.gg/675211/nongshim-redforce-vs-gen-g-esports-world-cup-2026-pacific-qualifier-stage-2-lbf
681023,2026-05-31,Titan Esports Club,Nova Esports,2,3,https://www.vlr.gg/681023/titan-esports-club-vs-nova-esports-china-evolution-series-2026-act-2-gf
681310,2026-05-31,SIGN Esports,Leosun Esports,2,0,https://www.vlr.gg/681310/sign-esports-vs-leosun-esports-challengers-2026-south-asia-split-2-w2
681311,2026-05-31,The Rad Syndicate,Asterisk,2,0,https://www.vlr.gg/681311/the-rad-syndicate-vs-asterisk-challengers-2026-south-asia-split-2-w2
681338,2026-05-31,LOUD,NRG,0,3,https://www.vlr.gg/681338/loud-vs-nrg-esports-world-cup-2026-americas-qualifier-stage-2-lbf
681646,2026-05-31,Puppy Thieves,Shopify Rebellion Gold,0,2,https://www.vlr.gg/681646/puppy-thieves-vs-shopify-rebellion-gold-game-changers-2026-north-america-stage-1-lr2
681647,2026-05-31,Ghost Gaming,SEN Otters,2,0,https://www.vlr.gg/681647/ghost-gaming-vs-sen-otters-game-changers-2026-north-america-stage-1-lr2
681790,2026-05-31,IGZIST,Insomnia,2,1,https://www.vlr.gg/681790/igzist-vs-insomnia-challengers-2026-japan-split-2-w2
681791,2026-05-31,AGELITE,QT DIG∞,0,2,https://www.vlr.gg/681791/agelite-vs-qt-dig-challengers-2026-japan-split-2-w2
685416,2026-05-31,Team Liquid Brazil,PÃO COM RATO,2,0,https://www.vlr.gg/685416/team-liquid-brazil-vs-p-o-com-rato-game-changers-2026-brazil-stage-2-r2-1-0
685417,2026-05-31,MIBR GC,Evil Geniuses GC,2,0,https://www.vlr.gg/685417/mibr-gc-vs-evil-geniuses-gc-game-changers-2026-brazil-stage-2-r2-1-0
685418,2026-05-31,Uchihas,Angels of Delusion,2,0,https://www.vlr.gg/685418/uchihas-vs-angels-of-delusion-game-changers-2026-brazil-stage-2-r2-0-1
685419,2026-05-31,Arashi GC,the luizas,2,1,https://www.vlr.gg/685419/arashi-gc-vs-the-luizas-game-changers-2026-brazil-stage-2-r2-0-1
676910,2026-06-01,OXEN,KRÜ BLAZE,2,0,https://www.vlr.gg/676910/oxen-vs-kr-blaze-challengers-2026-latam-south-ace-stage-2-w3
676912,2026-06-01,KRÜ SPARK,LEVIATÁN Academy,2,1,https://www.vlr.gg/676912/kr-spark-vs-leviat-n-academy-challengers-2026-latam-south-ace-stage-2-w3
678046,2026-06-01,LAZER,LYON,1,2,https://www.vlr.gg/678046/lazer-vs-lyon-challengers-2026-latam-north-ace-stage-2-w3
678047,2026-06-01,Stray Cats,Contra,0,2,https://www.vlr.gg/678047/stray-cats-vs-contra-challengers-2026-latam-north-ace-stage-2-w3
681312,2026-06-01,No Salary Peek,Revenant XSpark,0,2,https://www.vlr.gg/681312/no-salary-peek-vs-revenant-xspark-challengers-2026-south-asia-split-2-w3
681313,2026-06-01,XØ IND,S8UL Esports,0,2,https://www.vlr.gg/681313/x-ind-vs-s8ul-esports-challengers-2026-south-asia-split-2-w3
681922,2026-06-01,MIBR Academy,PEEK,0,2,https://www.vlr.gg/681922/mibr-academy-vs-peek-challengers-2026-brazil-gamers-club-stage-2-w6
681923,2026-06-01,TBK Esports,FURIA Academy,1,2,https://www.vlr.gg/681923/tbk-esports-vs-furia-academy-challengers-2026-brazil-gamers-club-stage-2-w6
681924,2026-06-01,Team Solid,TRIBE,2,0,https://www.vlr.gg/681924/team-solid-vs-tribe-challengers-2026-brazil-gamers-club-stage-2-w6
685987,2026-06-01,Shopify Rebellion Black,Pigeons,2,0,https://www.vlr.gg/685987/shopify-rebellion-black-vs-pigeons-challengers-2026-north-america-ace-stage-3-r3-1-1
685988,2026-06-01,Dynamo,Alliance Guardians,0,2,https://www.vlr.gg/685988/dynamo-vs-alliance-guardians-challengers-2026-north-america-ace-stage-3-r3-0-2
685989,2026-06-01,Nightblood Gaming,Evictix,2,0,https://www.vlr.gg/685989/nightblood-gaming-vs-evictix-challengers-2026-north-america-ace-stage-3-r3-1-1
685990,2026-06-01,Evil Geniuses Academy,ROSE,2,0,https://www.vlr.gg/685990/evil-geniuses-academy-vs-rose-challengers-2026-north-america-ace-stage-3-r3-0-2
676913,2026-06-02,University War,BESTIA,2,1,https://www.vlr.gg/676913/university-war-vs-bestia-challengers-2026-latam-south-ace-stage-2-w3
676914,2026-06-02,9z Globant,ShindeN,2,1,https://www.vlr.gg/676914/9z-globant-vs-shinden-challengers-2026-latam-south-ace-stage-2-w3
678048,2026-06-02,STREAMER ARENA,Chivas Esports,0,2,https://www.vlr.gg/678048/streamer-arena-vs-chivas-esports-challengers-2026-latam-north-ace-stage-2-w3
678049,2026-06-02,FUEGO,FUSION,2,0,https://www.vlr.gg/678049/fuego-vs-fusion-challengers-2026-latam-north-ace-stage-2-w3
681315,2026-06-02,XØ IND,Asterisk,1,2,https://www.vlr.gg/681315/x-ind-vs-asterisk-challengers-2026-south-asia-split-2-w3
681925,2026-06-02,INTZ,RED Canids,2,0,https://www.vlr.gg/681925/intz-vs-red-canids-challengers-2026-brazil-gamers-club-stage-2-w6
681926,2026-06-02,ELEVATE,LA MASIA,0,2,https://www.vlr.gg/681926/elevate-vs-la-masia-challengers-2026-brazil-gamers-club-stage-2-w6
681927,2026-06-02,2Game Esports,Team Liquid Brazil,2,0,https://www.vlr.gg/681927/2game-esports-vs-team-liquid-brazil-challengers-2026-brazil-gamers-club-stage-2-w6
685991,2026-06-02,SaD Esports,NRG Academy,2,1,https://www.vlr.gg/685991/sad-esports-vs-nrg-academy-challengers-2026-north-america-ace-stage-3-r3-2-0
685992,2026-06-02,Azure Dragon Gaming,M80,0,2,https://www.vlr.gg/685992/azure-dragon-gaming-vs-m80-challengers-2026-north-america-ace-stage-3-r3-2-0
685993,2026-06-02,QoR,FlyQuest,2,0,https://www.vlr.gg/685993/qor-vs-flyquest-challengers-2026-north-america-ace-stage-3-r3-1-1
685994,2026-06-02,Division One,YFT,1,2,https://www.vlr.gg/685994/division-one-vs-yft-challengers-2026-north-america-ace-stage-3-r3-1-1
681316,2026-06-03,SIGN Esports,Revenant XSpark,0,2,https://www.vlr.gg/681316/sign-esports-vs-revenant-xspark-challengers-2026-south-asia-split-2-w3
681317,2026-06-03,No Salary Peek,S8UL Esports,0,2,https://www.vlr.gg/681317/no-salary-peek-vs-s8ul-esports-challengers-2026-south-asia-split-2-w3
681642,2026-06-03,FlyQuest RED,SwimTrek Blue,0,2,https://www.vlr.gg/681642/flyquest-red-vs-swimtrek-blue-game-changers-2026-north-america-stage-1-ubf
681648,2026-06-03,Shopify Rebellion Gold,Ghost Gaming,2,0,https://www.vlr.gg/681648/shopify-rebellion-gold-vs-ghost-gaming-game-changers-2026-north-america-stage-1-lr3
681792,2026-06-03,RIDDLE ORDER,Insomnia,1,2,https://www.vlr.gg/681792/riddle-order-vs-insomnia-challengers-2026-japan-split-2-w3
681793,2026-06-03,CREST GAMING Zst,REJECT,0,2,https://www.vlr.gg/681793/crest-gaming-zst-vs-reject-challengers-2026-japan-split-2-w3
686184,2026-06-03,T1 Academy,Gen.G Global Academy,1,2,https://www.vlr.gg/686184/t1-academy-vs-gen-g-global-academy-challengers-2026-korea-wdg-split-2-w1
686185,2026-06-03,Dplus Esports,ARETE,1,2,https://www.vlr.gg/686185/dplus-esports-vs-arete-challengers-2026-korea-wdg-split-2-w1
681318,2026-06-04,XØ IND,SIGN Esports,1,2,https://www.vlr.gg/681318/x-ind-vs-sign-esports-challengers-2026-south-asia-split-2-w3
681319,2026-06-04,Revenant XSpark,S8UL Esports,0,2,https://www.vlr.gg/681319/revenant-xspark-vs-s8ul-esports-challengers-2026-south-asia-split-2-w3
681649,2026-06-04,FlyQuest RED,Shopify Rebellion Gold,2,3,https://www.vlr.gg/681649/flyquest-red-vs-shopify-rebellion-gold-game-changers-2026-north-america-stage-1-lbf
681794,2026-06-04,FENNEL,QT DIG∞,0,2,https://www.vlr.gg/681794/fennel-vs-qt-dig-challengers-2026-japan-split-2-w3
681795,2026-06-04,IGZIST,AGELITE,2,0,https://www.vlr.gg/681795/igzist-vs-agelite-challengers-2026-japan-split-2-w3
684625,2026-06-04,555,Looking For Home,2,0,https://www.vlr.gg/684625/555-vs-looking-for-home-challengers-2026-southeast-asia-split-2-ubqf
684626,2026-06-04,Trinity,Jade Lions,0,2,https://www.vlr.gg/684626/trinity-vs-jade-lions-challengers-2026-southeast-asia-split-2-ubqf
686186,2026-06-04,ONSIDE GAMING,DRX Academy,2,1,https://www.vlr.gg/686186/onside-gaming-vs-drx-academy-challengers-2026-korea-wdg-split-2-w1
686187,2026-06-04,So:sweet,X-CAST,2,1,https://www.vlr.gg/686187/so-sweet-vs-x-cast-challengers-2026-korea-wdg-split-2-w1
669100,2026-06-05,KRÜ BLAZE,Looking For Laburo,1,2,https://www.vlr.gg/669100/kr-blaze-vs-looking-for-laburo-game-changers-2026-latam-south-stage-2-w4
669118,2026-06-05,Akave Esports GC,Contra GC,2,0,https://www.vlr.gg/669118/akave-esports-gc-vs-contra-gc-game-changers-2026-latam-north-stage-2-w4
681320,2026-06-05,XØ IND,Leosun Esports,2,0,https://www.vlr.gg/681320/x-ind-vs-leosun-esports-challengers-2026-south-asia-split-2-w3
681321,2026-06-05,Asterisk,S8UL Esports,2,1,https://www.vlr.gg/681321/asterisk-vs-s8ul-esports-challengers-2026-south-asia-split-2-w3
681643,2026-06-05,SwimTrek Blue,Shopify Rebellion Gold,3,1,https://www.vlr.gg/681643/swimtrek-blue-vs-shopify-rebellion-gold-game-changers-2026-north-america-stage-1-gf
684627,2026-06-05,Fancy United Esports,Oasis Gaming,2,0,https://www.vlr.gg/684627/fancy-united-esports-vs-oasis-gaming-challengers-2026-southeast-asia-split-2-ubqf
684628,2026-06-05,BOOM Esports,Sharper Esports,0,2,https://www.vlr.gg/684628/boom-esports-vs-sharper-esports-challengers-2026-southeast-asia-split-2-ubqf
684610,2026-06-06,Team Vitality,Dragon Ranger Gaming,2,0,https://www.vlr.gg/684610/team-vitality-vs-dragon-ranger-gaming-valorant-masters-london-2026-r1
684613,2026-06-06,Xi Lai Gaming,NRG,0,2,https://www.vlr.gg/684613/xi-lai-gaming-vs-nrg-valorant-masters-london-2026-r1
684611,2026-06-07,FULL SENSE,FUT Esports,0,2,https://www.vlr.gg/684611/full-sense-vs-fut-esports-valorant-masters-london-2026-r1
684612,2026-06-07,LEVIATÁN,Global Esports,2,1,https://www.vlr.gg/684612/leviat-n-vs-global-esports-valorant-masters-london-2026-r1
684614,2026-06-08,Team Vitality,FUT Esports,2,1,https://www.vlr.gg/684614/team-vitality-vs-fut-esports-valorant-masters-london-2026-r2-1-0
684615,2026-06-08,NRG,LEVIATÁN,1,2,https://www.vlr.gg/684615/nrg-vs-leviat-n-valorant-masters-london-2026-r2-1-0
684616,2026-06-09,Dragon Ranger Gaming,Xi Lai Gaming,1,2,https://www.vlr.gg/684616/dragon-ranger-gaming-vs-xi-lai-gaming-valorant-masters-london-2026-r2-0-1
684617,2026-06-09,Global Esports,FULL SENSE,2,1,https://www.vlr.gg/684617/global-esports-vs-full-sense-valorant-masters-london-2026-r2-0-1
684618,2026-06-10,Global Esports,Xi Lai Gaming,1,2,https://www.vlr.gg/684618/global-esports-vs-xi-lai-gaming-valorant-masters-london-2026-r3-1-1
684619,2026-06-10,FUT Esports,NRG,2,1,https://www.vlr.gg/684619/fut-esports-vs-nrg-valorant-masters-london-2026-r3-1-1
669101,2026-06-11,LEVIATÁN GC,Daruma Synergy,2,1,https://www.vlr.gg/669101/leviat-n-gc-vs-daruma-synergy-game-changers-2026-latam-south-stage-2-w5
669119,2026-06-11,MYVRA GC,FUSION X,2,1,https://www.vlr.gg/669119/myvra-gc-vs-fusion-x-game-changers-2026-latam-north-stage-2-w5
684633,2026-06-11,Looking For Home,Trinity,0,2,https://www.vlr.gg/684633/looking-for-home-vs-trinity-challengers-2026-southeast-asia-split-2-lr1
684634,2026-06-11,Oasis Gaming,BOOM Esports,2,0,https://www.vlr.gg/684634/oasis-gaming-vs-boom-esports-challengers-2026-southeast-asia-split-2-lr1
670466,2026-06-12,Paper Rex,LEVIATÁN,2,0,https://www.vlr.gg/670466/paper-rex-vs-leviat-n-valorant-masters-london-2026-ubqf
670467,2026-06-12,Team Heretics,Team Vitality,0,2,https://www.vlr.gg/670467/team-heretics-vs-team-vitality-valorant-masters-london-2026-ubqf
670464,2026-06-13,G2 Esports,Xi Lai Gaming,1,2,https://www.vlr.gg/670464/g2-esports-vs-xi-lai-gaming-valorant-masters-london-2026-ubqf
670465,2026-06-13,EDward Gaming,FUT Esports,2,1,https://www.vlr.gg/670465/edward-gaming-vs-fut-esports-valorant-masters-london-2026-ubqf
670472,2026-06-14,G2 Esports,FUT Esports,0,2,https://www.vlr.gg/670472/g2-esports-vs-fut-esports-valorant-masters-london-2026-lr1
670473,2026-06-14,LEVIATÁN,Team Heretics,2,1,https://www.vlr.gg/670473/leviat-n-vs-team-heretics-valorant-masters-london-2026-lr1
670468,2026-06-15,Xi Lai Gaming,EDward Gaming,1,2,https://www.vlr.gg/670468/xi-lai-gaming-vs-edward-gaming-valorant-masters-london-2026-ubsf
670469,2026-06-15,Paper Rex,Team Vitality,2,1,https://www.vlr.gg/670469/paper-rex-vs-team-vitality-valorant-masters-london-2026-ubsf
670474,2026-06-16,Team Vitality,FUT Esports,2,0,https://www.vlr.gg/670474/team-vitality-vs-fut-esports-valorant-masters-london-2026-lr2
670475,2026-06-16,Xi Lai Gaming,LEVIATÁN,0,2,https://www.vlr.gg/670475/xi-lai-gaming-vs-leviat-n-valorant-masters-london-2026-lr2
676915,2026-06-17,KRÜ SPARK,BESTIA,2,1,https://www.vlr.gg/676915/kr-spark-vs-bestia-challengers-2026-latam-south-ace-stage-2-w4
676916,2026-06-17,University War,KRÜ BLAZE,2,0,https://www.vlr.gg/676916/university-war-vs-kr-blaze-challengers-2026-latam-south-ace-stage-2-w4
678050,2026-06-17,STREAMER ARENA,FUSION,2,0,https://www.vlr.gg/678050/streamer-arena-vs-fusion-challengers-2026-latam-north-ace-stage-2-w4
678051,2026-06-17,Chivas Esports,LYON,0,2,https://www.vlr.gg/678051/chivas-esports-vs-lyon-challengers-2026-latam-north-ace-stage-2-w4
681928,2026-06-17,TBK Esports,TRIBE,2,0,https://www.vlr.gg/681928/tbk-esports-vs-tribe-challengers-2026-brazil-gamers-club-stage-2-w7
681930,2026-06-17,MIBR Academy,F4TALITY,2,0,https://www.vlr.gg/681930/mibr-academy-vs-f4tality-challengers-2026-brazil-gamers-club-stage-2-w7
681932,2026-06-17,FURIA Academy,PEEK,2,0,https://www.vlr.gg/681932/furia-academy-vs-peek-challengers-2026-brazil-gamers-club-stage-2-w7
684629,2026-06-17,555,Jade Lions,1,2,https://www.vlr.gg/684629/555-vs-jade-lions-challengers-2026-southeast-asia-split-2-ubsf
684630,2026-06-17,Fancy United Esports,Sharper Esports,0,2,https://www.vlr.gg/684630/fancy-united-esports-vs-sharper-esports-challengers-2026-southeast-asia-split-2-ubsf
686192,2026-06-17,Gen.G Global Academy,ONSIDE GAMING,0,2,https://www.vlr.gg/686192/gen-g-global-academy-vs-onside-gaming-challengers-2026-korea-wdg-split-2-w2
686193,2026-06-17,So:sweet,Dplus Esports,0,2,https://www.vlr.gg/686193/so-sweet-vs-dplus-esports-challengers-2026-korea-wdg-split-2-w2
688228,2026-06-17,Division One,Evictix,1,2,https://www.vlr.gg/688228/division-one-vs-evictix-challengers-2026-north-america-ace-stage-3-r4-1-2
688229,2026-06-17,Alliance Guardians,Pigeons,2,1,https://www.vlr.gg/688229/alliance-guardians-vs-pigeons-challengers-2026-north-america-ace-stage-3-r4-1-2
688230,2026-06-17,Dynamo,ROSE,0,2,https://www.vlr.gg/688230/dynamo-vs-rose-challengers-2026-north-america-ace-stage-3-r4-0-3
688231,2026-06-17,FlyQuest,Evil Geniuses Academy,0,2,https://www.vlr.gg/688231/flyquest-vs-evil-geniuses-academy-challengers-2026-north-america-ace-stage-3-r4-1-2
676917,2026-06-18,9z Globant,OXEN,2,1,https://www.vlr.gg/676917/9z-globant-vs-oxen-challengers-2026-latam-south-ace-stage-2-w4
676918,2026-06-18,LEVIATÁN Academy,ShindeN,0,2,https://www.vlr.gg/676918/leviat-n-academy-vs-shinden-challengers-2026-latam-south-ace-stage-2-w4
678052,2026-06-18,FUEGO,Contra,2,1,https://www.vlr.gg/678052/fuego-vs-contra-challengers-2026-latam-north-ace-stage-2-w4
678053,2026-06-18,Stray Cats,LAZER,0,2,https://www.vlr.gg/678053/stray-cats-vs-lazer-challengers-2026-latam-north-ace-stage-2-w4
681931,2026-06-18,INTZ,TEAM EGO,2,0,https://www.vlr.gg/681931/intz-vs-team-ego-challengers-2026-brazil-gamers-club-stage-2-w7
681933,2026-06-18,ELEVATE,Team Liquid Brazil,2,0,https://www.vlr.gg/681933/elevate-vs-team-liquid-brazil-challengers-2026-brazil-gamers-club-stage-2-w7
681934,2026-06-18,RED Canids,LA MASIA,2,0,https://www.vlr.gg/681934/red-canids-vs-la-masia-challengers-2026-brazil-gamers-club-stage-2-w7
684635,2026-06-18,Fancy United Esports,Trinity,2,1,https://www.vlr.gg/684635/fancy-united-esports-vs-trinity-challengers-2026-southeast-asia-split-2-lr2
684636,2026-06-18,555,Oasis Gaming,2,0,https://www.vlr.gg/684636/555-vs-oasis-gaming-challengers-2026-southeast-asia-split-2-lr2
686194,2026-06-18,X-CAST,ARETE,2,0,https://www.vlr.gg/686194/x-cast-vs-arete-challengers-2026-korea-wdg-split-2-w2
686195,2026-06-18,DRX Academy,T1 Academy,2,1,https://www.vlr.gg/686195/drx-academy-vs-t1-academy-challengers-2026-korea-wdg-split-2-w2
688232,2026-06-18,Nightblood Gaming,QoR,2,0,https://www.vlr.gg/688232/nightblood-gaming-vs-qor-challengers-2026-north-america-ace-stage-3-r4-2-1
688233,2026-06-18,Shopify Rebellion Black,Azure Dragon Gaming,2,0,https://www.vlr.gg/688233/shopify-rebellion-black-vs-azure-dragon-gaming-challengers-2026-north-america-ace-stage-3-r4-2
688234,2026-06-18,M80,SaD Esports,2,1,https://www.vlr.gg/688234/m80-vs-sad-esports-challengers-2026-north-america-ace-stage-3-r4-3-0
688235,2026-06-18,YFT,NRG Academy,1,2,https://www.vlr.gg/688235/yft-vs-nrg-academy-challengers-2026-north-america-ace-stage-3-r4-2-1
670470,2026-06-19,EDward Gaming,Paper Rex,1,2,https://www.vlr.gg/670470/edward-gaming-vs-paper-rex-valorant-masters-london-2026-ubf
670476,2026-06-19,Team Vitality,LEVIATÁN,0,2,https://www.vlr.gg/670476/team-vitality-vs-leviat-n-valorant-masters-london-2026-lr3
693507,2026-06-19,Yi-Jing,Squishy Cheeks,2,0,https://www.vlr.gg/693507/yi-jing-vs-squishy-cheeks-fortress-touch-grassroots-esports-2026-regional-finals-ubsf
693509,2026-06-19,Yi-Jing,Finishers,2,1,https://www.vlr.gg/693509/yi-jing-vs-finishers-fortress-touch-grassroots-esports-2026-regional-finals-ubf
693511,2026-06-19,Squishy Cheeks,Full House,0,2,https://www.vlr.gg/693511/squishy-cheeks-vs-full-house-fortress-touch-grassroots-esports-2026-regional-finals-lr1
670477,2026-06-20,EDward Gaming,LEVIATÁN,0,3,https://www.vlr.gg/670477/edward-gaming-vs-leviat-n-valorant-masters-london-2026-lbf
693510,2026-06-20,Yi-Jing,Full House,3,0,https://www.vlr.gg/693510/yi-jing-vs-full-house-fortress-touch-grassroots-esports-2026-regional-finals-gf
693512,2026-06-20,Finishers,Full House,0,2,https://www.vlr.gg/693512/finishers-vs-full-house-fortress-touch-grassroots-esports-2026-regional-finals-lbf
670471,2026-06-21,Paper Rex,LEVIATÁN,2,3,https://www.vlr.gg/670471/paper-rex-vs-leviat-n-valorant-masters-london-2026-gf
676920,2026-06-22,OXEN,LEVIATÁN Academy,0,2,https://www.vlr.gg/676920/oxen-vs-leviat-n-academy-challengers-2026-latam-south-ace-stage-2-w5
676922,2026-06-22,KRÜ SPARK,ShindeN,0,2,https://www.vlr.gg/676922/kr-spark-vs-shinden-challengers-2026-latam-south-ace-stage-2-w5
678058,2026-06-22,Stray Cats,Chivas Esports,0,2,https://www.vlr.gg/678058/stray-cats-vs-chivas-esports-challengers-2026-latam-north-ace-stage-2-w5
678059,2026-06-22,FUSION,LAZER,0,2,https://www.vlr.gg/678059/fusion-vs-lazer-challengers-2026-latam-north-ace-stage-2-w5
688432,2026-06-22,Natus Vincere Junior,Beşiktaş Esports,2,0,https://www.vlr.gg/688432/natus-vincere-junior-vs-be-ikta-esports-challengers-2026-emea-stage-3-opening-a
688437,2026-06-22,Enterprise Esports,Barça eSports,2,0,https://www.vlr.gg/688437/enterprise-esports-vs-bar-a-esports-challengers-2026-emea-stage-3-opening-b
688442,2026-06-22,UCAM Esports Club,Pixel Lumina,2,1,https://www.vlr.gg/688442/ucam-esports-club-vs-pixel-lumina-challengers-2026-emea-stage-3-opening-c
688447,2026-06-22,REBORN,Ghools Esports,2,0,https://www.vlr.gg/688447/reborn-vs-ghools-esports-challengers-2026-emea-stage-3-opening-d
701174,2026-06-22,Team Solid,INTZ,1,2,https://www.vlr.gg/701174/team-solid-vs-intz-challengers-2026-brazil-gamers-club-stage-2-ro6
701175,2026-06-22,ELEVATE,F4TALITY,1,2,https://www.vlr.gg/701175/elevate-vs-f4tality-challengers-2026-brazil-gamers-club-stage-2-ro6
701680,2026-06-22,Ninetails,Gen.G GC,0,2,https://www.vlr.gg/701680/ninetails-vs-gen-g-gc-game-changers-2026-korea-split-2-d1
701682,2026-06-22,Ninetails,BLITZRAY GC,2,0,https://www.vlr.gg/701682/ninetails-vs-blitzray-gc-game-changers-2026-korea-split-2-d1
676921,2026-06-23,KRÜ BLAZE,BESTIA,0,2,https://www.vlr.gg/676921/kr-blaze-vs-bestia-challengers-2026-latam-south-ace-stage-2-w5
676923,2026-06-23,9z Globant,University War,2,1,https://www.vlr.gg/676923/9z-globant-vs-university-war-challengers-2026-latam-south-ace-stage-2-w5
678060,2026-06-23,STREAMER ARENA,FUEGO,2,1,https://www.vlr.gg/678060/streamer-arena-vs-fuego-challengers-2026-latam-north-ace-stage-2-w5
678061,2026-06-23,Contra,LYON,0,2,https://www.vlr.gg/678061/contra-vs-lyon-challengers-2026-latam-north-ace-stage-2-w5
681796,2026-06-23,REJECT,QT DIG∞,2,0,https://www.vlr.gg/681796/reject-vs-qt-dig-challengers-2026-japan-split-2-w4
681797,2026-06-23,CREST GAMING Zst,Insomnia,2,0,https://www.vlr.gg/681797/crest-gaming-zst-vs-insomnia-challengers-2026-japan-split-2-w4
688433,2026-06-23,Mandatory,AlQadsiah Esports,2,0,https://www.vlr.gg/688433/mandatory-vs-alqadsiah-esports-challengers-2026-emea-stage-3-opening-a
688438,2026-06-23,Joblife,CGN Esports,2,0,https://www.vlr.gg/688438/joblife-vs-cgn-esports-challengers-2026-emea-stage-3-opening-b
688443,2026-06-23,FOKUS,MIR,1,2,https://www.vlr.gg/688443/fokus-vs-mir-challengers-2026-emea-stage-3-opening-c
688448,2026-06-23,Team Liquid Academy,Misa Esports,1,2,https://www.vlr.gg/688448/team-liquid-academy-vs-misa-esports-challengers-2026-emea-stage-3-opening-d
701176,2026-06-23,LA MASIA,INTZ,2,1,https://www.vlr.gg/701176/la-masia-vs-intz-challengers-2026-brazil-gamers-club-stage-2-ubsf
701177,2026-06-23,F4TALITY,TBK Esports,2,0,https://www.vlr.gg/701177/f4tality-vs-tbk-esports-challengers-2026-brazil-gamers-club-stage-2-ubsf
701316,2026-06-23,Team Falcons Vega,Baguette,2,0,https://www.vlr.gg/701316/team-falcons-vega-vs-baguette-game-changers-2026-southeast-asia-split-2-ubqf
701317,2026-06-23,sisu,ROZ GC,2,0,https://www.vlr.gg/701317/sisu-vs-roz-gc-game-changers-2026-southeast-asia-split-2-ubqf
701685,2026-06-23,MHZ,Ninetails,1,2,https://www.vlr.gg/701685/mhz-vs-ninetails-game-changers-2026-korea-split-2-d2
701687,2026-06-23,Gen.G GC,BLITZRAY GC,2,0,https://www.vlr.gg/701687/gen-g-gc-vs-blitzray-gc-game-changers-2026-korea-split-2-d2
676924,2026-06-24,KRÜ BLAZE,LEVIATÁN Academy,0,2,https://www.vlr.gg/676924/kr-blaze-vs-leviat-n-academy-challengers-2026-latam-south-ace-stage-2-w5
676926,2026-06-24,OXEN,ShindeN,0,2,https://www.vlr.gg/676926/oxen-vs-shinden-challengers-2026-latam-south-ace-stage-2-w5
678063,2026-06-24,FUEGO,LYON,2,0,https://www.vlr.gg/678063/fuego-vs-lyon-challengers-2026-latam-north-ace-stage-2-w5
681798,2026-06-24,RIDDLE ORDER,AGELITE,2,1,https://www.vlr.gg/681798/riddle-order-vs-agelite-challengers-2026-japan-split-2-w4
681799,2026-06-24,FENNEL,IGZIST,2,0,https://www.vlr.gg/681799/fennel-vs-igzist-challengers-2026-japan-split-2-w4
686202,2026-06-24,ONSIDE GAMING,T1 Academy,2,1,https://www.vlr.gg/686202/onside-gaming-vs-t1-academy-challengers-2026-korea-wdg-split-2-w3
686203,2026-06-24,ARETE,So:sweet,2,0,https://www.vlr.gg/686203/arete-vs-so-sweet-challengers-2026-korea-wdg-split-2-w3
688434,2026-06-24,Natus Vincere Junior,Mandatory,2,1,https://www.vlr.gg/688434/natus-vincere-junior-vs-mandatory-challengers-2026-emea-stage-3-winners-a
688439,2026-06-24,Enterprise Esports,Joblife,2,1,https://www.vlr.gg/688439/enterprise-esports-vs-joblife-challengers-2026-emea-stage-3-winners-b
688444,2026-06-24,UCAM Esports Club,MIR,1,2,https://www.vlr.gg/688444/ucam-esports-club-vs-mir-challengers-2026-emea-stage-3-winners-c
688449,2026-06-24,REBORN,Misa Esports,2,0,https://www.vlr.gg/688449/reborn-vs-misa-esports-challengers-2026-emea-stage-3-winners-d
701226,2026-06-24,Azure Dragon Gaming,Alliance Guardians,2,1,https://www.vlr.gg/701226/azure-dragon-gaming-vs-alliance-guardians-challengers-2026-north-america-ace-stage-3-r5-2-2
701227,2026-06-24,QoR,Evictix,2,1,https://www.vlr.gg/701227/qor-vs-evictix-challengers-2026-north-america-ace-stage-3-r5-2-2
701228,2026-06-24,FlyQuest,Division One,0,2,https://www.vlr.gg/701228/flyquest-vs-division-one-challengers-2026-north-america-ace-stage-3-r5-1-3
701229,2026-06-24,ROSE,Pigeons,0,2,https://www.vlr.gg/701229/rose-vs-pigeons-challengers-2026-north-america-ace-stage-3-r5-1-3
701318,2026-06-24,36 Thieves,Evictix GC,2,0,https://www.vlr.gg/701318/36-thieves-vs-evictix-gc-game-changers-2026-southeast-asia-split-2-ubqf
701319,2026-06-24,wiwiwi,Zero Sugar,2,0,https://www.vlr.gg/701319/wiwiwi-vs-zero-sugar-game-changers-2026-southeast-asia-split-2-ubqf
676925,2026-06-25,University War,KRÜ SPARK,0,2,https://www.vlr.gg/676925/university-war-vs-kr-spark-challengers-2026-latam-south-ace-stage-2-w5
676927,2026-06-25,9z Globant,BESTIA,0,2,https://www.vlr.gg/676927/9z-globant-vs-bestia-challengers-2026-latam-south-ace-stage-2-w5
678064,2026-06-25,Chivas Esports,LAZER,2,0,https://www.vlr.gg/678064/chivas-esports-vs-lazer-challengers-2026-latam-north-ace-stage-2-w5
678065,2026-06-25,Contra,FUSION,2,0,https://www.vlr.gg/678065/contra-vs-fusion-challengers-2026-latam-north-ace-stage-2-w5
681800,2026-06-25,CREST GAMING Zst,QT DIG∞,2,0,https://www.vlr.gg/681800/crest-gaming-zst-vs-qt-dig-challengers-2026-japan-split-2-w4
681801,2026-06-25,Insomnia,AGELITE,1,2,https://www.vlr.gg/681801/insomnia-vs-agelite-challengers-2026-japan-split-2-w4
686204,2026-06-25,Dplus Esports,X-CAST,2,0,https://www.vlr.gg/686204/dplus-esports-vs-x-cast-challengers-2026-korea-wdg-split-2-w3
686205,2026-06-25,DRX Academy,Gen.G Global Academy,2,0,https://www.vlr.gg/686205/drx-academy-vs-gen-g-global-academy-challengers-2026-korea-wdg-split-2-w3
688435,2026-06-25,Beşiktaş Esports,AlQadsiah Esports,2,1,https://www.vlr.gg/688435/be-ikta-esports-vs-alqadsiah-esports-challengers-2026-emea-stage-3-elim-a
688440,2026-06-25,Barça eSports,CGN Esports,2,1,https://www.vlr.gg/688440/bar-a-esports-vs-cgn-esports-challengers-2026-emea-stage-3-elim-b
688445,2026-06-25,Pixel Lumina,FOKUS,1,2,https://www.vlr.gg/688445/pixel-lumina-vs-fokus-challengers-2026-emea-stage-3-elim-c
688450,2026-06-25,Ghools Esports,Team Liquid Academy,0,2,https://www.vlr.gg/688450/ghools-esports-vs-team-liquid-academy-challengers-2026-emea-stage-3-elim-d
701179,2026-06-25,ELEVATE,INTZ,0,2,https://www.vlr.gg/701179/elevate-vs-intz-challengers-2026-brazil-gamers-club-stage-2-lr1
701180,2026-06-25,Team Solid,TBK Esports,2,0,https://www.vlr.gg/701180/team-solid-vs-tbk-esports-challengers-2026-brazil-gamers-club-stage-2-lr1
701230,2026-06-25,NRG Academy,Shopify Rebellion Black,0,2,https://www.vlr.gg/701230/nrg-academy-vs-shopify-rebellion-black-challengers-2026-north-america-ace-stage-3-r5-3-1
701231,2026-06-25,Nightblood Gaming,SaD Esports,2,1,https://www.vlr.gg/701231/nightblood-gaming-vs-sad-esports-challengers-2026-north-america-ace-stage-3-r5-3-1
701232,2026-06-25,YFT,Evil Geniuses Academy,2,1,https://www.vlr.gg/701232/yft-vs-evil-geniuses-academy-challengers-2026-north-america-ace-stage-3-r5-2-2
701324,2026-06-25,Baguette,ROZ GC,0,2,https://www.vlr.gg/701324/baguette-vs-roz-gc-game-changers-2026-southeast-asia-split-2-lr1
701325,2026-06-25,Evictix GC,Zero Sugar,1,2,https://www.vlr.gg/701325/evictix-gc-vs-zero-sugar-game-changers-2026-southeast-asia-split-2-lr1
681802,2026-06-26,REJECT,IGZIST,2,0,https://www.vlr.gg/681802/reject-vs-igzist-challengers-2026-japan-split-2-w4
681803,2026-06-26,RIDDLE ORDER,FENNEL,2,0,https://www.vlr.gg/681803/riddle-order-vs-fennel-challengers-2026-japan-split-2-w4
700691,2026-06-26,S8UL Esports,No Salary Peek,2,1,https://www.vlr.gg/700691/s8ul-esports-vs-no-salary-peek-challengers-2026-south-asia-split-2-ubsf
700692,2026-06-26,Revenant XSpark,Asterisk,2,0,https://www.vlr.gg/700692/revenant-xspark-vs-asterisk-challengers-2026-south-asia-split-2-ubsf
700695,2026-06-26,No Salary Peek,Asterisk,2,1,https://www.vlr.gg/700695/no-salary-peek-vs-asterisk-challengers-2026-south-asia-split-2-lr1
701320,2026-06-26,Team Falcons Vega,sisu,2,0,https://www.vlr.gg/701320/team-falcons-vega-vs-sisu-game-changers-2026-southeast-asia-split-2-ubsf
701321,2026-06-26,36 Thieves,wiwiwi,0,2,https://www.vlr.gg/701321/36-thieves-vs-wiwiwi-game-changers-2026-southeast-asia-split-2-ubsf
706323,2026-06-26,SaD Esports,Evictix,2,1,https://www.vlr.gg/706323/sad-esports-vs-evictix-challengers-2026-north-america-ace-stage-3-r6-3-2-vs-2-3
706324,2026-06-26,Azure Dragon Gaming,NRG Academy,0,2,https://www.vlr.gg/706324/azure-dragon-gaming-vs-nrg-academy-challengers-2026-north-america-ace-stage-3-r6-3-2
706325,2026-06-26,Division One,Pigeons,2,0,https://www.vlr.gg/706325/division-one-vs-pigeons-challengers-2026-north-america-ace-stage-3-r6-2-3
681804,2026-06-27,CREST GAMING Zst,AGELITE,2,0,https://www.vlr.gg/681804/crest-gaming-zst-vs-agelite-challengers-2026-japan-split-2-w4
681805,2026-06-27,QT DIG∞,IGZIST,2,1,https://www.vlr.gg/681805/qt-dig-vs-igzist-challengers-2026-japan-split-2-w4
700693,2026-06-27,S8UL Esports,Revenant XSpark,2,1,https://www.vlr.gg/700693/s8ul-esports-vs-revenant-xspark-challengers-2026-south-asia-split-2-ubf
700696,2026-06-27,Revenant XSpark,No Salary Peek,1,2,https://www.vlr.gg/700696/revenant-xspark-vs-no-salary-peek-challengers-2026-south-asia-split-2-lbf
701178,2026-06-27,LA MASIA,F4TALITY,2,0,https://www.vlr.gg/701178/la-masia-vs-f4tality-challengers-2026-brazil-gamers-club-stage-2-ubf
701181,2026-06-27,INTZ,Team Solid,0,2,https://www.vlr.gg/701181/intz-vs-team-solid-challengers-2026-brazil-gamers-club-stage-2-lr2
701326,2026-06-27,36 Thieves,ROZ GC,2,0,https://www.vlr.gg/701326/36-thieves-vs-roz-gc-game-changers-2026-southeast-asia-split-2-lr2
701327,2026-06-27,sisu,Zero Sugar,2,1,https://www.vlr.gg/701327/sisu-vs-zero-sugar-game-changers-2026-southeast-asia-split-2-lr2
706326,2026-06-27,Evil Geniuses Academy,Alliance Guardians,2,1,https://www.vlr.gg/706326/evil-geniuses-academy-vs-alliance-guardians-challengers-2026-north-america-ace-stage-3-r6-2-3
706327,2026-06-27,QoR,YFT,1,2,https://www.vlr.gg/706327/qor-vs-yft-challengers-2026-north-america-ace-stage-3-r6-3-2
681806,2026-06-28,Insomnia,FENNEL,0,2,https://www.vlr.gg/681806/insomnia-vs-fennel-challengers-2026-japan-split-2-w4
681807,2026-06-28,REJECT,RIDDLE ORDER,2,0,https://www.vlr.gg/681807/reject-vs-riddle-order-challengers-2026-japan-split-2-w4
700694,2026-06-28,S8UL Esports,No Salary Peek,2,3,https://www.vlr.gg/700694/s8ul-esports-vs-no-salary-peek-challengers-2026-south-asia-split-2-gf
701182,2026-06-28,F4TALITY,Team Solid,1,3,https://www.vlr.gg/701182/f4tality-vs-team-solid-challengers-2026-brazil-gamers-club-stage-2-lbf
701322,2026-06-28,Team Falcons Vega,wiwiwi,2,0,https://www.vlr.gg/701322/team-falcons-vega-vs-wiwiwi-game-changers-2026-southeast-asia-split-2-ubf
701328,2026-06-28,36 Thieves,sisu,1,2,https://www.vlr.gg/701328/36-thieves-vs-sisu-game-changers-2026-southeast-asia-split-2-lr3
701338,2026-06-28,Kiss,swaglord9000,0,2,https://www.vlr.gg/701338/kiss-vs-swaglord9000-game-changers-2026-oceania-split-2-ubf
701344,2026-06-28,JFT GC,Evolve GC,2,0,https://www.vlr.gg/701344/jft-gc-vs-evolve-gc-game-changers-2026-oceania-split-2-lr3
706111,2026-06-28,Argentina,Peru,2,0,https://www.vlr.gg/706111/argentina-vs-peru-esports-nations-cup-2026-south-america-qualifier-ubf
706113,2026-06-28,Peru,Uruguay,2,0,https://www.vlr.gg/706113/peru-vs-uruguay-esports-nations-cup-2026-south-america-qualifier-lbf
706133,2026-06-28,Dominican Republic,Colombia,1,2,https://www.vlr.gg/706133/dominican-republic-vs-colombia-esports-nations-cup-2026-north-america-qualifier-ubf
706147,2026-06-28,Dominican Republic,Venezuela,2,1,https://www.vlr.gg/706147/dominican-republic-vs-venezuela-esports-nations-cup-2026-north-america-qualifier-lbf
706165,2026-06-28,Hong Kong,Japan,0,2,https://www.vlr.gg/706165/hong-kong-vs-japan-esports-nations-cup-2026-asia-qualifier-ubf
706186,2026-06-28,New Zealand,Vietnam,0,2,https://www.vlr.gg/706186/new-zealand-vs-vietnam-esports-nations-cup-2026-southeast-asia-oceania-qualifier-ubf
706192,2026-06-28,New Zealand,Australia,2,1,https://www.vlr.gg/706192/new-zealand-vs-australia-esports-nations-cup-2026-southeast-asia-oceania-qualifier-lbf
706215,2026-06-28,Denmark,France,0,2,https://www.vlr.gg/706215/denmark-vs-france-esports-nations-cup-2026-europe-qualifier-ubf
706229,2026-06-28,Denmark,Portugal,2,0,https://www.vlr.gg/706229/denmark-vs-portugal-esports-nations-cup-2026-europe-qualifier-lbf
706259,2026-06-28,Ukraine,Czechia,1,2,https://www.vlr.gg/706259/ukraine-vs-czechia-esports-nations-cup-2026-europe-qualifier-lbf
706452,2026-06-28,Saudi Arabia,Morocco,2,0,https://www.vlr.gg/706452/saudi-arabia-vs-morocco-esports-nations-cup-2026-middle-east-north-africa-qualifier-gf
707127,2026-06-28,Division One,QoR,1,2,https://www.vlr.gg/707127/division-one-vs-qor-challengers-2026-north-america-ace-stage-3-r7-3-3
707128,2026-06-28,Azure Dragon Gaming,Evil Geniuses Academy,1,2,https://www.vlr.gg/707128/azure-dragon-gaming-vs-evil-geniuses-academy-challengers-2026-north-america-ace-stage-3-r7-3-3
688436,2026-06-29,Mandatory,Beşiktaş Esports,2,0,https://www.vlr.gg/688436/mandatory-vs-be-ikta-esports-challengers-2026-emea-stage-3-decider-a
688441,2026-06-29,Joblife,Barça eSports,2,1,https://www.vlr.gg/688441/joblife-vs-bar-a-esports-challengers-2026-emea-stage-3-decider-b
688446,2026-06-29,UCAM Esports Club,FOKUS,1,2,https://www.vlr.gg/688446/ucam-esports-club-vs-fokus-challengers-2026-emea-stage-3-decider-c
688451,2026-06-29,Misa Esports,Team Liquid Academy,2,1,https://www.vlr.gg/688451/misa-esports-vs-team-liquid-academy-challengers-2026-emea-stage-3-decider-d
705814,2026-06-30,Akave Esports GC,Stray Cats,2,0,https://www.vlr.gg/705814/akave-esports-gc-vs-stray-cats-game-changers-2026-latam-north-stage-2-ubsf
705837,2026-06-30,Looking For Laburo,LEVIATÁN GC,2,0,https://www.vlr.gg/705837/looking-for-laburo-vs-leviat-n-gc-game-changers-2026-latam-south-stage-2-ubsf
707697,2026-06-30,Natus Vincere Junior,FOKUS,2,1,https://www.vlr.gg/707697/natus-vincere-junior-vs-fokus-challengers-2026-emea-stage-3-ubqf
707698,2026-06-30,Enterprise Esports,Mandatory,2,0,https://www.vlr.gg/707698/enterprise-esports-vs-mandatory-challengers-2026-emea-stage-3-ubqf
707699,2026-06-30,MIR,Misa Esports,0,2,https://www.vlr.gg/707699/mir-vs-misa-esports-challengers-2026-emea-stage-3-ubqf
707700,2026-06-30,REBORN,Joblife,2,1,https://www.vlr.gg/707700/reborn-vs-joblife-challengers-2026-emea-stage-3-ubqf
686210,2026-07-01,DRX Academy,ARETE,2,1,https://www.vlr.gg/686210/drx-academy-vs-arete-challengers-2026-korea-wdg-split-2-w4
686211,2026-07-01,T1 Academy,X-CAST,2,1,https://www.vlr.gg/686211/t1-academy-vs-x-cast-challengers-2026-korea-wdg-split-2-w4
705815,2026-07-01,FUSION X,No Sweat Blossom,0,2,https://www.vlr.gg/705815/fusion-x-vs-no-sweat-blossom-game-changers-2026-latam-north-stage-2-ubsf
705838,2026-07-01,KRÜ BLAZE,Polar Squad Esports GC,2,0,https://www.vlr.gg/705838/kr-blaze-vs-polar-squad-esports-gc-game-changers-2026-latam-south-stage-2-ubsf
707203,2026-07-01,RED Canids,Team Solid,0,2,https://www.vlr.gg/707203/red-canids-vs-team-solid-challengers-2026-brazil-gamers-club-stage-2-ur1
707204,2026-07-01,FURIA Academy,LA MASIA,2,1,https://www.vlr.gg/707204/furia-academy-vs-la-masia-challengers-2026-brazil-gamers-club-stage-2-ur1
707701,2026-07-01,Natus Vincere Junior,Enterprise Esports,1,2,https://www.vlr.gg/707701/natus-vincere-junior-vs-enterprise-esports-challengers-2026-emea-stage-3-ubsf
707702,2026-07-01,Misa Esports,REBORN,0,2,https://www.vlr.gg/707702/misa-esports-vs-reborn-challengers-2026-emea-stage-3-ubsf
707705,2026-07-01,FOKUS,Mandatory,2,0,https://www.vlr.gg/707705/fokus-vs-mandatory-challengers-2026-emea-stage-3-lr1
707706,2026-07-01,MIR,Joblife,1,2,https://www.vlr.gg/707706/mir-vs-joblife-challengers-2026-emea-stage-3-lr1
686212,2026-07-02,Gen.G Global Academy,Dplus Esports,0,2,https://www.vlr.gg/686212/gen-g-global-academy-vs-dplus-esports-challengers-2026-korea-wdg-split-2-w4
686213,2026-07-02,So:sweet,ONSIDE GAMING,0,2,https://www.vlr.gg/686213/so-sweet-vs-onside-gaming-challengers-2026-korea-wdg-split-2-w4
696458,2026-07-02,FENNEL GC,Soleil Gaming GC,2,0,https://www.vlr.gg/696458/fennel-gc-vs-soleil-gaming-gc-game-changers-2026-japan-split-2-ubsf
696459,2026-07-02,EOTO,Sasanqua,1,2,https://www.vlr.gg/696459/eoto-vs-sasanqua-game-changers-2026-japan-split-2-ubsf
696460,2026-07-02,FENNEL GC,Sasanqua,2,0,https://www.vlr.gg/696460/fennel-gc-vs-sasanqua-game-changers-2026-japan-split-2-ubf
706754,2026-07-02,Rex Regum Qeon,100 Thieves,0,2,https://www.vlr.gg/706754/rex-regum-qeon-vs-100-thieves-esports-world-cup-2026-opening-a
706755,2026-07-02,BBL Esports,EDward Gaming,2,1,https://www.vlr.gg/706755/bbl-esports-vs-edward-gaming-esports-world-cup-2026-opening-a
706759,2026-07-02,Team Vitality,Karmine Corp,2,0,https://www.vlr.gg/706759/team-vitality-vs-karmine-corp-esports-world-cup-2026-opening-b
706760,2026-07-02,NRG,Paper Rex,2,1,https://www.vlr.gg/706760/nrg-vs-paper-rex-esports-world-cup-2026-opening-b
707205,2026-07-02,MIBR Academy,Team Solid,0,2,https://www.vlr.gg/707205/mibr-academy-vs-team-solid-challengers-2026-brazil-gamers-club-stage-2-ubsf
707206,2026-07-02,2Game Esports,FURIA Academy,2,1,https://www.vlr.gg/707206/2game-esports-vs-furia-academy-challengers-2026-brazil-gamers-club-stage-2-ubsf
707228,2026-07-02,FUEGO,STREAMER ARENA,2,1,https://www.vlr.gg/707228/fuego-vs-streamer-arena-challengers-2026-latam-north-ace-stage-2-ubsf
707229,2026-07-02,LYON,Contra,1,2,https://www.vlr.gg/707229/lyon-vs-contra-challengers-2026-latam-north-ace-stage-2-ubsf
707703,2026-07-02,Enterprise Esports,REBORN,2,1,https://www.vlr.gg/707703/enterprise-esports-vs-reborn-challengers-2026-emea-stage-3-ubf
707707,2026-07-02,Misa Esports,FOKUS,0,2,https://www.vlr.gg/707707/misa-esports-vs-fokus-challengers-2026-emea-stage-3-lr2
707708,2026-07-02,Natus Vincere Junior,Joblife,1,2,https://www.vlr.gg/707708/natus-vincere-junior-vs-joblife-challengers-2026-emea-stage-3-lr2
707767,2026-07-02,M80,QoR,2,0,https://www.vlr.gg/707767/m80-vs-qor-challengers-2026-north-america-ace-stage-3-ubqf
707768,2026-07-02,Nightblood Gaming,YFT,2,1,https://www.vlr.gg/707768/nightblood-gaming-vs-yft-challengers-2026-north-america-ace-stage-3-ubqf
684631,2026-07-03,Jade Lions,Sharper Esports,0,2,https://www.vlr.gg/684631/jade-lions-vs-sharper-esports-challengers-2026-southeast-asia-split-2-ubf
684637,2026-07-03,Fancy United Esports,555,0,2,https://www.vlr.gg/684637/fancy-united-esports-vs-555-challengers-2026-southeast-asia-split-2-lr3
696462,2026-07-03,Soleil Gaming GC,EOTO,0,2,https://www.vlr.gg/696462/soleil-gaming-gc-vs-eoto-game-changers-2026-japan-split-2-lr1
696463,2026-07-03,Sasanqua,EOTO,2,0,https://www.vlr.gg/696463/sasanqua-vs-eoto-game-changers-2026-japan-split-2-lbf
706764,2026-07-03,Gentle Mates,Xi Lai Gaming,2,1,https://www.vlr.gg/706764/gentle-mates-vs-xi-lai-gaming-esports-world-cup-2026-opening-c
706765,2026-07-03,Nongshim RedForce,G2 Esports,2,1,https://www.vlr.gg/706765/nongshim-redforce-vs-g2-esports-esports-world-cup-2026-opening-c
706769,2026-07-03,MIBR,Global Esports,2,0,https://www.vlr.gg/706769/mibr-vs-global-esports-esports-world-cup-2026-opening-d
706770,2026-07-03,All Gamers,Team Heretics,1,2,https://www.vlr.gg/706770/all-gamers-vs-team-heretics-esports-world-cup-2026-opening-d
707210,2026-07-03,FURIA Academy,RED Canids,0,2,https://www.vlr.gg/707210/furia-academy-vs-red-canids-challengers-2026-brazil-gamers-club-stage-2-lr1
707211,2026-07-03,LA MASIA,MIBR Academy,2,0,https://www.vlr.gg/707211/la-masia-vs-mibr-academy-challengers-2026-brazil-gamers-club-stage-2-lr1
707221,2026-07-03,KRÜ SPARK,University War,2,0,https://www.vlr.gg/707221/kr-spark-vs-university-war-challengers-2026-latam-south-ace-stage-2-ubsf
707222,2026-07-03,BESTIA,9z Globant,2,0,https://www.vlr.gg/707222/bestia-vs-9z-globant-challengers-2026-latam-south-ace-stage-2-ubsf
707709,2026-07-03,FOKUS,Joblife,1,2,https://www.vlr.gg/707709/fokus-vs-joblife-challengers-2026-emea-stage-3-lr3
707769,2026-07-03,SaD Esports,NRG Academy,2,0,https://www.vlr.gg/707769/sad-esports-vs-nrg-academy-challengers-2026-north-america-ace-stage-3-ubqf
707770,2026-07-03,Shopify Rebellion Black,Evil Geniuses Academy,2,0,https://www.vlr.gg/707770/shopify-rebellion-black-vs-evil-geniuses-academy-challengers-2026-north-america-ace-stage-3-ubqf
684638,2026-07-04,Jade Lions,555,0,3,https://www.vlr.gg/684638/jade-lions-vs-555-challengers-2026-southeast-asia-split-2-lbf
696461,2026-07-04,FENNEL GC,Sasanqua,3,0,https://www.vlr.gg/696461/fennel-gc-vs-sasanqua-game-changers-2026-japan-split-2-gf
706756,2026-07-04,100 Thieves,BBL Esports,2,1,https://www.vlr.gg/706756/100-thieves-vs-bbl-esports-esports-world-cup-2026-winners-a
706757,2026-07-04,Rex Regum Qeon,EDward Gaming,0,2,https://www.vlr.gg/706757/rex-regum-qeon-vs-edward-gaming-esports-world-cup-2026-elim-a
706761,2026-07-04,Team Vitality,NRG,2,1,https://www.vlr.gg/706761/team-vitality-vs-nrg-esports-world-cup-2026-winners-b
706762,2026-07-04,Karmine Corp,Paper Rex,2,1,https://www.vlr.gg/706762/karmine-corp-vs-paper-rex-esports-world-cup-2026-elim-b
707230,2026-07-04,FUEGO,Contra,2,1,https://www.vlr.gg/707230/fuego-vs-contra-challengers-2026-latam-north-ace-stage-2-ubf
707232,2026-07-04,STREAMER ARENA,LYON,0,2,https://www.vlr.gg/707232/streamer-arena-vs-lyon-challengers-2026-latam-north-ace-stage-2-lr1
707710,2026-07-04,REBORN,Joblife,3,1,https://www.vlr.gg/707710/reborn-vs-joblife-challengers-2026-emea-stage-3-lbf
707775,2026-07-04,QoR,YFT,2,0,https://www.vlr.gg/707775/qor-vs-yft-challengers-2026-north-america-ace-stage-3-lr1
707776,2026-07-04,NRG Academy,Evil Geniuses Academy,2,1,https://www.vlr.gg/707776/nrg-academy-vs-evil-geniuses-academy-challengers-2026-north-america-ace-stage-3-lr1
675268,2026-07-05,RIDDLE ORDER,IGZIST,1,2,https://www.vlr.gg/675268/riddle-order-vs-igzist-challengers-2026-japan-season-finals-prelims
675269,2026-07-05,FENNEL,CREST GAMING Zst,2,1,https://www.vlr.gg/675269/fennel-vs-crest-gaming-zst-challengers-2026-japan-season-finals-prelims
684632,2026-07-05,Sharper Esports,555,3,2,https://www.vlr.gg/684632/sharper-esports-vs-555-challengers-2026-southeast-asia-split-2-gf
706766,2026-07-05,Gentle Mates,Nongshim RedForce,2,1,https://www.vlr.gg/706766/gentle-mates-vs-nongshim-redforce-esports-world-cup-2026-winners-c
706767,2026-07-05,Xi Lai Gaming,G2 Esports,0,2,https://www.vlr.gg/706767/xi-lai-gaming-vs-g2-esports-esports-world-cup-2026-elim-c
706771,2026-07-05,MIBR,Team Heretics,0,2,https://www.vlr.gg/706771/mibr-vs-team-heretics-esports-world-cup-2026-winners-d
706772,2026-07-05,Global Esports,All Gamers,0,2,https://www.vlr.gg/706772/global-esports-vs-all-gamers-esports-world-cup-2026-elim-d
707223,2026-07-05,KRÜ SPARK,BESTIA,0,2,https://www.vlr.gg/707223/kr-spark-vs-bestia-challengers-2026-latam-south-ace-stage-2-ubf
707225,2026-07-05,University War,9z Globant,1,2,https://www.vlr.gg/707225/university-war-vs-9z-globant-challengers-2026-latam-south-ace-stage-2-lr1
707704,2026-07-05,Enterprise Esports,REBORN,3,0,https://www.vlr.gg/707704/enterprise-esports-vs-reborn-challengers-2026-emea-stage-3-gf
707771,2026-07-05,M80,Nightblood Gaming,2,0,https://www.vlr.gg/707771/m80-vs-nightblood-gaming-challengers-2026-north-america-ace-stage-3-ubsf
707772,2026-07-05,SaD Esports,Shopify Rebellion Black,2,1,https://www.vlr.gg/707772/sad-esports-vs-shopify-rebellion-black-challengers-2026-north-america-ace-stage-3-ubsf
705818,2026-07-06,Stray Cats,FUSION X,1,2,https://www.vlr.gg/705818/stray-cats-vs-fusion-x-game-changers-2026-latam-north-stage-2-lr1
705841,2026-07-06,LEVIATÁN GC,Polar Squad Esports GC,1,2,https://www.vlr.gg/705841/leviat-n-gc-vs-polar-squad-esports-gc-game-changers-2026-latam-south-stage-2-lr1
706758,2026-07-06,BBL Esports,EDward Gaming,2,0,https://www.vlr.gg/706758/bbl-esports-vs-edward-gaming-esports-world-cup-2026-decider-a
706763,2026-07-06,NRG,Karmine Corp,2,1,https://www.vlr.gg/706763/nrg-vs-karmine-corp-esports-world-cup-2026-decider-b
709709,2026-07-06,Gen.G GC,DRX Academy GC,2,0,https://www.vlr.gg/709709/gen-g-gc-vs-drx-academy-gc-game-changers-2026-korea-split-2-ubsf
709710,2026-07-06,Ninetails,SUZ,2,0,https://www.vlr.gg/709710/ninetails-vs-suz-game-changers-2026-korea-split-2-ubsf
705816,2026-07-07,Akave Esports GC,No Sweat Blossom,2,0,https://www.vlr.gg/705816/akave-esports-gc-vs-no-sweat-blossom-game-changers-2026-latam-north-stage-2-ubf
705839,2026-07-07,Looking For Laburo,KRÜ BLAZE,0,2,https://www.vlr.gg/705839/looking-for-laburo-vs-kr-blaze-game-changers-2026-latam-south-stage-2-ubf
706768,2026-07-07,Nongshim RedForce,G2 Esports,2,1,https://www.vlr.gg/706768/nongshim-redforce-vs-g2-esports-esports-world-cup-2026-decider-c
706773,2026-07-07,MIBR,All Gamers,2,1,https://www.vlr.gg/706773/mibr-vs-all-gamers-esports-world-cup-2026-decider-d
707207,2026-07-07,Team Solid,2Game Esports,0,2,https://www.vlr.gg/707207/team-solid-vs-2game-esports-challengers-2026-brazil-gamers-club-stage-2-ubf
707212,2026-07-07,RED Canids,LA MASIA,1,2,https://www.vlr.gg/707212/red-canids-vs-la-masia-challengers-2026-brazil-gamers-club-stage-2-lr2
709711,2026-07-07,Gen.G GC,Ninetails,0,2,https://www.vlr.gg/709711/gen-g-gc-vs-ninetails-game-changers-2026-korea-split-2-ubf
709713,2026-07-07,DRX Academy GC,SUZ,2,0,https://www.vlr.gg/709713/drx-academy-gc-vs-suz-game-changers-2026-korea-split-2-lr1
711000,2026-07-07,555,No Salary Peek,2,1,https://www.vlr.gg/711000/555-vs-no-salary-peek-challengers-2026-pacific-last-chance-qualifier-ubsf
711001,2026-07-07,Fancy United Esports,Yi-Jing,2,1,https://www.vlr.gg/711001/fancy-united-esports-vs-yi-jing-challengers-2026-pacific-last-chance-qualifier-ubsf
705086,2026-07-08,Team Liquid Brazil,MIBR GC,2,3,https://www.vlr.gg/705086/team-liquid-brazil-vs-mibr-gc-game-changers-2026-brazil-stage-2-gf
705819,2026-07-08,No Sweat Blossom,FUSION X,0,2,https://www.vlr.gg/705819/no-sweat-blossom-vs-fusion-x-game-changers-2026-latam-north-stage-2-lbf
705842,2026-07-08,Looking For Laburo,Polar Squad Esports GC,2,0,https://www.vlr.gg/705842/looking-for-laburo-vs-polar-squad-esports-gc-game-changers-2026-latam-south-stage-2-lbf
709680,2026-07-08,ONSIDE GAMING,X-CAST,2,0,https://www.vlr.gg/709680/onside-gaming-vs-x-cast-challengers-2026-korea-wdg-split-2-ubsf
709681,2026-07-08,Dplus Esports,ARETE,0,2,https://www.vlr.gg/709681/dplus-esports-vs-arete-challengers-2026-korea-wdg-split-2-ubsf
711002,2026-07-08,555,Fancy United Esports,0,2,https://www.vlr.gg/711002/555-vs-fancy-united-esports-challengers-2026-pacific-last-chance-qualifier-ubf
711004,2026-07-08,No Salary Peek,Yi-Jing,0,2,https://www.vlr.gg/711004/no-salary-peek-vs-yi-jing-challengers-2026-pacific-last-chance-qualifier-lr1
701025,2026-07-09,Wolves Esports,Titan Esports Club,2,0,https://www.vlr.gg/701025/wolves-esports-vs-titan-esports-club-vct-2026-china-stage-2-w1
701026,2026-07-09,Dragon Ranger Gaming,Bilibili Gaming,2,0,https://www.vlr.gg/701026/dragon-ranger-gaming-vs-bilibili-gaming-vct-2026-china-stage-2-w1
707233,2026-07-09,Contra,LYON,3,2,https://www.vlr.gg/707233/contra-vs-lyon-challengers-2026-latam-north-ace-stage-2-lbf
707777,2026-07-09,Shopify Rebellion Black,QoR,2,1,https://www.vlr.gg/707777/shopify-rebellion-black-vs-qor-challengers-2026-north-america-ace-stage-3-lr2
707778,2026-07-09,Nightblood Gaming,NRG Academy,1,2,https://www.vlr.gg/707778/nightblood-gaming-vs-nrg-academy-challengers-2026-north-america-ace-stage-3-lr2
708422,2026-07-09,Team Heretics,BBL Esports,1,2,https://www.vlr.gg/708422/team-heretics-vs-bbl-esports-esports-world-cup-2026-qf
708423,2026-07-09,Gentle Mates,NRG,1,2,https://www.vlr.gg/708423/gentle-mates-vs-nrg-esports-world-cup-2026-qf
709682,2026-07-09,ONSIDE GAMING,ARETE,1,2,https://www.vlr.gg/709682/onside-gaming-vs-arete-challengers-2026-korea-wdg-split-2-ubf
709684,2026-07-09,X-CAST,Dplus Esports,0,2,https://www.vlr.gg/709684/x-cast-vs-dplus-esports-challengers-2026-korea-wdg-split-2-lr1
710281,2026-07-09,CGN Esports,MIR,2,0,https://www.vlr.gg/710281/cgn-esports-vs-mir-challengers-2026-emea-last-chance-qualifier-decider-b
711005,2026-07-09,555,Yi-Jing,3,1,https://www.vlr.gg/711005/555-vs-yi-jing-challengers-2026-pacific-last-chance-qualifier-lbf
701027,2026-07-10,FunPlus Phoenix,Trace Esports,2,0,https://www.vlr.gg/701027/funplus-phoenix-vs-trace-esports-vct-2026-china-stage-2-w1
701028,2026-07-10,JD Gaming,TYLOO,0,2,https://www.vlr.gg/701028/jdg-esports-vs-tyloo-vct-2026-china-stage-2-w1
707213,2026-07-10,Team Solid,LA MASIA,1,3,https://www.vlr.gg/707213/team-solid-vs-la-masia-challengers-2026-brazil-gamers-club-stage-2-lbf
707226,2026-07-10,KRÜ SPARK,9z Globant,3,0,https://www.vlr.gg/707226/kr-spark-vs-9z-globant-challengers-2026-latam-south-ace-stage-2-lbf
707773,2026-07-10,M80,SaD Esports,2,0,https://www.vlr.gg/707773/m80-vs-sad-esports-challengers-2026-north-america-ace-stage-3-ubf
707779,2026-07-10,Shopify Rebellion Black,NRG Academy,2,1,https://www.vlr.gg/707779/shopify-rebellion-black-vs-nrg-academy-challengers-2026-north-america-ace-stage-3-lr3
708420,2026-07-10,100 Thieves,MIBR,2,1,https://www.vlr.gg/708420/100-thieves-vs-mibr-esports-world-cup-2026-qf
708421,2026-07-10,Team Vitality,Nongshim RedForce,1,2,https://www.vlr.gg/708421/team-vitality-vs-nongshim-redforce-esports-world-cup-2026-qf
711003,2026-07-10,Fancy United Esports,555,0,3,https://www.vlr.gg/711003/fancy-united-esports-vs-555-challengers-2026-pacific-last-chance-qualifier-gf
712768,2026-07-10,Pixel Lumina,CGN Esports,0,2,https://www.vlr.gg/712768/pixel-lumina-vs-cgn-esports-challengers-2026-emea-last-chance-qualifier-qf
712770,2026-07-10,Eintracht Frankfurt,FOKUS,2,0,https://www.vlr.gg/712770/eintracht-frankfurt-vs-fokus-challengers-2026-emea-last-chance-qualifier-qf
712771,2026-07-10,Barça eSports,Mandatory,1,2,https://www.vlr.gg/712771/bar-a-esports-vs-mandatory-challengers-2026-emea-last-chance-qualifier-qf
701029,2026-07-11,Dragon Ranger Gaming,Titan Esports Club,2,1,https://www.vlr.gg/701029/dragon-ranger-gaming-vs-titan-esports-club-vct-2026-china-stage-2-w1
701030,2026-07-11,Bilibili Gaming,Wolves Esports,2,1,https://www.vlr.gg/701030/bilibili-gaming-vs-wolves-esports-vct-2026-china-stage-2-w1
701329,2026-07-11,wiwiwi,sisu,2,3,https://www.vlr.gg/701329/wiwiwi-vs-sisu-game-changers-2026-southeast-asia-split-2-lbf
701345,2026-07-11,Kiss,JFT GC,1,3,https://www.vlr.gg/701345/kiss-vs-jft-gc-game-changers-2026-oceania-split-2-lbf
707231,2026-07-11,FUEGO,Contra,2,3,https://www.vlr.gg/707231/fuego-vs-contra-challengers-2026-latam-north-ace-stage-2-gf
707780,2026-07-11,SaD Esports,Shopify Rebellion Black,0,3,https://www.vlr.gg/707780/sad-esports-vs-shopify-rebellion-black-challengers-2026-north-america-ace-stage-3-lbf
708424,2026-07-11,100 Thieves,Nongshim RedForce,2,1,https://www.vlr.gg/708424/100-thieves-vs-nongshim-redforce-esports-world-cup-2026-sf
708425,2026-07-11,BBL Esports,NRG,1,2,https://www.vlr.gg/708425/bbl-esports-vs-nrg-esports-world-cup-2026-sf
712772,2026-07-11,CGN Esports,Çilekler,1,2,https://www.vlr.gg/712772/cgn-esports-vs-ilekler-challengers-2026-emea-last-chance-qualifier-sf
712773,2026-07-11,Eintracht Frankfurt,Mandatory,2,0,https://www.vlr.gg/712773/eintracht-frankfurt-vs-mandatory-challengers-2026-emea-last-chance-qualifier-sf
701031,2026-07-12,Nova Esports,FunPlus Phoenix,2,0,https://www.vlr.gg/701031/nova-esports-vs-funplus-phoenix-vct-2026-china-stage-2-w1
701032,2026-07-12,TYLOO,Trace Esports,2,0,https://www.vlr.gg/701032/tyloo-vs-trace-esports-vct-2026-china-stage-2-w1
701323,2026-07-12,Team Falcons Vega,sisu,3,2,https://www.vlr.gg/701323/team-falcons-vega-vs-sisu-game-changers-2026-southeast-asia-split-2-gf
701339,2026-07-12,swaglord9000,JFT GC,3,1,https://www.vlr.gg/701339/swaglord9000-vs-jft-gc-game-changers-2026-oceania-split-2-gf
707209,2026-07-12,2Game Esports,LA MASIA,2,3,https://www.vlr.gg/707209/2game-esports-vs-la-masia-challengers-2026-brazil-gamers-club-stage-2-gf
707224,2026-07-12,BESTIA,KRÜ SPARK,3,2,https://www.vlr.gg/707224/bestia-vs-kr-spark-challengers-2026-latam-south-ace-stage-2-gf
707774,2026-07-12,M80,Shopify Rebellion Black,3,1,https://www.vlr.gg/707774/m80-vs-shopify-rebellion-black-challengers-2026-north-america-ace-stage-3-gf
708426,2026-07-12,100 Thieves,NRG,3,1,https://www.vlr.gg/708426/100-thieves-vs-nrg-esports-world-cup-2026-gf
708427,2026-07-12,Nongshim RedForce,BBL Esports,2,0,https://www.vlr.gg/708427/nongshim-redforce-vs-bbl-esports-esports-world-cup-2026-cf
712774,2026-07-12,Çilekler,Eintracht Frankfurt,0,3,https://www.vlr.gg/712774/ilekler-vs-eintracht-frankfurt-challengers-2026-emea-last-chance-qualifier-gf
705840,2026-07-13,KRÜ BLAZE,Looking For Laburo,3,0,https://www.vlr.gg/705840/kr-blaze-vs-looking-for-laburo-game-changers-2026-latam-south-stage-2-gf
709685,2026-07-13,ONSIDE GAMING,Dplus Esports,3,1,https://www.vlr.gg/709685/onside-gaming-vs-dplus-esports-challengers-2026-korea-wdg-split-2-lbf
712750,2026-07-13,Cloud9 GC,ROSO GC,2,0,https://www.vlr.gg/712750/cloud9-gc-vs-roso-gc-game-changers-2026-north-america-stage-2-swiss-stage-r1
712754,2026-07-13,:3,SaD GC,1,2,https://www.vlr.gg/712754/3-vs-sad-gc-game-changers-2026-north-america-stage-2-swiss-stage-r1
701036,2026-07-14,Wolves Esports,All Gamers,0,2,https://www.vlr.gg/701036/wolves-esports-vs-all-gamers-vct-2026-china-stage-2-w2
701037,2026-07-14,Xi Lai Gaming,Titan Esports Club,1,2,https://www.vlr.gg/701037/xi-lai-gaming-vs-titan-esports-club-vct-2026-china-stage-2-w2
705817,2026-07-14,Akave Esports GC,FUSION X,3,0,https://www.vlr.gg/705817/akave-esports-gc-vs-fusion-x-game-changers-2026-latam-north-stage-2-gf
707486,2026-07-14,ABACATUDOS,Team Liquid Brazil,2,1,https://www.vlr.gg/707486/abacatudos-vs-team-liquid-brazil-challengers-2026-brazil-gamers-club-stage-2-opening
707487,2026-07-14,TEAM EGO,PEEK,2,1,https://www.vlr.gg/707487/team-ego-vs-peek-challengers-2026-brazil-gamers-club-stage-2-opening
709714,2026-07-14,Gen.G GC,DRX Academy GC,3,0,https://www.vlr.gg/709714/gen-g-gc-vs-drx-academy-gc-game-changers-2026-korea-split-2-lbf
710991,2026-07-14,Rising Esports GC,Team Luna,2,0,https://www.vlr.gg/710991/rising-esports-gc-vs-team-luna-game-changers-2026-south-asia-split-2-ubf
710998,2026-07-14,Team Luna,GOC Aurora,2,0,https://www.vlr.gg/710998/team-luna-vs-goc-aurora-game-changers-2026-south-asia-split-2-lbf
701038,2026-07-15,JD Gaming,FunPlus Phoenix,0,2,https://www.vlr.gg/701038/jdg-esports-vs-funplus-phoenix-vct-2026-china-stage-2-w2
701039,2026-07-15,EDward Gaming,TYLOO,1,2,https://www.vlr.gg/701039/edward-gaming-vs-tyloo-vct-2026-china-stage-2-w2
707488,2026-07-15,ABACATUDOS,TEAM EGO,0,2,https://www.vlr.gg/707488/abacatudos-vs-team-ego-challengers-2026-brazil-gamers-club-stage-2-winners
707489,2026-07-15,Team Liquid Brazil,PEEK,0,2,https://www.vlr.gg/707489/team-liquid-brazil-vs-peek-challengers-2026-brazil-gamers-club-stage-2-elim
709683,2026-07-15,ARETE,ONSIDE GAMING,0,3,https://www.vlr.gg/709683/arete-vs-onside-gaming-challengers-2026-korea-wdg-split-2-gf
710992,2026-07-15,Rising Esports GC,Team Luna,3,1,https://www.vlr.gg/710992/rising-esports-gc-vs-team-luna-game-changers-2026-south-asia-split-2-gf
712803,2026-07-15,FUT Esports,Natus Vincere,0,2,https://www.vlr.gg/712803/fut-esports-vs-natus-vincere-vct-2026-emea-stage-2-w1
712804,2026-07-15,Team Liquid,Eternal Fire,0,2,https://www.vlr.gg/712804/team-liquid-vs-eternal-fire-vct-2026-emea-stage-2-w1
698884,2026-07-16,Gen.G,ZETA DIVISION,2,0,https://www.vlr.gg/698884/gen-g-vs-zeta-division-vct-2026-pacific-stage-2-w1
698885,2026-07-16,Team Secret,VARREL,1,2,https://www.vlr.gg/698885/team-secret-vs-varrel-vct-2026-pacific-stage-2-w1
701040,2026-07-16,All Gamers,Bilibili Gaming,1,2,https://www.vlr.gg/701040/all-gamers-vs-bilibili-gaming-vct-2026-china-stage-2-w2
701041,2026-07-16,Xi Lai Gaming,Dragon Ranger Gaming,2,0,https://www.vlr.gg/701041/xi-lai-gaming-vs-dragon-ranger-gaming-vct-2026-china-stage-2-w2
706349,2026-07-16,LEVIATÁN,FURIA,2,1,https://www.vlr.gg/706349/leviat-n-vs-furia-vct-2026-americas-stage-2-w1
706350,2026-07-16,Sentinels,Cloud9,2,1,https://www.vlr.gg/706350/sentinels-vs-cloud9-vct-2026-americas-stage-2-w1
707490,2026-07-16,ABACATUDOS,PEEK,3,0,https://www.vlr.gg/707490/abacatudos-vs-peek-challengers-2026-brazil-gamers-club-stage-2-decider
712805,2026-07-16,FNATIC,GIANTX,2,0,https://www.vlr.gg/712805/fnatic-vs-giantx-vct-2026-emea-stage-2-w1
712806,2026-07-16,PCIFIC Esports,Gentle Mates,1,2,https://www.vlr.gg/712806/pcific-esports-vs-gentle-mates-vct-2026-emea-stage-2-w1
698886,2026-07-17,FULL SENSE,Nongshim RedForce,2,1,https://www.vlr.gg/698886/full-sense-vs-nongshim-redforce-vct-2026-pacific-stage-2-w1
698887,2026-07-17,KIWOOM DRX,DetonatioN FocusMe,2,1,https://www.vlr.gg/698887/kiwoom-drx-vs-detonation-focusme-vct-2026-pacific-stage-2-w1
701042,2026-07-17,Nova Esports,JD Gaming,2,1,https://www.vlr.gg/701042/nova-esports-vs-jdg-esports-vct-2026-china-stage-2-w2
701043,2026-07-17,TYLOO,FunPlus Phoenix,2,1,https://www.vlr.gg/701043/tyloo-vs-funplus-phoenix-vct-2026-china-stage-2-w2
701044,2026-07-17,Trace Esports,EDward Gaming,0,2,https://www.vlr.gg/701044/trace-esports-vs-edward-gaming-vct-2026-china-stage-2-w2
706351,2026-07-17,ENVY,Evil Geniuses,0,2,https://www.vlr.gg/706351/envy-vs-evil-geniuses-vct-2026-americas-stage-2-w1
706352,2026-07-17,KRÜ Esports,LOUD,1,2,https://www.vlr.gg/706352/kr-esports-vs-loud-vct-2026-americas-stage-2-w1
712807,2026-07-17,Karmine Corp,Eternal Fire,2,0,https://www.vlr.gg/712807/karmine-corp-vs-eternal-fire-vct-2026-emea-stage-2-w1
712808,2026-07-17,Team Vitality,Natus Vincere,2,1,https://www.vlr.gg/712808/team-vitality-vs-natus-vincere-vct-2026-emea-stage-2-w1
698888,2026-07-18,Rex Regum Qeon,Global Esports,0,2,https://www.vlr.gg/698888/rex-regum-qeon-vs-global-esports-vct-2026-pacific-stage-2-w1
698889,2026-07-18,Paper Rex,T1,1,2,https://www.vlr.gg/698889/paper-rex-vs-t1-vct-2026-pacific-stage-2-w1
701045,2026-07-18,Titan Esports Club,Bilibili Gaming,1,2,https://www.vlr.gg/701045/titan-esports-club-vs-bilibili-gaming-vct-2026-china-stage-2-w2
701046,2026-07-18,All Gamers,Xi Lai Gaming,0,2,https://www.vlr.gg/701046/all-gamers-vs-xi-lai-gaming-vct-2026-china-stage-2-w2
706353,2026-07-18,G2 Esports,100 Thieves,1,2,https://www.vlr.gg/706353/g2-esports-vs-100-thieves-vct-2026-americas-stage-2-w1
706354,2026-07-18,NRG,MIBR,2,1,https://www.vlr.gg/706354/nrg-vs-mibr-vct-2026-americas-stage-2-w1
712809,2026-07-18,Gentle Mates,FUT Esports,0,2,https://www.vlr.gg/712809/gentle-mates-vs-fut-esports-vct-2026-emea-stage-2-w1
712810,2026-07-18,Team Heretics,Team Liquid,0,2,https://www.vlr.gg/712810/team-heretics-vs-team-liquid-vct-2026-emea-stage-2-w1
698890,2026-07-19,Nongshim RedForce,Gen.G,1,2,https://www.vlr.gg/698890/nongshim-redforce-vs-gen-g-vct-2026-pacific-stage-2-w1
698891,2026-07-19,KIWOOM DRX,Team Secret,0,2,https://www.vlr.gg/698891/kiwoom-drx-vs-team-secret-vct-2026-pacific-stage-2-w1
701047,2026-07-19,Trace Esports,Nova Esports,1,2,https://www.vlr.gg/701047/trace-esports-vs-nova-esports-vct-2026-china-stage-2-w2
701048,2026-07-19,Dragon Ranger Gaming,Wolves Esports,1,2,https://www.vlr.gg/701048/dragon-ranger-gaming-vs-wolves-esports-vct-2026-china-stage-2-w2
701049,2026-07-19,EDward Gaming,JD Gaming,2,0,https://www.vlr.gg/701049/edward-gaming-vs-jdg-esports-vct-2026-china-stage-2-w2
712811,2026-07-19,GIANTX,Karmine Corp,0,2,https://www.vlr.gg/712811/giantx-vs-karmine-corp-vct-2026-emea-stage-2-w1
712812,2026-07-19,Team Vitality,BBL Esports,0,2,https://www.vlr.gg/712812/team-vitality-vs-bbl-esports-vct-2026-emea-stage-2-w1
701050,2026-07-20,Titan Esports Club,All Gamers,0,2,https://www.vlr.gg/701050/titan-esports-club-vs-all-gamers-vct-2026-china-stage-2-w3
701051,2026-07-20,Bilibili Gaming,Xi Lai Gaming,2,1,https://www.vlr.gg/701051/bilibili-gaming-vs-xi-lai-gaming-vct-2026-china-stage-2-w3
709712,2026-07-20,Ninetails,Gen.G GC,0,3,https://www.vlr.gg/709712/ninetails-vs-gen-g-gc-game-changers-2026-korea-split-2-gf
715215,2026-07-20,Shopify Rebellion Gold,SEN Otters,2,0,https://www.vlr.gg/715215/shopify-rebellion-gold-vs-sen-otters-game-changers-2026-north-america-stage-2-swiss-stage-r2-1
715219,2026-07-20,Axolotl,MVSK Secret,2,0,https://www.vlr.gg/715219/axolotl-vs-mvsk-secret-game-changers-2026-north-america-stage-2-swiss-stage-r2-1-0
715874,2026-07-20,Gentle Mates GC,G2 Gozen,2,0,https://www.vlr.gg/715874/gentle-mates-gc-vs-g2-gozen-game-changers-2026-emea-stage-3-w1
715875,2026-07-20,SK Nebula,GIANTX GC,2,0,https://www.vlr.gg/715875/sk-nebula-vs-giantx-gc-game-changers-2026-emea-stage-3-w1
715876,2026-07-20,Twisted Minds Orchid,Karmine Corp GC,1,2,https://www.vlr.gg/715876/twisted-minds-orchid-vs-karmine-corp-gc-game-changers-2026-emea-stage-3-w1
701052,2026-07-21,JD Gaming,Trace Esports,2,0,https://www.vlr.gg/701052/jdg-esports-vs-trace-esports-vct-2026-china-stage-2-w3
701053,2026-07-21,EDward Gaming,Nova Esports,0,2,https://www.vlr.gg/701053/edward-gaming-vs-nova-esports-vct-2026-china-stage-2-w3
715877,2026-07-21,GIANTX GC,Barça eSports GC,1,2,https://www.vlr.gg/715877/giantx-gc-vs-bar-a-esports-gc-game-changers-2026-emea-stage-3-w1
715878,2026-07-21,G2 Gozen,Habos Babos,2,0,https://www.vlr.gg/715878/g2-gozen-vs-habos-babos-game-changers-2026-emea-stage-3-w1
715879,2026-07-21,Twisted Minds Orchid,FOKUS Sakura,2,0,https://www.vlr.gg/715879/twisted-minds-orchid-vs-fokus-sakura-game-changers-2026-emea-stage-3-w1
715880,2026-07-21,SK Nebula,Gentle Mates GC,0,2,https://www.vlr.gg/715880/sk-nebula-vs-gentle-mates-gc-game-changers-2026-emea-stage-3-w1
701054,2026-07-22,Xi Lai Gaming,Wolves Esports,2,1,https://www.vlr.gg/701054/xi-lai-gaming-vs-wolves-esports-vct-2026-china-stage-2-w3
701055,2026-07-22,All Gamers,Dragon Ranger Gaming,2,1,https://www.vlr.gg/701055/all-gamers-vs-dragon-ranger-gaming-vct-2026-china-stage-2-w3
712814,2026-07-22,FUT Esports,PCIFIC Esports,2,1,https://www.vlr.gg/712814/fut-esports-vs-pcific-esports-vct-2026-emea-stage-2-w2
712815,2026-07-22,FNATIC,Karmine Corp,2,1,https://www.vlr.gg/712815/fnatic-vs-karmine-corp-vct-2026-emea-stage-2-w2
715881,2026-07-22,SK Nebula,Barça eSports GC,2,0,https://www.vlr.gg/715881/sk-nebula-vs-bar-a-esports-gc-game-changers-2026-emea-stage-3-w1
715882,2026-07-22,GIANTX GC,FOKUS Sakura,2,1,https://www.vlr.gg/715882/giantx-gc-vs-fokus-sakura-game-changers-2026-emea-stage-3-w1
715883,2026-07-22,Karmine Corp GC,Habos Babos,0,2,https://www.vlr.gg/715883/karmine-corp-gc-vs-habos-babos-game-changers-2026-emea-stage-3-w1
715884,2026-07-22,Twisted Minds Orchid,ALTERNATE aTTaX Ruby,2,0,https://www.vlr.gg/715884/twisted-minds-orchid-vs-alternate-attax-ruby-game-changers-2026-emea-stage-3-w1
698892,2026-07-23,Global Esports,FULL SENSE,2,0,https://www.vlr.gg/698892/global-esports-vs-full-sense-vct-2026-pacific-stage-2-w2
698893,2026-07-23,T1,VARREL,0,2,https://www.vlr.gg/698893/t1-vs-varrel-vct-2026-pacific-stage-2-w2
701056,2026-07-23,TYLOO,Nova Esports,0,2,https://www.vlr.gg/701056/tyloo-vs-nova-esports-vct-2026-china-stage-2-w3
701057,2026-07-23,FunPlus Phoenix,EDward Gaming,1,2,https://www.vlr.gg/701057/funplus-phoenix-vs-edward-gaming-vct-2026-china-stage-2-w3
706355,2026-07-23,Evil Geniuses,LEVIATÁN,0,2,https://www.vlr.gg/706355/evil-geniuses-vs-leviat-n-vct-2026-americas-stage-2-w2
706356,2026-07-23,ENVY,MIBR,0,2,https://www.vlr.gg/706356/envy-vs-mibr-vct-2026-americas-stage-2-w2
712816,2026-07-23,Eternal Fire,Team Heretics,0,2,https://www.vlr.gg/712816/eternal-fire-vs-team-heretics-vct-2026-emea-stage-2-w2
712817,2026-07-23,Gentle Mates,Natus Vincere,2,0,https://www.vlr.gg/712817/gentle-mates-vs-natus-vincere-vct-2026-emea-stage-2-w2
715885,2026-07-23,Gentle Mates GC,Habos Babos,2,0,https://www.vlr.gg/715885/gentle-mates-gc-vs-habos-babos-game-changers-2026-emea-stage-3-w1
715886,2026-07-23,Barça eSports GC,FOKUS Sakura,1,2,https://www.vlr.gg/715886/bar-a-esports-gc-vs-fokus-sakura-game-changers-2026-emea-stage-3-w1
715887,2026-07-23,Karmine Corp GC,ALTERNATE aTTaX Ruby,1,2,https://www.vlr.gg/715887/karmine-corp-gc-vs-alternate-attax-ruby-game-changers-2026-emea-stage-3-w1
715888,2026-07-23,GIANTX GC,Twisted Minds Orchid,1,2,https://www.vlr.gg/715888/giantx-gc-vs-twisted-minds-orchid-game-changers-2026-emea-stage-3-w1
675270,2026-07-24,REJECT,IGZIST,2,0,https://www.vlr.gg/675270/reject-vs-igzist-challengers-2026-japan-season-finals-sf
698894,2026-07-24,Rex Regum Qeon,ZETA DIVISION,0,2,https://www.vlr.gg/698894/rex-regum-qeon-vs-zeta-division-vct-2026-pacific-stage-2-w2
698895,2026-07-24,DetonatioN FocusMe,Paper Rex,0,2,https://www.vlr.gg/698895/detonation-focusme-vs-paper-rex-vct-2026-pacific-stage-2-w2
701058,2026-07-24,Trace Esports,Titan Esports Club,2,0,https://www.vlr.gg/701058/trace-esports-vs-titan-esports-club-vct-2026-china-stage-2-seeding
701059,2026-07-24,EDward Gaming,All Gamers,2,0,https://www.vlr.gg/701059/edward-gaming-vs-all-gamers-vct-2026-china-stage-2-seeding
706357,2026-07-24,FURIA,NRG,0,2,https://www.vlr.gg/706357/furia-vs-nrg-vct-2026-americas-stage-2-w2
706358,2026-07-24,100 Thieves,KRÜ Esports,2,0,https://www.vlr.gg/706358/100-thieves-vs-kr-esports-vct-2026-americas-stage-2-w2
712818,2026-07-24,FUT Esports,BBL Esports,2,1,https://www.vlr.gg/712818/fut-esports-vs-bbl-esports-vct-2026-emea-stage-2-w2
712819,2026-07-24,Team Liquid,FNATIC,2,0,https://www.vlr.gg/712819/team-liquid-vs-fnatic-vct-2026-emea-stage-2-w2
675271,2026-07-25,QT DIG∞,FENNEL,2,0,https://www.vlr.gg/675271/qt-dig-vs-fennel-challengers-2026-japan-season-finals-sf
698897,2026-07-25,Nongshim RedForce,Global Esports,2,1,https://www.vlr.gg/698897/nongshim-redforce-vs-global-esports-vct-2026-pacific-stage-2-w2
698898,2026-07-25,Team Secret,T1,0,2,https://www.vlr.gg/698898/team-secret-vs-t1-vct-2026-pacific-stage-2-w2
701060,2026-07-25,JD Gaming,Dragon Ranger Gaming,1,2,https://www.vlr.gg/701060/jdg-esports-vs-dragon-ranger-gaming-vct-2026-china-stage-2-seeding
701061,2026-07-25,TYLOO,Xi Lai Gaming,0,2,https://www.vlr.gg/701061/tyloo-vs-xi-lai-gaming-vct-2026-china-stage-2-seeding
706359,2026-07-25,G2 Esports,Cloud9,2,0,https://www.vlr.gg/706359/g2-esports-vs-cloud9-vct-2026-americas-stage-2-w2
706360,2026-07-25,Sentinels,LOUD,2,0,https://www.vlr.gg/706360/sentinels-vs-loud-vct-2026-americas-stage-2-w2
712820,2026-07-25,PCIFIC Esports,Team Vitality,0,2,https://www.vlr.gg/712820/pcific-esports-vs-team-vitality-vct-2026-emea-stage-2-w2
712821,2026-07-25,Eternal Fire,GIANTX,0,2,https://www.vlr.gg/712821/eternal-fire-vs-giantx-vct-2026-emea-stage-2-w2
675272,2026-07-26,REJECT,QT DIG∞,2,3,https://www.vlr.gg/675272/reject-vs-qt-dig-challengers-2026-japan-season-finals-gf
698899,2026-07-26,Paper Rex,KIWOOM DRX,2,0,https://www.vlr.gg/698899/paper-rex-vs-kiwoom-drx-vct-2026-pacific-stage-2-w2
698901,2026-07-26,Gen.G,Rex Regum Qeon,2,1,https://www.vlr.gg/698901/gen-g-vs-rex-regum-qeon-vct-2026-pacific-stage-2-w2
701062,2026-07-26,FunPlus Phoenix,Wolves Esports,2,0,https://www.vlr.gg/701062/funplus-phoenix-vs-wolves-esports-vct-2026-china-stage-2-seeding
701063,2026-07-26,Nova Esports,Bilibili Gaming,2,0,https://www.vlr.gg/701063/nova-esports-vs-bilibili-gaming-vct-2026-china-stage-2-seeding
706361,2026-07-26,ENVY,LEVIATÁN,0,2,https://www.vlr.gg/706361/envy-vs-leviat-n-vct-2026-americas-stage-2-w2
706362,2026-07-26,FURIA,MIBR,0,2,https://www.vlr.gg/706362/furia-vs-mibr-vct-2026-americas-stage-2-w2
712822,2026-07-26,BBL Esports,Natus Vincere,2,1,https://www.vlr.gg/712822/bbl-esports-vs-natus-vincere-vct-2026-emea-stage-2-w2
712823,2026-07-26,Team Heretics,Karmine Corp,0,2,https://www.vlr.gg/712823/team-heretics-vs-karmine-corp-vct-2026-emea-stage-2-w2
715113,2026-07-27,Contra,BESTIA,1,3,https://www.vlr.gg/715113/contra-vs-bestia-vcl-26-latin-america-finals-main-event
716578,2026-07-27,Gentle Mates GC,GIANTX GC,2,0,https://www.vlr.gg/716578/gentle-mates-gc-vs-giantx-gc-game-changers-2026-emea-stage-3-w2
716579,2026-07-27,Barça eSports GC,Habos Babos,0,2,https://www.vlr.gg/716579/bar-a-esports-gc-vs-habos-babos-game-changers-2026-emea-stage-3-w2
716580,2026-07-27,G2 Gozen,Karmine Corp GC,2,0,https://www.vlr.gg/716580/g2-gozen-vs-karmine-corp-gc-game-changers-2026-emea-stage-3-w2
720388,2026-07-27,Shopify Rebellion Gold,SwimTrek Blue,0,2,https://www.vlr.gg/720388/shopify-rebellion-gold-vs-swimtrek-blue-game-changers-2026-north-america-stage-2-swiss-stage-r3
720392,2026-07-27,:3,Revitalize GC,2,0,https://www.vlr.gg/720392/3-vs-revitalize-gc-game-changers-2026-north-america-stage-2-swiss-stage-r3-0-2
715114,2026-07-28,2Game Esports,Shopify Rebellion Black,1,2,https://www.vlr.gg/715114/2game-esports-vs-shopify-rebellion-black-vcl-26-americas-last-chance-qualifier-main-event-rr
715115,2026-07-28,Contra,Shopify Rebellion Black,0,2,https://www.vlr.gg/715115/contra-vs-shopify-rebellion-black-vcl-26-americas-last-chance-qualifier-main-event-rr
715116,2026-07-28,2Game Esports,Contra,2,0,https://www.vlr.gg/715116/2game-esports-vs-contra-vcl-26-americas-last-chance-qualifier-main-event-rr
716581,2026-07-28,G2 Gozen,FOKUS Sakura,0,2,https://www.vlr.gg/716581/g2-gozen-vs-fokus-sakura-game-changers-2026-emea-stage-3-w2
716582,2026-07-28,Barça eSports GC,Karmine Corp GC,1,2,https://www.vlr.gg/716582/bar-a-esports-gc-vs-karmine-corp-gc-game-changers-2026-emea-stage-3-w2
716583,2026-07-28,Twisted Minds Orchid,Habos Babos,1,2,https://www.vlr.gg/716583/twisted-minds-orchid-vs-habos-babos-game-changers-2026-emea-stage-3-w2
716584,2026-07-28,SK Nebula,ALTERNATE aTTaX Ruby,2,0,https://www.vlr.gg/716584/sk-nebula-vs-alternate-attax-ruby-game-changers-2026-emea-stage-3-w2
712824,2026-07-29,GIANTX,Team Liquid,0,2,https://www.vlr.gg/712824/giantx-vs-team-liquid-vct-2026-emea-stage-2-w3
712825,2026-07-29,Gentle Mates,Team Vitality,1,2,https://www.vlr.gg/712825/gentle-mates-vs-team-vitality-vct-2026-emea-stage-2-w3
716585,2026-07-29,SK Nebula,G2 Gozen,0,2,https://www.vlr.gg/716585/sk-nebula-vs-g2-gozen-game-changers-2026-emea-stage-3-w2
716586,2026-07-29,Gentle Mates GC,FOKUS Sakura,1,2,https://www.vlr.gg/716586/gentle-mates-gc-vs-fokus-sakura-game-changers-2026-emea-stage-3-w2
716587,2026-07-29,Barça eSports GC,ALTERNATE aTTaX Ruby,2,0,https://www.vlr.gg/716587/bar-a-esports-gc-vs-alternate-attax-ruby-game-changers-2026-emea-stage-3-w2
716588,2026-07-29,GIANTX GC,Habos Babos,0,2,https://www.vlr.gg/716588/giantx-gc-vs-habos-babos-game-changers-2026-emea-stage-3-w2
698902,2026-07-30,VARREL,DetonatioN FocusMe,1,2,https://www.vlr.gg/698902/varrel-vs-detonation-focusme-vct-2026-pacific-stage-2-w3
698903,2026-07-30,FULL SENSE,ZETA DIVISION,1,2,https://www.vlr.gg/698903/full-sense-vs-zeta-division-vct-2026-pacific-stage-2-w3
706364,2026-07-30,KRÜ Esports,G2 Esports,0,2,https://www.vlr.gg/706364/kr-esports-vs-g2-esports-vct-2026-americas-stage-2-w3
706365,2026-07-30,100 Thieves,Sentinels,2,1,https://www.vlr.gg/706365/100-thieves-vs-sentinels-vct-2026-americas-stage-2-w3
712826,2026-07-30,Natus Vincere,PCIFIC Esports,2,0,https://www.vlr.gg/712826/natus-vincere-vs-pcific-esports-vct-2026-emea-stage-2-w3
712827,2026-07-30,Eternal Fire,FNATIC,2,0,https://www.vlr.gg/712827/eternal-fire-vs-fnatic-vct-2026-emea-stage-2-w3
715117,2026-07-30,Shopify Rebellion Black,2Game Esports,2,3,https://www.vlr.gg/715117/shopify-rebellion-black-vs-2game-esports-vcl-26-americas-last-chance-qualifier-main-event-gf
716589,2026-07-30,SK Nebula,Habos Babos,2,0,https://www.vlr.gg/716589/sk-nebula-vs-habos-babos-game-changers-2026-emea-stage-3-w2
716590,2026-07-30,Gentle Mates GC,Barça eSports GC,2,0,https://www.vlr.gg/716590/gentle-mates-gc-vs-bar-a-esports-gc-game-changers-2026-emea-stage-3-w2
716591,2026-07-30,GIANTX GC,ALTERNATE aTTaX Ruby,2,1,https://www.vlr.gg/716591/giantx-gc-vs-alternate-attax-ruby-game-changers-2026-emea-stage-3-w2
716592,2026-07-30,G2 Gozen,Twisted Minds Orchid,2,1,https://www.vlr.gg/716592/g2-gozen-vs-twisted-minds-orchid-game-changers-2026-emea-stage-3-w2
698904,2026-07-31,Team Secret,Paper Rex,0,2,https://www.vlr.gg/698904/team-secret-vs-paper-rex-vct-2026-pacific-stage-2-w3
698905,2026-07-31,Global Esports,Gen.G,1,2,https://www.vlr.gg/698905/global-esports-vs-gen-g-vct-2026-pacific-stage-2-w3
706366,2026-07-31,Cloud9,LOUD,1,2,https://www.vlr.gg/706366/cloud9-vs-loud-vct-2026-americas-stage-2-w3
706367,2026-07-31,Evil Geniuses,MIBR,0,2,https://www.vlr.gg/706367/evil-geniuses-vs-mibr-vct-2026-americas-stage-2-w3
712828,2026-07-31,BBL Esports,Gentle Mates,2,1,https://www.vlr.gg/712828/bbl-esports-vs-gentle-mates-vct-2026-emea-stage-2-w3
712829,2026-07-31,GIANTX,Team Heretics,0,2,https://www.vlr.gg/712829/giantx-vs-team-heretics-vct-2026-emea-stage-2-w3
698906,2026-08-01,T1,DetonatioN FocusMe,1,2,https://www.vlr.gg/698906/t1-vs-detonation-focusme-vct-2026-pacific-stage-2-w3
698907,2026-08-01,FULL SENSE,Rex Regum Qeon,1,2,https://www.vlr.gg/698907/full-sense-vs-rex-regum-qeon-vct-2026-pacific-stage-2-w3
706368,2026-08-01,ENVY,FURIA,2,1,https://www.vlr.gg/706368/envy-vs-furia-vct-2026-americas-stage-2-w3
706369,2026-08-01,LEVIATÁN,NRG,1,2,https://www.vlr.gg/706369/leviat-n-vs-nrg-vct-2026-americas-stage-2-w3
712830,2026-08-01,FUT Esports,Team Vitality,1,2,https://www.vlr.gg/712830/fut-esports-vs-team-vitality-vct-2026-emea-stage-2-w3
712831,2026-08-01,Karmine Corp,Team Liquid,2,1,https://www.vlr.gg/712831/karmine-corp-vs-team-liquid-vct-2026-emea-stage-2-w3
698908,2026-08-02,VARREL,KIWOOM DRX,2,1,https://www.vlr.gg/698908/varrel-vs-kiwoom-drx-vct-2026-pacific-stage-2-w3
698909,2026-08-02,ZETA DIVISION,Nongshim RedForce,1,2,https://www.vlr.gg/698909/zeta-division-vs-nongshim-redforce-vct-2026-pacific-stage-2-w3
706370,2026-08-02,Cloud9,KRÜ Esports,2,0,https://www.vlr.gg/706370/cloud9-vs-kr-esports-vct-2026-americas-stage-2-w3
706371,2026-08-02,G2 Esports,Sentinels,2,1,https://www.vlr.gg/706371/g2-esports-vs-sentinels-vct-2026-americas-stage-2-w3
712832,2026-08-02,BBL Esports,PCIFIC Esports,2,1,https://www.vlr.gg/712832/bbl-esports-vs-pcific-esports-vct-2026-emea-stage-2-w3
712833,2026-08-02,FNATIC,Team Heretics,0,2,https://www.vlr.gg/712833/fnatic-vs-team-heretics-vct-2026-emea-stage-2-w3
716622,2026-08-03,SK Nebula,FOKUS Sakura,0,2,https://www.vlr.gg/716622/sk-nebula-vs-fokus-sakura-game-changers-2026-emea-stage-3-w3
716623,2026-08-03,Gentle Mates GC,Karmine Corp GC,1,2,https://www.vlr.gg/716623/gentle-mates-gc-vs-karmine-corp-gc-game-changers-2026-emea-stage-3-w3
716624,2026-08-03,Twisted Minds Orchid,Barça eSports GC,2,0,https://www.vlr.gg/716624/twisted-minds-orchid-vs-bar-a-esports-gc-game-changers-2026-emea-stage-3-w3
716625,2026-08-03,G2 Gozen,ALTERNATE aTTaX Ruby,2,0,https://www.vlr.gg/716625/g2-gozen-vs-alternate-attax-ruby-game-changers-2026-emea-stage-3-w3
724885,2026-08-03,FlyQuest RED,SwimTrek Blue,2,1,https://www.vlr.gg/724885/flyquest-red-vs-swimtrek-blue-game-changers-2026-north-america-stage-2-swiss-stage-r4-3-0
724889,2026-08-03,Eternal Focus Amethyst,Revitalize GC,0,2,https://www.vlr.gg/724889/eternal-focus-amethyst-vs-revitalize-gc-game-changers-2026-north-america-stage-2-swiss-stage-r4
730317,2026-08-03,Akave Esports GC,MYVRA GC,2,0,https://www.vlr.gg/730317/akave-esports-gc-vs-myvra-gc-game-changers-2026-latam-main-event-ubsf
730324,2026-08-03,KRÜ BLAZE,NPC TEAM,2,0,https://www.vlr.gg/730324/kr-blaze-vs-npc-team-game-changers-2026-latam-main-event-ubsf
716626,2026-08-04,Karmine Corp GC,FOKUS Sakura,0,2,https://www.vlr.gg/716626/karmine-corp-gc-vs-fokus-sakura-game-changers-2026-emea-stage-3-w3
716627,2026-08-04,G2 Gozen,Barça eSports GC,2,0,https://www.vlr.gg/716627/g2-gozen-vs-bar-a-esports-gc-game-changers-2026-emea-stage-3-w3
716628,2026-08-04,SK Nebula,Twisted Minds Orchid,0,2,https://www.vlr.gg/716628/sk-nebula-vs-twisted-minds-orchid-game-changers-2026-emea-stage-3-w3
716629,2026-08-04,ALTERNATE aTTaX Ruby,Habos Babos,0,2,https://www.vlr.gg/716629/alternate-attax-ruby-vs-habos-babos-game-changers-2026-emea-stage-3-w3
730318,2026-08-04,No Sweat Blossom,FUSION X,2,0,https://www.vlr.gg/730318/no-sweat-blossom-vs-fusion-x-game-changers-2026-latam-main-event-ubsf
730325,2026-08-04,Looking For Laburo,Olimpo Gold,2,0,https://www.vlr.gg/730325/looking-for-laburo-vs-olimpo-gold-game-changers-2026-latam-main-event-ubsf
716630,2026-08-05,G2 Gozen,GIANTX GC,2,0,https://www.vlr.gg/716630/g2-gozen-vs-giantx-gc-game-changers-2026-emea-stage-3-w3
716631,2026-08-05,SK Nebula,Karmine Corp GC,2,0,https://www.vlr.gg/716631/sk-nebula-vs-karmine-corp-gc-game-changers-2026-emea-stage-3-w3
716632,2026-08-05,Gentle Mates GC,Twisted Minds Orchid,0,2,https://www.vlr.gg/716632/gentle-mates-gc-vs-twisted-minds-orchid-game-changers-2026-emea-stage-3-w3
716633,2026-08-05,FOKUS Sakura,ALTERNATE aTTaX Ruby,2,0,https://www.vlr.gg/716633/fokus-sakura-vs-alternate-attax-ruby-game-changers-2026-emea-stage-3-w3
724619,2026-08-05,Trace Esports,A Team,2,0,https://www.vlr.gg/724619/trace-esports-vs-a-team-vct-2026-china-stage-2-ur1
724620,2026-08-05,Titan Esports Club,KeepBest Gaming,2,1,https://www.vlr.gg/724620/titan-esports-club-vs-keepbest-gaming-vct-2026-china-stage-2-ur1
706372,2026-08-06,Evil Geniuses,FURIA,2,0,https://www.vlr.gg/706372/evil-geniuses-vs-furia-vct-2026-americas-stage-2-w4
706373,2026-08-06,ENVY,NRG,0,2,https://www.vlr.gg/706373/envy-vs-nrg-vct-2026-americas-stage-2-w4
716634,2026-08-06,FOKUS Sakura,Habos Babos,1,2,https://www.vlr.gg/716634/fokus-sakura-vs-habos-babos-game-changers-2026-emea-stage-3-w3
716635,2026-08-06,GIANTX GC,Karmine Corp GC,1,2,https://www.vlr.gg/716635/giantx-gc-vs-karmine-corp-gc-game-changers-2026-emea-stage-3-w3
716636,2026-08-06,Gentle Mates GC,ALTERNATE aTTaX Ruby,2,0,https://www.vlr.gg/716636/gentle-mates-gc-vs-alternate-attax-ruby-game-changers-2026-emea-stage-3-w3
724621,2026-08-06,FunPlus Phoenix,JD Gaming,1,2,https://www.vlr.gg/724621/funplus-phoenix-vs-jdg-esports-vct-2026-china-stage-2-ubqf
724622,2026-08-06,Wolves Esports,Dragon Ranger Gaming,1,2,https://www.vlr.gg/724622/wolves-esports-vs-dragon-ranger-gaming-vct-2026-china-stage-2-ubqf
729664,2026-08-06,GIANTX,Eintracht Frankfurt,2,1,https://www.vlr.gg/729664/giantx-vs-eintracht-frankfurt-vct-2026-emea-stage-2-ur1
729665,2026-08-06,Natus Vincere,Joblife,1,2,https://www.vlr.gg/729665/natus-vincere-vs-joblife-vct-2026-emea-stage-2-ur1
698910,2026-08-07,Team Secret,DetonatioN FocusMe,0,2,https://www.vlr.gg/698910/team-secret-vs-detonation-focusme-vct-2026-pacific-stage-2-w4
698911,2026-08-07,Gen.G,FULL SENSE,2,1,https://www.vlr.gg/698911/gen-g-vs-full-sense-vct-2026-pacific-stage-2-w4
706374,2026-08-07,100 Thieves,Cloud9,0,2,https://www.vlr.gg/706374/100-thieves-vs-cloud9-vct-2026-americas-stage-2-w4
706375,2026-08-07,G2 Esports,LOUD,0,2,https://www.vlr.gg/706375/g2-esports-vs-loud-vct-2026-americas-stage-2-w4
724623,2026-08-07,All Gamers,Trace Esports,2,1,https://www.vlr.gg/724623/all-gamers-vs-trace-esports-vct-2026-china-stage-2-ubqf
724624,2026-08-07,EDward Gaming,Titan Esports Club,1,2,https://www.vlr.gg/724624/edward-gaming-vs-titan-esports-club-vct-2026-china-stage-2-ubqf
729666,2026-08-07,PCIFIC Esports,Fire Flux Esports,0,2,https://www.vlr.gg/729666/pcific-esports-vs-fire-flux-esports-vct-2026-emea-stage-2-ur1
729667,2026-08-07,FNATIC,Enterprise Esports,1,2,https://www.vlr.gg/729667/fnatic-vs-enterprise-esports-vct-2026-emea-stage-2-ur1
698912,2026-08-08,KIWOOM DRX,T1,0,2,https://www.vlr.gg/698912/kiwoom-drx-vs-t1-vct-2026-pacific-stage-2-w4
698913,2026-08-08,Global Esports,ZETA DIVISION,2,0,https://www.vlr.gg/698913/global-esports-vs-zeta-division-vct-2026-pacific-stage-2-w4
706376,2026-08-08,KRÜ Esports,Sentinels,2,1,https://www.vlr.gg/706376/kr-esports-vs-sentinels-vct-2026-americas-stage-2-w4
706377,2026-08-08,LEVIATÁN,MIBR,2,0,https://www.vlr.gg/706377/leviat-n-vs-mibr-vct-2026-americas-stage-2-w4
724625,2026-08-08,A Team,Wolves Esports,1,2,https://www.vlr.gg/724625/a-team-vs-wolves-esports-vct-2026-china-stage-2-lr1
724626,2026-08-08,KeepBest Gaming,FunPlus Phoenix,0,2,https://www.vlr.gg/724626/keepbest-gaming-vs-funplus-phoenix-vct-2026-china-stage-2-lr1
729668,2026-08-08,FUT Esports,GIANTX,2,0,https://www.vlr.gg/729668/fut-esports-vs-giantx-vct-2026-emea-stage-2-ubqf
729669,2026-08-08,Eternal Fire,Joblife,2,1,https://www.vlr.gg/729669/eternal-fire-vs-joblife-vct-2026-emea-stage-2-ubqf
732639,2026-08-08,Karmine Corp GC,Joblife Nanas,2,0,https://www.vlr.gg/732639/karmine-corp-gc-vs-joblife-nanas-game-changers-2026-emea-stage-3-qf
732640,2026-08-08,ALTERNATE aTTaX Ruby,Lost Puppies GC,2,1,https://www.vlr.gg/732640/alternate-attax-ruby-vs-lost-puppies-gc-game-changers-2026-emea-stage-3-qf
698914,2026-08-09,VARREL,Paper Rex,2,0,https://www.vlr.gg/698914/varrel-vs-paper-rex-vct-2026-pacific-stage-2-w4
698915,2026-08-09,Nongshim RedForce,Rex Regum Qeon,1,2,https://www.vlr.gg/698915/nongshim-redforce-vs-rex-regum-qeon-vct-2026-pacific-stage-2-w4
706378,2026-08-09,Evil Geniuses,NRG,0,2,https://www.vlr.gg/706378/evil-geniuses-vs-nrg-vct-2026-americas-stage-2-w4
706379,2026-08-09,LOUD,100 Thieves,0,2,https://www.vlr.gg/706379/loud-vs-100-thieves-vct-2026-americas-stage-2-w4
724627,2026-08-09,EDward Gaming,Wolves Esports,2,1,https://www.vlr.gg/724627/edward-gaming-vs-wolves-esports-vct-2026-china-stage-2-lr2
724628,2026-08-09,Trace Esports,FunPlus Phoenix,2,0,https://www.vlr.gg/724628/trace-esports-vs-funplus-phoenix-vct-2026-china-stage-2-lr2
729670,2026-08-09,Team Heretics,Fire Flux Esports,1,2,https://www.vlr.gg/729670/team-heretics-vs-fire-flux-esports-vct-2026-emea-stage-2-ubqf
729671,2026-08-09,Gentle Mates,Enterprise Esports,0,2,https://www.vlr.gg/729671/gentle-mates-vs-enterprise-esports-vct-2026-emea-stage-2-ubqf
732641,2026-08-09,Barça eSports GC,Mom Said No,2,0,https://www.vlr.gg/732641/bar-a-esports-gc-vs-mom-said-no-game-changers-2026-emea-stage-3-qf
732642,2026-08-09,GIANTX GC,FALKE VENOM,2,0,https://www.vlr.gg/732642/giantx-gc-vs-falke-venom-game-changers-2026-emea-stage-3-qf
724629,2026-08-10,All Gamers,JD Gaming,2,0,https://www.vlr.gg/724629/all-gamers-vs-jdg-esports-vct-2026-china-stage-2-ubsf
724630,2026-08-10,Titan Esports Club,Dragon Ranger Gaming,2,1,https://www.vlr.gg/724630/titan-esports-club-vs-dragon-ranger-gaming-vct-2026-china-stage-2-ubsf
730256,2026-08-10,Shopify Rebellion Gold,Axolotl,2,1,https://www.vlr.gg/730256/shopify-rebellion-gold-vs-axolotl-game-changers-2026-north-america-stage-2-swiss-stage-r5-3-1
730260,2026-08-10,SwimTrek Blue,HIMMERS,2,0,https://www.vlr.gg/730260/swimtrek-blue-vs-himmers-game-changers-2026-north-america-stage-2-swiss-stage-r5-3-1
730328,2026-08-10,NPC TEAM,Olimpo Gold,2,0,https://www.vlr.gg/730328/npc-team-vs-olimpo-gold-game-changers-2026-latam-main-event-lr1
731768,2026-08-10,MIBR GC,GATO PENSANTE,2,0,https://www.vlr.gg/731768/mibr-gc-vs-gato-pensante-game-changers-2026-brazil-finals-ubqf
731769,2026-08-10,Ushiras,7VEN STARS,2,0,https://www.vlr.gg/731769/ushiras-vs-7ven-stars-game-changers-2026-brazil-finals-ubqf
732643,2026-08-10,Karmine Corp GC,ALTERNATE aTTaX Ruby,0,2,https://www.vlr.gg/732643/karmine-corp-gc-vs-alternate-attax-ruby-game-changers-2026-emea-stage-3-sf
732644,2026-08-10,Barça eSports GC,GIANTX GC,1,2,https://www.vlr.gg/732644/bar-a-esports-gc-vs-giantx-gc-game-changers-2026-emea-stage-3-sf
724631,2026-08-11,JD Gaming,EDward Gaming,2,0,https://www.vlr.gg/724631/jdg-esports-vs-edward-gaming-vct-2026-china-stage-2-lr3
724632,2026-08-11,Dragon Ranger Gaming,Trace Esports,1,2,https://www.vlr.gg/724632/dragon-ranger-gaming-vs-trace-esports-vct-2026-china-stage-2-lr3
730319,2026-08-11,Akave Esports GC,No Sweat Blossom,2,0,https://www.vlr.gg/730319/akave-esports-gc-vs-no-sweat-blossom-game-changers-2026-latam-main-event-ubf
730326,2026-08-11,KRÜ BLAZE,Looking For Laburo,2,1,https://www.vlr.gg/730326/kr-blaze-vs-looking-for-laburo-game-changers-2026-latam-main-event-ubf
731770,2026-08-11,Team Liquid Brazil,Evils of Delusion,2,0,https://www.vlr.gg/731770/team-liquid-brazil-vs-evils-of-delusion-game-changers-2026-brazil-finals-ubqf
731771,2026-08-11,Evil Geniuses GC,Arashi GC,2,0,https://www.vlr.gg/731771/evil-geniuses-gc-vs-arashi-gc-game-changers-2026-brazil-finals-ubqf
724633,2026-08-12,All Gamers,Titan Esports Club,1,2,https://www.vlr.gg/724633/all-gamers-vs-titan-esports-club-vct-2026-china-stage-2-ubf
724634,2026-08-12,JD Gaming,Trace Esports,0,2,https://www.vlr.gg/724634/jd-gaming-vs-trace-esports-vct-2026-china-stage-2-lbf
729674,2026-08-12,Gentle Mates,Eintracht Frankfurt,0,2,https://www.vlr.gg/729674/gentle-mates-vs-eintracht-frankfurt-vct-2026-emea-stage-2-lr1
729675,2026-08-12,Team Heretics,Natus Vincere,2,1,https://www.vlr.gg/729675/team-heretics-vs-natus-vincere-vct-2026-emea-stage-2-lr1
730321,2026-08-12,MYVRA GC,FUSION X,0,2,https://www.vlr.gg/730321/myvra-gc-vs-fusion-x-game-changers-2026-latam-main-event-lr1
734794,2026-08-12,SEN Otters,HIMMERS,1,2,https://www.vlr.gg/734794/sen-otters-vs-himmers-game-changers-2026-north-america-stage-2-swiss-stage-r6-3-2
734796,2026-08-12,MVSK Secret,The Spiders,0,2,https://www.vlr.gg/734796/mvsk-secret-vs-the-spiders-game-changers-2026-north-america-stage-2-swiss-stage-r6-3-2
729676,2026-08-13,Joblife,PCIFIC Esports,2,1,https://www.vlr.gg/729676/joblife-vs-pcific-esports-vct-2026-emea-stage-2-lr1
729677,2026-08-13,GIANTX,FNATIC,0,2,https://www.vlr.gg/729677/giantx-vs-fnatic-vct-2026-emea-stage-2-lr1
729742,2026-08-13,KRÜ Esports,BESTIA,2,1,https://www.vlr.gg/729742/kr-esports-vs-bestia-vct-2026-americas-stage-2-ur1
729743,2026-08-13,ENVY,M80,2,0,https://www.vlr.gg/729743/envy-vs-m80-vct-2026-americas-stage-2-ur1
730535,2026-08-13,KIWOOM DRX,ONSIDE GAMING,2,0,https://www.vlr.gg/730535/kiwoom-drx-vs-onside-gaming-vct-2026-pacific-stage-2-ur1
730536,2026-08-13,Rex Regum Qeon,Sharper Esports,1,2,https://www.vlr.gg/730536/rex-regum-qeon-vs-sharper-esports-vct-2026-pacific-stage-2-ur1
732786,2026-08-13,G2 Gozen,ALTERNATE aTTaX Ruby,2,1,https://www.vlr.gg/732786/g2-gozen-vs-alternate-attax-ruby-game-changers-2026-emea-stage-3-ubqf
732787,2026-08-13,FOKUS Sakura,Gentle Mates GC,1,2,https://www.vlr.gg/732787/fokus-sakura-vs-gentle-mates-gc-game-changers-2026-emea-stage-3-ubqf
724638,2026-08-14,TYLOO,Titan Esports Club,2,0,https://www.vlr.gg/724638/tyloo-vs-titan-esports-club-vct-2026-china-stage-2-ubqf
724639,2026-08-14,Nova Esports,JD Gaming,0,2,https://www.vlr.gg/724639/nova-esports-vs-jd-gaming-vct-2026-china-stage-2-ubqf
729678,2026-08-14,Eintracht Frankfurt,Team Heretics,2,0,https://www.vlr.gg/729678/eintracht-frankfurt-vs-team-heretics-vct-2026-emea-stage-2-lr2
729680,2026-08-14,Joblife,FNATIC,2,0,https://www.vlr.gg/729680/joblife-vs-fnatic-vct-2026-emea-stage-2-lr2
729744,2026-08-14,FURIA,2Game Esports,2,1,https://www.vlr.gg/729744/furia-vs-2game-esports-vct-2026-americas-stage-2-ur1
729745,2026-08-14,Cloud9,Fluxo W7M,2,1,https://www.vlr.gg/729745/cloud9-vs-fluxo-w7m-vct-2026-americas-stage-2-ur1
730537,2026-08-14,FULL SENSE,QT DIG∞,2,1,https://www.vlr.gg/730537/full-sense-vs-qt-dig-vct-2026-pacific-stage-2-ur1
730538,2026-08-14,Team Secret,Xipto Esports,2,0,https://www.vlr.gg/730538/team-secret-vs-xipto-esports-vct-2026-pacific-stage-2-ur1
732788,2026-08-14,Habos Babos,GIANTX GC,0,2,https://www.vlr.gg/732788/habos-babos-vs-giantx-gc-game-changers-2026-emea-stage-3-ubqf
732789,2026-08-14,Twisted Minds Orchid,SK Nebula,1,2,https://www.vlr.gg/732789/twisted-minds-orchid-vs-sk-nebula-game-changers-2026-emea-stage-3-ubqf
724640,2026-08-15,Xi Lai Gaming,All Gamers,2,1,https://www.vlr.gg/724640/xi-lai-gaming-vs-all-gamers-vct-2026-china-stage-2-ubqf
724641,2026-08-15,Bilibili Gaming,Trace Esports,2,1,https://www.vlr.gg/724641/bilibili-gaming-vs-trace-esports-vct-2026-china-stage-2-ubqf
729672,2026-08-15,FUT Esports,Eternal Fire,2,0,https://www.vlr.gg/729672/fut-esports-vs-eternal-fire-vct-2026-emea-stage-2-ubsf
729673,2026-08-15,Fire Flux Esports,Enterprise Esports,0,2,https://www.vlr.gg/729673/fire-flux-esports-vs-enterprise-esports-vct-2026-emea-stage-2-ubsf
729746,2026-08-15,MIBR,KRÜ Esports,2,0,https://www.vlr.gg/729746/mibr-vs-kr-esports-vct-2026-americas-stage-2-ubqf
729747,2026-08-15,Sentinels,ENVY,0,2,https://www.vlr.gg/729747/sentinels-vs-envy-vct-2026-americas-stage-2-ubqf
730539,2026-08-15,ZETA DIVISION,KIWOOM DRX,1,2,https://www.vlr.gg/730539/zeta-division-vs-kiwoom-drx-vct-2026-pacific-stage-2-ubqf
730540,2026-08-15,DetonatioN FocusMe,Sharper Esports,1,2,https://www.vlr.gg/730540/detonation-focusme-vs-sharper-esports-vct-2026-pacific-stage-2-ubqf
732794,2026-08-15,ALTERNATE aTTaX Ruby,FOKUS Sakura,1,2,https://www.vlr.gg/732794/alternate-attax-ruby-vs-fokus-sakura-game-changers-2026-emea-stage-3-lr1
732795,2026-08-15,Habos Babos,Twisted Minds Orchid,2,0,https://www.vlr.gg/732795/habos-babos-vs-twisted-minds-orchid-game-changers-2026-emea-stage-3-lr1
724646,2026-08-16,Titan Esports Club,Nova Esports,0,2,https://www.vlr.gg/724646/titan-esports-club-vs-nova-esports-vct-2026-china-stage-2-lr1
724647,2026-08-16,All Gamers,Trace Esports,2,1,https://www.vlr.gg/724647/all-gamers-vs-trace-esports-vct-2026-china-stage-2-lr1
729681,2026-08-16,Eternal Fire,Eintracht Frankfurt,0,2,https://www.vlr.gg/729681/eternal-fire-vs-eintracht-frankfurt-vct-2026-emea-stage-2-lr3
729682,2026-08-16,Fire Flux Esports,Joblife,2,0,https://www.vlr.gg/729682/fire-flux-esports-vs-joblife-vct-2026-emea-stage-2-lr3
729748,2026-08-16,G2 Esports,FURIA,1,2,https://www.vlr.gg/729748/g2-esports-vs-furia-vct-2026-americas-stage-2-ubqf
729749,2026-08-16,Evil Geniuses,Cloud9,2,1,https://www.vlr.gg/729749/evil-geniuses-vs-cloud9-vct-2026-americas-stage-2-ubqf
730541,2026-08-16,T1,FULL SENSE,2,0,https://www.vlr.gg/730541/t1-vs-full-sense-vct-2026-pacific-stage-2-ubqf
730542,2026-08-16,Nongshim RedForce,Team Secret,2,0,https://www.vlr.gg/730542/nongshim-redforce-vs-team-secret-vct-2026-pacific-stage-2-ubqf
732790,2026-08-16,G2 Gozen,Gentle Mates GC,1,2,https://www.vlr.gg/732790/g2-gozen-vs-gentle-mates-gc-game-changers-2026-emea-stage-3-ubsf
732791,2026-08-16,GIANTX GC,SK Nebula,1,2,https://www.vlr.gg/732791/giantx-gc-vs-sk-nebula-game-changers-2026-emea-stage-3-ubsf
730329,2026-08-17,Looking For Laburo,NPC TEAM,3,2,https://www.vlr.gg/730329/looking-for-laburo-vs-npc-team-game-changers-2026-latam-main-event-lbf
731776,2026-08-17,GATO PENSANTE,7VEN STARS,0,2,https://www.vlr.gg/731776/gato-pensante-vs-7ven-stars-game-changers-2026-brazil-finals-lr1
731777,2026-08-17,Evils of Delusion,Arashi GC,0,2,https://www.vlr.gg/731777/evils-of-delusion-vs-arashi-gc-game-changers-2026-brazil-finals-lr1
732796,2026-08-17,GIANTX GC,FOKUS Sakura,0,2,https://www.vlr.gg/732796/giantx-gc-vs-fokus-sakura-game-changers-2026-emea-stage-3-lr2
732797,2026-08-17,G2 Gozen,Habos Babos,2,1,https://www.vlr.gg/732797/g2-gozen-vs-habos-babos-game-changers-2026-emea-stage-3-lr2
735387,2026-08-17,Cloud9 GC,SEN Otters,2,1,https://www.vlr.gg/735387/cloud9-gc-vs-sen-otters-game-changers-2026-north-america-stage-2-swiss-stage-r7-3-3
735388,2026-08-17,MVSK Secret,:3,2,0,https://www.vlr.gg/735388/mvsk-secret-vs-3-game-changers-2026-north-america-stage-2-swiss-stage-r7-3-3
730322,2026-08-18,No Sweat Blossom,FUSION X,2,3,https://www.vlr.gg/730322/no-sweat-blossom-vs-fusion-x-game-changers-2026-latam-main-event-lbf
731772,2026-08-18,MIBR GC,Ushiras,2,0,https://www.vlr.gg/731772/mibr-gc-vs-ushiras-game-changers-2026-brazil-finals-ubsf
731773,2026-08-18,Team Liquid Brazil,Evil Geniuses GC,2,0,https://www.vlr.gg/731773/team-liquid-brazil-vs-evil-geniuses-gc-game-changers-2026-brazil-finals-ubsf
732792,2026-08-18,Gentle Mates GC,SK Nebula,2,1,https://www.vlr.gg/732792/gentle-mates-gc-vs-sk-nebula-game-changers-2026-emea-stage-3-ubf
732798,2026-08-18,FOKUS Sakura,G2 Gozen,1,2,https://www.vlr.gg/732798/fokus-sakura-vs-g2-gozen-game-changers-2026-emea-stage-3-lr3
724642,2026-08-19,TYLOO,JD Gaming,1,2,https://www.vlr.gg/724642/tyloo-vs-jd-gaming-vct-2026-china-stage-2-ubsf
724643,2026-08-19,Xi Lai Gaming,Bilibili Gaming,1,2,https://www.vlr.gg/724643/xi-lai-gaming-vs-bilibili-gaming-vct-2026-china-stage-2-ubsf
729752,2026-08-19,Cloud9,BESTIA,0,2,https://www.vlr.gg/729752/cloud9-vs-bestia-vct-2026-americas-stage-2-lr1
729753,2026-08-19,G2 Esports,M80,2,0,https://www.vlr.gg/729753/g2-esports-vs-m80-vct-2026-americas-stage-2-lr1
730545,2026-08-19,Team Secret,ONSIDE GAMING,0,2,https://www.vlr.gg/730545/team-secret-vs-onside-gaming-vct-2026-pacific-stage-2-lr1
730546,2026-08-19,FULL SENSE,Rex Regum Qeon,2,1,https://www.vlr.gg/730546/full-sense-vs-rex-regum-qeon-vct-2026-pacific-stage-2-lr1
732799,2026-08-19,SK Nebula,G2 Gozen,2,3,https://www.vlr.gg/732799/sk-nebula-vs-g2-gozen-game-changers-2026-emea-stage-3-lbf
724648,2026-08-20,Xi Lai Gaming,Nova Esports,1,2,https://www.vlr.gg/724648/xi-lai-gaming-vs-nova-esports-vct-2026-china-stage-2-lr2
724649,2026-08-20,TYLOO,All Gamers,2,0,https://www.vlr.gg/724649/tyloo-vs-all-gamers-vct-2026-china-stage-2-lr2
729754,2026-08-20,Sentinels,2Game Esports,2,0,https://www.vlr.gg/729754/sentinels-vs-2game-esports-vct-2026-americas-stage-2-lr1
729755,2026-08-20,KRÜ Esports,Fluxo W7M,2,0,https://www.vlr.gg/729755/kr-esports-vs-fluxo-w7m-vct-2026-americas-stage-2-lr1
730547,2026-08-20,DetonatioN FocusMe,QT DIG∞,2,1,https://www.vlr.gg/730547/detonation-focusme-vs-qt-dig-vct-2026-pacific-stage-2-lr1
730548,2026-08-20,ZETA DIVISION,Xipto Esports,2,1,https://www.vlr.gg/730548/zeta-division-vs-xipto-esports-vct-2026-pacific-stage-2-lr1
731396,2026-08-20,Team Liquid,FUT Esports,0,2,https://www.vlr.gg/731396/team-liquid-vs-fut-esports-vct-2026-emea-stage-2-ur1
731397,2026-08-20,Team Vitality,Enterprise Esports,1,2,https://www.vlr.gg/731397/team-vitality-vs-enterprise-esports-vct-2026-emea-stage-2-ur1
724644,2026-08-21,JD Gaming,Bilibili Gaming,2,0,https://www.vlr.gg/724644/jd-gaming-vs-bilibili-gaming-vct-2026-china-stage-2-ubf
724650,2026-08-21,Nova Esports,TYLOO,0,2,https://www.vlr.gg/724650/nova-esports-vs-tyloo-vct-2026-china-stage-2-lr3
729750,2026-08-21,MIBR,ENVY,2,1,https://www.vlr.gg/729750/mibr-vs-envy-vct-2026-americas-stage-2-ubsf
729751,2026-08-21,FURIA,Evil Geniuses,2,1,https://www.vlr.gg/729751/furia-vs-evil-geniuses-vct-2026-americas-stage-2-ubsf
730543,2026-08-21,KIWOOM DRX,Sharper Esports,2,1,https://www.vlr.gg/730543/kiwoom-drx-vs-sharper-esports-vct-2026-pacific-stage-2-ubsf
730544,2026-08-21,T1,Nongshim RedForce,0,2,https://www.vlr.gg/730544/t1-vs-nongshim-redforce-vct-2026-pacific-stage-2-ubsf
731398,2026-08-21,BBL Esports,FUT Esports,1,2,https://www.vlr.gg/731398/bbl-esports-vs-fut-esports-vct-2026-emea-stage-2-ubsf
731399,2026-08-21,Karmine Corp,Enterprise Esports,2,1,https://www.vlr.gg/731399/karmine-corp-vs-enterprise-esports-vct-2026-emea-stage-2-ubsf
724651,2026-08-22,Bilibili Gaming,TYLOO,0,3,https://www.vlr.gg/724651/bilibili-gaming-vs-tyloo-vct-2026-china-stage-2-lbf
729756,2026-08-22,BESTIA,G2 Esports,0,2,https://www.vlr.gg/729756/bestia-vs-g2-esports-vct-2026-americas-stage-2-lr2
729757,2026-08-22,Sentinels,KRÜ Esports,0,2,https://www.vlr.gg/729757/sentinels-vs-kr-esports-vct-2026-americas-stage-2-lr2
730549,2026-08-22,ONSIDE GAMING,FULL SENSE,2,0,https://www.vlr.gg/730549/onside-gaming-vs-full-sense-vct-2026-pacific-stage-2-lr2
730550,2026-08-22,DetonatioN FocusMe,ZETA DIVISION,2,0,https://www.vlr.gg/730550/detonation-focusme-vs-zeta-division-vct-2026-pacific-stage-2-lr2
731402,2026-08-22,Team Liquid,Eintracht Frankfurt,2,1,https://www.vlr.gg/731402/team-liquid-vs-eintracht-frankfurt-vct-2026-emea-stage-2-lr1
731403,2026-08-22,Team Vitality,Fire Flux Esports,1,2,https://www.vlr.gg/731403/team-vitality-vs-fire-flux-esports-vct-2026-emea-stage-2-lr1
724645,2026-08-23,JD Gaming,TYLOO,1,3,https://www.vlr.gg/724645/jd-gaming-vs-tyloo-vct-2026-china-stage-2-gf
729758,2026-08-23,ENVY,G2 Esports,1,2,https://www.vlr.gg/729758/envy-vs-g2-esports-vct-2026-americas-stage-2-lr3
729759,2026-08-23,Evil Geniuses,KRÜ Esports,2,1,https://www.vlr.gg/729759/evil-geniuses-vs-kr-esports-vct-2026-americas-stage-2-lr3
730551,2026-08-23,Sharper Esports,ONSIDE GAMING,1,2,https://www.vlr.gg/730551/sharper-esports-vs-onside-gaming-vct-2026-pacific-stage-2-lr3
730552,2026-08-23,T1,DetonatioN FocusMe,2,0,https://www.vlr.gg/730552/t1-vs-detonation-focusme-vct-2026-pacific-stage-2-lr3
731404,2026-08-23,Enterprise Esports,Team Liquid,0,2,https://www.vlr.gg/731404/enterprise-esports-vs-team-liquid-vct-2026-emea-stage-2-lr2
731406,2026-08-23,BBL Esports,Fire Flux Esports,0,2,https://www.vlr.gg/731406/bbl-esports-vs-fire-flux-esports-vct-2026-emea-stage-2-lr2
730327,2026-08-24,KRÜ BLAZE,Looking For Laburo,3,0,https://www.vlr.gg/730327/kr-blaze-vs-looking-for-laburo-game-changers-2026-latam-main-event-gf
731778,2026-08-24,Evil Geniuses GC,7VEN STARS,2,0,https://www.vlr.gg/731778/evil-geniuses-gc-vs-7ven-stars-game-changers-2026-brazil-finals-lr2
731779,2026-08-24,Ushiras,Arashi GC,2,1,https://www.vlr.gg/731779/ushiras-vs-arashi-gc-game-changers-2026-brazil-finals-lr2
730320,2026-08-25,Akave Esports GC,FUSION X,3,0,https://www.vlr.gg/730320/akave-esports-gc-vs-fusion-x-game-changers-2026-latam-main-event-gf
742476,2026-08-26,Paper Rex,Nongshim RedForce,0,2,https://www.vlr.gg/742476/paper-rex-vs-nongshim-redforce-vct-2026-pacific-stage-2-ur1
742477,2026-08-26,Global Esports,KIWOOM DRX,2,1,https://www.vlr.gg/742477/global-esports-vs-kiwoom-drx-vct-2026-pacific-stage-2-ur1
734302,2026-08-27,LOUD,FURIA,2,0,https://www.vlr.gg/734302/loud-vs-furia-vct-2026-americas-stage-2-ur1
734303,2026-08-27,LEVIATÁN,MIBR,2,0,https://www.vlr.gg/734303/leviat-n-vs-mibr-vct-2026-americas-stage-2-ur1
742478,2026-08-27,Gen.G,Nongshim RedForce,1,2,https://www.vlr.gg/742478/gen-g-vs-nongshim-redforce-vct-2026-pacific-stage-2-ubsf
742479,2026-08-27,VARREL,Global Esports,0,2,https://www.vlr.gg/742479/varrel-vs-global-esports-vct-2026-pacific-stage-2-ubsf
731400,2026-08-28,FUT Esports,Karmine Corp,0,2,https://www.vlr.gg/731400/fut-esports-vs-karmine-corp-vct-2026-emea-stage-2-ubf
731407,2026-08-28,Team Liquid,Fire Flux Esports,2,0,https://www.vlr.gg/731407/team-liquid-vs-fire-flux-esports-vct-2026-emea-stage-2-lr3
734304,2026-08-28,NRG,LOUD,2,1,https://www.vlr.gg/734304/nrg-vs-loud-vct-2026-americas-stage-2-ubsf
734305,2026-08-28,100 Thieves,LEVIATÁN,2,0,https://www.vlr.gg/734305/100-thieves-vs-leviat-n-vct-2026-americas-stage-2-ubsf
742482,2026-08-28,Paper Rex,ONSIDE GAMING,2,0,https://www.vlr.gg/742482/paper-rex-vs-onside-gaming-vct-2026-pacific-stage-2-lr1
742483,2026-08-28,KIWOOM DRX,T1,0,2,https://www.vlr.gg/742483/kiwoom-drx-vs-t1-vct-2026-pacific-stage-2-lr1
731408,2026-08-29,FUT Esports,Team Liquid,0,3,https://www.vlr.gg/731408/fut-esports-vs-team-liquid-vct-2026-emea-stage-2-lbf
734309,2026-08-29,FURIA,G2 Esports,1,2,https://www.vlr.gg/734309/furia-vs-g2-esports-vct-2026-americas-stage-2-lr1
734310,2026-08-29,MIBR,Evil Geniuses,2,1,https://www.vlr.gg/734310/mibr-vs-evil-geniuses-vct-2026-americas-stage-2-lr1
742484,2026-08-29,VARREL,Paper Rex,2,1,https://www.vlr.gg/742484/varrel-vs-paper-rex-vct-2026-pacific-stage-2-lr2
742485,2026-08-29,Gen.G,T1,0,2,https://www.vlr.gg/742485/gen-g-vs-t1-vct-2026-pacific-stage-2-lr2
731401,2026-08-30,Karmine Corp,Team Liquid,3,1,https://www.vlr.gg/731401/karmine-corp-vs-team-liquid-vct-2026-emea-stage-2-gf
732793,2026-08-30,Gentle Mates GC,G2 Gozen,2,3,https://www.vlr.gg/732793/gentle-mates-gc-vs-g2-gozen-game-changers-2026-emea-stage-3-gf
734311,2026-08-30,LEVIATÁN,G2 Esports,1,2,https://www.vlr.gg/734311/leviat-n-vs-g2-esports-vct-2026-americas-stage-2-lr2
734312,2026-08-30,LOUD,MIBR,2,0,https://www.vlr.gg/734312/loud-vs-mibr-vct-2026-americas-stage-2-lr2
747648,2026-08-31,ALTERNATE aTTaX Ruby,BERG,3,13,https://www.vlr.gg/747648/alternate-attax-ruby-vs-berg-the-pokal-2026-uro16
747649,2026-08-31,GamerZ Esports,Sissi State Punks,13,10,https://www.vlr.gg/747649/gamerz-esports-vs-sissi-state-punks-the-pokal-2026-uro16
747650,2026-08-31,RIZON Cherry,Glacial Guardians,1,13,https://www.vlr.gg/747650/rizon-cherry-vs-glacial-guardians-the-pokal-2026-uro16
747651,2026-08-31,HooK Esport,CGN Esports,7,13,https://www.vlr.gg/747651/hook-esport-vs-cgn-esports-the-pokal-2026-uro16
724895,2026-09-01,FlyQuest RED,MVSK Secret,2,0,https://www.vlr.gg/724895/flyquest-red-vs-mvsk-secret-game-changers-2026-north-america-stage-2-playoffs-ubqf
724896,2026-09-01,The Spiders,Axolotl,0,2,https://www.vlr.gg/724896/the-spiders-vs-axolotl-game-changers-2026-north-america-stage-2-playoffs-ubqf
724897,2026-09-01,SwimTrek Blue,Cloud9 GC,2,0,https://www.vlr.gg/724897/swimtrek-blue-vs-cloud9-gc-game-changers-2026-north-america-stage-2-playoffs-ubqf
724898,2026-09-01,Shopify Rebellion Gold,HIMMERS,2,0,https://www.vlr.gg/724898/shopify-rebellion-gold-vs-himmers-game-changers-2026-north-america-stage-2-playoffs-ubqf
747652,2026-09-01,ALTERNATE aTTaX,Valorando,13,6,https://www.vlr.gg/747652/alternate-attax-vs-valorando-the-pokal-2026-uro16
747653,2026-09-01,RIZON,Eintracht Frankfurt Team Vision,13,4,https://www.vlr.gg/747653/rizon-vs-eintracht-frankfurt-team-vision-the-pokal-2026-uro16
747655,2026-09-01,Catboys,SGE and Friends,13,4,https://www.vlr.gg/747655/catboys-vs-sge-and-friends-the-pokal-2026-uro16
724899,2026-09-02,FlyQuest RED,Axolotl,2,1,https://www.vlr.gg/724899/flyquest-red-vs-axolotl-game-changers-2026-north-america-stage-2-playoffs-ubsf
724900,2026-09-02,SwimTrek Blue,Shopify Rebellion Gold,0,2,https://www.vlr.gg/724900/swimtrek-blue-vs-shopify-rebellion-gold-game-changers-2026-north-america-stage-2-playoffs-ubsf
724903,2026-09-02,MVSK Secret,The Spiders,1,2,https://www.vlr.gg/724903/mvsk-secret-vs-the-spiders-game-changers-2026-north-america-stage-2-playoffs-lr1
724904,2026-09-02,Cloud9 GC,HIMMERS,1,2,https://www.vlr.gg/724904/cloud9-gc-vs-himmers-game-changers-2026-north-america-stage-2-playoffs-lr1
747656,2026-09-02,BERG,GamerZ Esports,0,2,https://www.vlr.gg/747656/berg-vs-gamerz-esports-the-pokal-2026-ubqf
747657,2026-09-02,Glacial Guardians,CGN Esports,0,2,https://www.vlr.gg/747657/glacial-guardians-vs-cgn-esports-the-pokal-2026-ubqf
724905,2026-09-03,SwimTrek Blue,The Spiders,1,2,https://www.vlr.gg/724905/swimtrek-blue-vs-the-spiders-game-changers-2026-north-america-stage-2-playoffs-lr2
724906,2026-09-03,Axolotl,HIMMERS,0,2,https://www.vlr.gg/724906/axolotl-vs-himmers-game-changers-2026-north-america-stage-2-playoffs-lr2
748619,2026-09-03,Bilibili Gaming,Xi Lai Gaming,2,0,https://www.vlr.gg/748619/bilibili-gaming-vs-xi-lai-gaming-china-evolution-series-2026-act-3-ro16
748620,2026-09-03,Wolves Esports,KeepBest Gaming,0,2,https://www.vlr.gg/748620/wolves-esports-vs-keepbest-gaming-china-evolution-series-2026-act-3-ro16
734307,2026-09-04,NRG,100 Thieves,0,2,https://www.vlr.gg/734307/nrg-vs-100-thieves-vct-2026-americas-stage-2-ubf
734313,2026-09-04,G2 Esports,LOUD,0,2,https://www.vlr.gg/734313/g2-esports-vs-loud-vct-2026-americas-stage-2-lr3
742480,2026-09-04,Nongshim RedForce,Global Esports,2,1,https://www.vlr.gg/742480/nongshim-redforce-vs-global-esports-vct-2026-pacific-stage-2-ubf
742486,2026-09-04,VARREL,T1,0,2,https://www.vlr.gg/742486/varrel-vs-t1-vct-2026-pacific-stage-2-lr3
747660,2026-09-04,GamerZ Esports,CGN Esports,0,2,https://www.vlr.gg/747660/gamerz-esports-vs-cgn-esports-the-pokal-2026-ubsf
747669,2026-09-04,ALTERNATE aTTaX,HooK Esport,1,2,https://www.vlr.gg/747669/alternate-attax-vs-hook-esport-the-pokal-2026-lr2
748621,2026-09-04,Titan Esports Club,TYLOO,2,1,https://www.vlr.gg/748621/titan-esports-club-vs-tyloo-china-evolution-series-2026-act-3-ro16
748622,2026-09-04,Trace Esports,Unsettled Resentment,0,2,https://www.vlr.gg/748622/trace-esports-vs-unsettled-resentment-china-evolution-series-2026-act-3-ro16
734314,2026-09-05,NRG,LOUD,2,3,https://www.vlr.gg/734314/nrg-vs-loud-vct-2026-americas-stage-2-lbf
742487,2026-09-05,Global Esports,T1,3,1,https://www.vlr.gg/742487/global-esports-vs-t1-vct-2026-pacific-stage-2-lbf
747673,2026-09-05,Glacial Guardians,BERG,2,1,https://www.vlr.gg/747673/glacial-guardians-vs-berg-the-pokal-2026-lr3
748623,2026-09-05,Nova Esports,EDward Gaming,2,1,https://www.vlr.gg/748623/nova-esports-vs-edward-gaming-china-evolution-series-2026-act-3-ro16
748624,2026-09-05,FunPlus Phoenix,A Team,2,1,https://www.vlr.gg/748624/funplus-phoenix-vs-a-team-china-evolution-series-2026-act-3-ro16
734308,2026-09-06,100 Thieves,LOUD,3,2,https://www.vlr.gg/734308/100-thieves-vs-loud-vct-2026-americas-stage-2-gf
742481,2026-09-06,Nongshim RedForce,Global Esports,2,3,https://www.vlr.gg/742481/nongshim-redforce-vs-global-esports-vct-2026-pacific-stage-2-gf
748625,2026-09-06,All Gamers,JD Gaming,0,2,https://www.vlr.gg/748625/all-gamers-vs-jd-gaming-china-evolution-series-2026-act-3-ro16
748626,2026-09-06,Dragon Ranger Gaming,Any Questions Gaming,0,2,https://www.vlr.gg/748626/dragon-ranger-gaming-vs-any-questions-gaming-china-evolution-series-2026-act-3-ro16
724901,2026-09-08,FlyQuest RED,Shopify Rebellion Gold,1,2,https://www.vlr.gg/724901/flyquest-red-vs-shopify-rebellion-gold-game-changers-2026-north-america-stage-2-playoffs-ubf
724907,2026-09-08,The Spiders,HIMMERS,2,1,https://www.vlr.gg/724907/the-spiders-vs-himmers-game-changers-2026-north-america-stage-2-playoffs-lr3
724908,2026-09-09,FlyQuest RED,The Spiders,3,0,https://www.vlr.gg/724908/flyquest-red-vs-the-spiders-game-changers-2026-north-america-stage-2-playoffs-lbf
731774,2026-09-09,MIBR GC,Team Liquid Brazil,1,2,https://www.vlr.gg/731774/mibr-gc-vs-team-liquid-brazil-game-changers-2026-brazil-finals-ubf
731780,2026-09-09,Evil Geniuses GC,Ushiras,2,0,https://www.vlr.gg/731780/evil-geniuses-gc-vs-ushiras-game-changers-2026-brazil-finals-lr3
747674,2026-09-09,GamerZ Esports,HooK Esport,2,0,https://www.vlr.gg/747674/gamerz-esports-vs-hook-esport-the-pokal-2026-lr4
748627,2026-09-09,Bilibili Gaming,KeepBest Gaming,0,2,https://www.vlr.gg/748627/bilibili-gaming-vs-keepbest-gaming-china-evolution-series-2026-act-3-qf
748628,2026-09-09,Titan Esports Club,Unsettled Resentment,1,2,https://www.vlr.gg/748628/titan-esports-club-vs-unsettled-resentment-china-evolution-series-2026-act-3-qf
731782,2026-09-10,MIBR GC,Evil Geniuses GC,2,3,https://www.vlr.gg/731782/mibr-gc-vs-evil-geniuses-gc-game-changers-2026-brazil-finals-lbf
748629,2026-09-10,Nova Esports,FunPlus Phoenix,0,2,https://www.vlr.gg/748629/nova-esports-vs-funplus-phoenix-china-evolution-series-2026-act-3-qf
748630,2026-09-10,JD Gaming,Any Questions Gaming,0,2,https://www.vlr.gg/748630/jd-gaming-vs-any-questions-gaming-china-evolution-series-2026-act-3-qf
731775,2026-09-11,Team Liquid Brazil,Evil Geniuses GC,3,1,https://www.vlr.gg/731775/team-liquid-brazil-vs-evil-geniuses-gc-game-changers-2026-brazil-finals-gf
747662,2026-09-11,CGN Esports,Twisted Saints Esports,2,0,https://www.vlr.gg/747662/cgn-esports-vs-twisted-saints-esports-the-pokal-2026-ubf
748631,2026-09-11,KeepBest Gaming,Unsettled Resentment,2,0,https://www.vlr.gg/748631/keepbest-gaming-vs-unsettled-resentment-china-evolution-series-2026-act-3-sf
748632,2026-09-11,FunPlus Phoenix,Any Questions Gaming,2,1,https://www.vlr.gg/748632/funplus-phoenix-vs-any-questions-gaming-china-evolution-series-2026-act-3-sf
747677,2026-09-12,Twisted Saints Esports,RIZON,2,0,https://www.vlr.gg/747677/twisted-saints-esports-vs-rizon-the-pokal-2026-lbf
748634,2026-09-12,Unsettled Resentment,Any Questions Gaming,0,3,https://www.vlr.gg/748634/unsettled-resentment-vs-any-questions-gaming-china-evolution-series-2026-act-3-cf
744483,2026-09-13,Akave Esports GC,KRÜ BLAZE,1,3,https://www.vlr.gg/744483/akave-esports-gc-vs-kr-blaze-game-changers-2026-latam-main-event-main-event
747663,2026-09-13,CGN Esports,Twisted Saints Esports,3,2,https://www.vlr.gg/747663/cgn-esports-vs-twisted-saints-esports-the-pokal-2026-gf
748633,2026-09-13,KeepBest Gaming,FunPlus Phoenix,2,3,https://www.vlr.gg/748633/keepbest-gaming-vs-funplus-phoenix-china-evolution-series-2026-act-3-gf
755364,2026-09-13,Nova Esports GC,Victory No Limits Gaming GC,2,0,https://www.vlr.gg/755364/nova-esports-gc-vs-victory-no-limits-gaming-gc-game-changers-2026-china-ubqf
755365,2026-09-13,Havoc & Yonder GC,LNG Esports GC,2,0,https://www.vlr.gg/755365/havoc-yonder-gc-vs-lng-esports-gc-game-changers-2026-china-ubqf
743596,2026-09-14,Gen.G GC,Rising Esports GC,2,0,https://www.vlr.gg/743596/gen-g-gc-vs-rising-esports-gc-game-changers-2026-pacific-ubqf
743597,2026-09-14,FENNEL GC,wiwiwi,2,0,https://www.vlr.gg/743597/fennel-gc-vs-wiwiwi-game-changers-2026-pacific-ubqf
755366,2026-09-14,Yew Reign Gaming,Quguanghao Gaming,2,1,https://www.vlr.gg/755366/yew-reign-gaming-vs-quguanghao-gaming-game-changers-2026-china-ubqf
755367,2026-09-14,Tidal Legends Gaming,101 Outlaws,0,2,https://www.vlr.gg/755367/tidal-legends-gaming-vs-101-outlaws-game-changers-2026-china-ubqf
743598,2026-09-15,Team Falcons Vega,swaglord9000,2,0,https://www.vlr.gg/743598/team-falcons-vega-vs-swaglord9000-game-changers-2026-pacific-ubqf
743599,2026-09-15,FULL SENSE SISU,Sasanqua,2,0,https://www.vlr.gg/743599/full-sense-sisu-vs-sasanqua-game-changers-2026-pacific-ubqf
743600,2026-09-15,Gen.G GC,FENNEL GC,1,2,https://www.vlr.gg/743600/gen-g-gc-vs-fennel-gc-game-changers-2026-pacific-ubsf
755372,2026-09-15,Victory No Limits Gaming GC,LNG Esports GC,2,0,https://www.vlr.gg/755372/victory-no-limits-gaming-gc-vs-lng-esports-gc-game-changers-2026-china-lr1
755373,2026-09-15,Quguanghao Gaming,Tidal Legends Gaming,2,1,https://www.vlr.gg/755373/quguanghao-gaming-vs-tidal-legends-gaming-game-changers-2026-china-lr1
743601,2026-09-16,Team Falcons Vega,FULL SENSE SISU,2,0,https://www.vlr.gg/743601/team-falcons-vega-vs-full-sense-sisu-game-changers-2026-pacific-ubsf
743604,2026-09-16,Rising Esports GC,wiwiwi,0,2,https://www.vlr.gg/743604/rising-esports-gc-vs-wiwiwi-game-changers-2026-pacific-lr1
743605,2026-09-16,swaglord9000,Sasanqua,2,0,https://www.vlr.gg/743605/swaglord9000-vs-sasanqua-game-changers-2026-pacific-lr1
755368,2026-09-16,Nova Esports GC,Havoc & Yonder GC,1,2,https://www.vlr.gg/755368/nova-esports-gc-vs-havoc-yonder-gc-game-changers-2026-china-ubsf
755369,2026-09-16,Yew Reign Gaming,101 Outlaws,2,1,https://www.vlr.gg/755369/yew-reign-gaming-vs-101-outlaws-game-changers-2026-china-ubsf
724902,2026-09-17,Shopify Rebellion Gold,FlyQuest RED,3,1,https://www.vlr.gg/724902/shopify-rebellion-gold-vs-flyquest-red-game-changers-2026-north-america-stage-2-playoffs-gf
743606,2026-09-17,FULL SENSE SISU,wiwiwi,2,1,https://www.vlr.gg/743606/full-sense-sisu-vs-wiwiwi-game-changers-2026-pacific-lr2
743607,2026-09-17,Gen.G GC,swaglord9000,2,1,https://www.vlr.gg/743607/gen-g-gc-vs-swaglord9000-game-changers-2026-pacific-lr2
755374,2026-09-17,101 Outlaws,Victory No Limits Gaming GC,0,2,https://www.vlr.gg/755374/101-outlaws-vs-victory-no-limits-gaming-gc-game-changers-2026-china-lr2
755375,2026-09-17,Nova Esports GC,Quguanghao Gaming,2,0,https://www.vlr.gg/755375/nova-esports-gc-vs-quguanghao-gaming-game-changers-2026-china-lr2
743602,2026-09-18,FENNEL GC,Team Falcons Vega,2,0,https://www.vlr.gg/743602/fennel-gc-vs-team-falcons-vega-game-changers-2026-pacific-ubf
743608,2026-09-18,FULL SENSE SISU,Gen.G GC,1,2,https://www.vlr.gg/743608/full-sense-sisu-vs-gen-g-gc-game-changers-2026-pacific-lr3
755370,2026-09-18,Havoc & Yonder GC,Yew Reign Gaming,2,0,https://www.vlr.gg/755370/havoc-yonder-gc-vs-yew-reign-gaming-game-changers-2026-china-ubf
755376,2026-09-18,Victory No Limits Gaming GC,Nova Esports GC,1,2,https://www.vlr.gg/755376/victory-no-limits-gaming-gc-vs-nova-esports-gc-game-changers-2026-china-lr3
743609,2026-09-19,Team Falcons Vega,Gen.G GC,2,3,https://www.vlr.gg/743609/team-falcons-vega-vs-gen-g-gc-game-changers-2026-pacific-lbf
755377,2026-09-19,Yew Reign Gaming,Nova Esports GC,1,3,https://www.vlr.gg/755377/yew-reign-gaming-vs-nova-esports-gc-game-changers-2026-china-lbf
743603,2026-09-20,FENNEL GC,Gen.G GC,2,3,https://www.vlr.gg/743603/fennel-gc-vs-gen-g-gc-game-changers-2026-pacific-gf
755371,2026-09-20,Havoc & Yonder GC,Nova Esports GC,1,3,https://www.vlr.gg/755371/havoc-yonder-gc-vs-nova-esports-gc-game-changers-2026-china-gf
753454,2026-09-24,TYLOO,G2 Esports,0,2,https://www.vlr.gg/753454/tyloo-vs-g2-esports-valorant-champions-2026-opening-c
753455,2026-09-24,Team Liquid,Paper Rex,1,2,https://www.vlr.gg/753455/team-liquid-vs-paper-rex-valorant-champions-2026-opening-c
753459,2026-09-25,Karmine Corp,Xi Lai Gaming,2,0,https://www.vlr.gg/753459/karmine-corp-vs-xi-lai-gaming-valorant-champions-2026-opening-d
753460,2026-09-25,Nongshim RedForce,NRG,0,2,https://www.vlr.gg/753460/nongshim-redforce-vs-nrg-valorant-champions-2026-opening-d
753449,2026-09-26,Global Esports,Team Vitality,1,2,https://www.vlr.gg/753449/global-esports-vs-team-vitality-valorant-champions-2026-opening-b
753450,2026-09-26,LOUD,EDward Gaming,2,0,https://www.vlr.gg/753450/loud-vs-edward-gaming-valorant-champions-2026-opening-b
753444,2026-09-27,100 Thieves,T1,2,0,https://www.vlr.gg/753444/100-thieves-vs-t1-valorant-champions-2026-opening-a
753445,2026-09-27,JD Gaming,FUT Esports,0,2,https://www.vlr.gg/753445/jd-gaming-vs-fut-esports-valorant-champions-2026-opening-a
753456,2026-09-29,G2 Esports,Paper Rex,1,2,https://www.vlr.gg/753456/g2-esports-vs-paper-rex-valorant-champions-2026-winners-c
753461,2026-09-29,Karmine Corp,NRG,1,2,https://www.vlr.gg/753461/karmine-corp-vs-nrg-valorant-champions-2026-winners-d
753446,2026-09-30,100 Thieves,FUT Esports,2,0,https://www.vlr.gg/753446/100-thieves-vs-fut-esports-valorant-champions-2026-winners-a
753451,2026-09-30,Team Vitality,LOUD,2,0,https://www.vlr.gg/753451/team-vitality-vs-loud-valorant-champions-2026-winners-b
753457,2026-10-01,TYLOO,Team Liquid,1,2,https://www.vlr.gg/753457/tyloo-vs-team-liquid-valorant-champions-2026-elim-c
753462,2026-10-01,Xi Lai Gaming,Nongshim RedForce,0,2,https://www.vlr.gg/753462/xi-lai-gaming-vs-nongshim-redforce-valorant-champions-2026-elim-d
753447,2026-10-02,T1,JD Gaming,2,1,https://www.vlr.gg/753447/t1-vs-jd-gaming-valorant-champions-2026-elim-a
753452,2026-10-02,Global Esports,EDward Gaming,2,0,https://www.vlr.gg/753452/global-esports-vs-edward-gaming-valorant-champions-2026-elim-b
753458,2026-10-03,G2 Esports,Team Liquid,2,0,https://www.vlr.gg/753458/g2-esports-vs-team-liquid-valorant-champions-2026-decider-c
753463,2026-10-03,Karmine Corp,Nongshim RedForce,1,2,https://www.vlr.gg/753463/karmine-corp-vs-nongshim-redforce-valorant-champions-2026-decider-d
753448,2026-10-04,FUT Esports,T1,0,2,https://www.vlr.gg/753448/fut-esports-vs-t1-valorant-champions-2026-decider-a
753453,2026-10-04,LOUD,Global Esports,2,0,https://www.vlr.gg/753453/loud-vs-global-esports-valorant-champions-2026-decider-b
